app_slug,tier,scope,module_key,n,r0,r1,r2,r3,top_share,read_nothing,best_rank,ties,pass,fails
basin,advanced,final,,42,6,16,14,6,0.381,0.381,1,5,True,
basin,advanced,module,m01-the-reference-basin,15,2,6,3,4,0.4,0.4889,1,4,True,
basin,advanced,module,m02-the-forward-march,15,3,6,4,2,0.4,0.4333,1,3,True,
basin,advanced,module,m03-the-erosion-event,15,2,6,4,3,0.4,0.4222,1,1,True,
basin,advanced,module,m04-generation-and-expulsion,15,2,6,5,2,0.4,0.4,1,0,True,
basin,advanced,module,m05-what-the-model-buys,15,3,6,4,2,0.4,0.4,1,1,True,
basin,advanced,module,m06-the-charge-workflow,15,2,6,3,4,0.4,0.4222,1,2,True,
basin,beginner,final,,42,12,12,9,9,0.2857,0.2857,0,2,True,
basin,beginner,module,m01-why-basin-modelling,15,4,4,4,3,0.2667,0.2667,0,0,True,
basin,beginner,module,m02-compaction,15,4,4,4,3,0.2667,0.2667,0,0,True,
basin,beginner,module,m03-decompaction,15,4,3,4,4,0.2667,0.2667,0,0,True,
basin,beginner,module,m04-heat-in-the-subsurface,15,3,5,3,4,0.3333,0.3667,1,3,True,
basin,beginner,module,m05-burial-and-heat-together,15,3,4,4,4,0.2667,0.2667,1,0,True,
basin,beginner,module,m06-the-basin-workflow,15,4,4,4,3,0.2667,0.2667,0,0,True,
basin,intermediate,final,,42,6,15,15,6,0.3571,0.4048,1,10,True,
basin,intermediate,module,m01-from-a-snapshot-to-a-clock,15,2,6,3,4,0.4,0.4333,1,2,True,
basin,intermediate,module,m02-the-easy-ro-scheme,15,2,6,4,3,0.4,0.3667,1,3,True,
basin,intermediate,module,m03-the-heating-ramp,15,2,6,5,2,0.4,0.4111,2,6,True,
basin,intermediate,module,m04-the-kerogen-clock,15,2,6,5,2,0.4,0.3667,1,3,True,
basin,intermediate,module,m05-reading-a-maturity,15,2,6,5,2,0.4,0.4,1,2,True,
basin,intermediate,module,m06-the-kinetics-workflow,15,2,6,4,3,0.4,0.4,1,1,True,
carbon,advanced,final,,42,8,10,14,10,0.3333,0.2937,3,22,True,
carbon,advanced,module,m01-the-cost-of-a-tonne-abated,15,4,4,3,4,0.2667,0.3333,1,8,True,
carbon,advanced,module,m02-the-marginal-abatement-cost-curve,15,4,3,4,4,0.2667,0.3333,2,5,True,
carbon,advanced,module,m03-interactions-and-over-claims,15,4,4,4,3,0.2667,0.3333,2,5,True,
carbon,advanced,module,m04-targets-and-the-path,15,4,4,3,4,0.2667,0.2667,1,8,True,
carbon,advanced,module,m05-savings-into-the-ledger,15,4,3,5,3,0.3333,0.2889,1,5,True,
carbon,advanced,module,m06-the-expert-reading,15,4,5,3,3,0.3333,0.3389,1,6,True,
carbon,beginner,final,,42,10,7,13,12,0.3095,0.3115,2,30,True,
carbon,beginner,module,m01-what-an-inventory-counts,15,4,5,2,4,0.3333,0.3333,1,4,True,
carbon,beginner,module,m02-carbon-in-co2-out,15,4,4,3,4,0.2667,0.3,0,9,True,
carbon,beginner,module,m03-the-flare-as-an-inventory-line,15,2,5,5,3,0.3333,0.3111,2,12,True,
carbon,beginner,module,m04-global-warming-potentials,15,3,5,3,4,0.3333,0.3,2,9,True,
carbon,beginner,module,m05-lines-factors-and-provenance,15,4,2,5,4,0.3333,0.3,0,11,True,
carbon,beginner,module,m06-the-associate-reading,15,3,4,5,3,0.3333,0.3167,2,9,True,
carbon,intermediate,final,,42,11,11,10,10,0.2619,0.3075,1,28,True,
carbon,intermediate,module,m01-combustion-from-the-fuel-analysis,15,4,3,4,4,0.2667,0.35,0,8,True,
carbon,intermediate,module,m02-excess-air-and-stack-oxygen,15,3,4,4,4,0.2667,0.3111,1,9,True,
carbon,intermediate,module,m03-stack-loss-efficiency,15,4,4,4,3,0.2667,0.3222,1,8,True,
carbon,intermediate,module,m04-what-tuning-is-worth,15,4,3,5,3,0.3333,0.3056,3,10,True,
carbon,intermediate,module,m05-steam-condensate-and-the-pinch,15,4,3,4,4,0.2667,0.2889,0,8,True,
carbon,intermediate,module,m06-the-professional-reading,15,4,3,6,2,0.4,0.3,0,9,True,
cashflow,advanced,final,,42,12,9,10,11,0.2857,0.2857,0,3,True,
cashflow,advanced,module,m01-cost-recovery,15,3,3,5,4,0.3333,0.3,2,4,True,
cashflow,advanced,module,m02-the-pia-royalties,15,4,3,4,4,0.2667,0.3,2,1,True,
cashflow,advanced,module,m03-hydrocarbon-tax,15,4,3,4,4,0.2667,0.3,2,1,True,
cashflow,advanced,module,m04-levies-and-losses,15,4,3,4,4,0.2667,0.2667,0,0,True,
cashflow,advanced,module,m05-end-of-life,15,4,3,5,3,0.3333,0.3,2,1,True,
cashflow,advanced,module,m06-the-expert-reading,15,4,5,3,3,0.3333,0.3,0,1,True,
cashflow,beginner,final,,42,9,8,14,11,0.3333,0.3333,2,3,True,
cashflow,beginner,module,m01-what-a-cash-flow-is,15,4,4,4,3,0.2667,0.3,0,1,True,
cashflow,beginner,module,m02-from-rows-to-years,15,4,4,4,3,0.2667,0.2667,0,0,True,
cashflow,beginner,module,m03-prices,15,4,4,4,3,0.2667,0.2667,0,1,True,
cashflow,beginner,module,m04-the-joint-venture-cascade,15,4,4,4,3,0.2667,0.3,0,1,True,
cashflow,beginner,module,m05-adding-up,15,3,5,3,4,0.3333,0.3333,1,0,True,
cashflow,beginner,module,m06-the-associate-reading,15,2,4,5,4,0.3333,0.3,2,1,True,
cashflow,intermediate,final,,42,12,12,9,9,0.2857,0.2976,0,5,True,
cashflow,intermediate,module,m01-why-time-matters,15,3,4,4,4,0.2667,0.2667,1,2,True,
cashflow,intermediate,module,m02-real-and-nominal,15,4,4,3,4,0.2667,0.2667,0,2,True,
cashflow,intermediate,module,m03-net-present-value,15,3,4,5,3,0.3333,0.3333,2,2,True,
cashflow,intermediate,module,m04-the-internal-rate-of-return,15,4,3,5,3,0.3333,0.3333,2,0,True,
cashflow,intermediate,module,m05-sweeps,15,4,4,4,3,0.2667,0.2667,0,0,True,
cashflow,intermediate,module,m06-the-professional-reading,15,4,4,3,4,0.2667,0.3,1,2,True,
casingtubing,advanced,final,,42,6,6,16,14,0.381,0.381,2,4,True,
casingtubing,advanced,module,m01-tubing-is-a-different-problem,15,2,4,6,3,0.4,0.4,2,0,True,
casingtubing,advanced,module,m02-the-three-forces,15,2,5,6,2,0.4,0.4333,2,2,True,
casingtubing,advanced,module,m03-length-and-what-holds-it,15,2,3,6,4,0.4,0.4333,2,1,True,
casingtubing,advanced,module,m04-buckling,15,2,5,6,2,0.4,0.4,2,0,True,
casingtubing,advanced,module,m05-the-envelope-and-its-edges,15,2,3,6,4,0.4,0.4,2,1,True,
casingtubing,advanced,module,m06-the-expert-reading,15,2,2,6,5,0.4,0.4,2,1,True,
casingtubing,beginner,final,,42,6,7,16,13,0.381,0.381,2,4,True,
casingtubing,beginner,module,m01-what-a-casing-string-is,15,2,5,6,2,0.4,0.4333,2,2,True,
casingtubing,beginner,module,m02-burst-and-tension,15,3,4,6,2,0.4,0.4333,2,3,True,
casingtubing,beginner,module,m03-the-four-collapse-regimes,15,2,5,6,2,0.4,0.4,2,0,True,
casingtubing,beginner,module,m04-combined-loading,15,2,5,6,2,0.4,0.4,2,1,True,
casingtubing,beginner,module,m05-reading-a-rating-table,15,2,5,6,2,0.4,0.4,2,0,True,
casingtubing,beginner,module,m06-the-associate-reading,15,2,5,6,2,0.4,0.4,2,0,True,
casingtubing,intermediate,final,,42,6,7,16,13,0.381,0.381,2,3,True,
casingtubing,intermediate,module,m01-a-load-case-is-two-columns,15,2,4,6,3,0.4,0.4,2,1,True,
casingtubing,intermediate,module,m02-the-burst-cases,15,2,2,6,5,0.4,0.4,2,1,True,
casingtubing,intermediate,module,m03-the-collapse-cases,15,2,5,6,2,0.4,0.3667,1,1,True,
casingtubing,intermediate,module,m04-axial-and-triaxial,15,2,5,6,2,0.4,0.4,2,1,True,
casingtubing,intermediate,module,m05-reading-a-string-check,15,2,4,6,3,0.4,0.4,2,2,True,
casingtubing,intermediate,module,m06-the-professional-reading,15,2,3,6,4,0.4,0.4333,2,2,True,
cementing,advanced,final,,42,6,6,16,14,0.381,0.381,2,1,True,
cementing,advanced,module,m01-why-mud-removal-decides-it,15,2,3,6,4,0.4,0.4,2,1,True,
cementing,advanced,module,m02-the-centralizer,15,2,4,6,3,0.4,0.4,2,0,True,
cementing,advanced,module,m03-the-span-between-them,15,2,2,6,5,0.4,0.4,2,1,True,
cementing,advanced,module,m04-choosing-a-spacing,15,2,2,6,5,0.4,0.4,2,0,True,
cementing,advanced,module,m05-the-checklist-and-its-edges,15,2,2,6,5,0.4,0.4,2,1,True,
cementing,advanced,module,m06-the-expert-reading,15,2,4,6,3,0.4,0.4,2,3,True,
cementing,beginner,final,,42,6,6,16,14,0.381,0.381,2,1,True,
cementing,beginner,module,m01-what-a-primary-cement-job-is,15,2,5,6,2,0.4,0.4,2,1,True,
cementing,beginner,module,m02-the-geometry,15,2,4,6,3,0.4,0.4,2,0,True,
cementing,beginner,module,m03-open-hole-excess,15,2,5,6,2,0.4,0.4,2,0,True,
cementing,beginner,module,m04-the-volumes,15,2,3,6,4,0.4,0.4,2,1,True,
cementing,beginner,module,m05-sacks-time-and-the-sheet,15,3,4,6,2,0.4,0.4,2,2,True,
cementing,beginner,module,m06-the-associate-reading,15,2,2,6,5,0.4,0.4,2,0,True,
cementing,intermediate,final,,42,6,8,16,12,0.381,0.3929,2,2,True,
cementing,intermediate,module,m01-the-flow-path,15,2,2,6,5,0.4,0.4,2,0,True,
cementing,intermediate,module,m02-the-u-tube,15,2,3,6,4,0.4,0.4,2,0,True,
cementing,intermediate,module,m03-the-job-over-time,15,2,3,6,4,0.4,0.4333,2,2,True,
cementing,intermediate,module,m04-two-programmes-one-well,15,3,3,6,3,0.4,0.4,2,0,True,
cementing,intermediate,module,m05-reading-a-placement-result,15,2,2,6,5,0.4,0.4,2,2,True,
cementing,intermediate,module,m06-the-professional-reading,15,2,2,6,5,0.4,0.4,2,1,True,
completion,advanced,final,,42,6,6,16,14,0.381,0.381,2,4,True,
completion,advanced,module,m01-a-completion-is-not-static,15,2,2,6,5,0.4,0.4,2,0,True,
completion,advanced,module,m02-the-polished-bore-receptacle,15,2,2,6,5,0.4,0.4,2,0,True,
completion,advanced,module,m03-the-asymmetry,15,2,2,6,5,0.4,0.4,2,1,True,
completion,advanced,module,m04-designing-the-space-out,15,2,2,6,5,0.4,0.4,2,3,True,
completion,advanced,module,m05-the-edges,15,2,2,6,5,0.4,0.4,2,0,True,
completion,advanced,module,m06-the-expert-reading,15,2,2,6,5,0.4,0.4,2,1,True,
completion,beginner,final,,42,6,6,16,14,0.381,0.381,2,2,True,
completion,beginner,module,m01-what-a-completion-is,15,2,2,6,5,0.4,0.4,2,0,True,
completion,beginner,module,m02-api-drift,15,2,2,6,5,0.4,0.4222,2,1,True,
completion,beginner,module,m03-the-stack-up,15,2,2,6,5,0.4,0.4,2,0,True,
completion,beginner,module,m04-the-equipment,15,2,2,6,5,0.4,0.4,2,1,True,
completion,beginner,module,m05-volumes-and-what-a-tally-hides,15,2,2,6,5,0.4,0.4,2,0,True,
completion,beginner,module,m06-the-associate-reading,15,2,2,6,5,0.4,0.4333,2,3,True,
completion,intermediate,final,,42,6,6,16,14,0.381,0.4048,2,4,True,
completion,intermediate,module,m01-the-exposed-program,15,2,2,6,5,0.4,0.4,2,0,True,
completion,intermediate,module,m02-getting-it-down,15,2,2,6,5,0.4,0.4,2,1,True,
completion,intermediate,module,m03-getting-through-it-afterwards,15,2,2,6,5,0.4,0.4,2,2,True,
completion,intermediate,module,m04-the-volumes,15,2,2,6,5,0.4,0.4,2,0,True,
completion,intermediate,module,m05-reading-a-check-critically,15,2,2,6,5,0.4,0.4,2,0,True,
completion,intermediate,module,m06-the-professional-reading,15,2,2,6,5,0.4,0.4,2,1,True,
compliance,advanced,final,,42,10,10,12,10,0.2857,0.3155,2,18,True,
compliance,advanced,module,m01-a-claim-is-evidence,15,4,4,3,4,0.2667,0.2667,0,4,True,
compliance,advanced,module,m02-independence,15,4,5,2,4,0.3333,0.3,1,3,True,
compliance,advanced,module,m03-coverage-over-the-cycle,15,4,4,4,3,0.2667,0.3,1,2,True,
compliance,advanced,module,m04-findings-and-root-causes,15,4,4,4,3,0.2667,0.3,1,3,True,
compliance,advanced,module,m05-certification-readiness,15,4,4,4,3,0.2667,0.3,0,4,True,
compliance,advanced,module,m06-the-expert-reading,15,4,4,4,3,0.2667,0.2667,0,2,True,
compliance,beginner,final,,42,10,11,12,9,0.2857,0.2718,2,18,True,
compliance,beginner,module,m01-what-the-register-derives,15,3,6,4,2,0.4,0.3333,1,3,True,
compliance,beginner,module,m02-an-obligations-status,15,3,5,4,3,0.3333,0.3333,1,3,True,
compliance,beginner,module,m03-lead-time-and-the-current-period,15,4,4,3,4,0.2667,0.3056,1,3,True,
compliance,beginner,module,m04-rolling-the-schedule-forward,15,4,4,5,2,0.3333,0.3389,2,5,True,
compliance,beginner,module,m05-controlled-documents,15,4,3,5,3,0.3333,0.3222,2,7,True,
compliance,beginner,module,m06-the-associate-reading,15,3,6,3,3,0.4,0.3333,1,3,True,
compliance,intermediate,final,,42,9,11,12,10,0.2857,0.2798,2,11,True,
compliance,intermediate,module,m01-the-inspection-and-test-plan,15,4,4,4,3,0.2667,0.3111,2,4,True,
compliance,intermediate,module,m02-closing-a-plan,15,4,4,4,3,0.2667,0.2833,1,3,True,
compliance,intermediate,module,m03-the-nonconformance,15,4,4,4,3,0.2667,0.3333,2,6,True,
compliance,intermediate,module,m04-the-checklist,15,4,4,4,3,0.2667,0.3,0,2,True,
compliance,intermediate,module,m05-the-audit-and-the-programme,15,4,4,4,3,0.2667,0.2667,0,5,True,
compliance,intermediate,module,m06-the-professional-reading,15,3,5,4,3,0.3333,0.35,1,3,True,
consequence,advanced,final,,42,10,12,11,9,0.2857,0.3175,2,14,True,
consequence,advanced,module,m01-tnt-and-the-scaled-distance,15,4,4,4,3,0.2667,0.3,1,3,True,
consequence,advanced,module,m02-the-blast-field,15,4,3,4,4,0.2667,0.2667,0,3,True,
consequence,advanced,module,m03-probits,15,4,4,4,3,0.2667,0.3111,3,5,True,
consequence,advanced,module,m04-toxic-probits,15,3,4,4,4,0.2667,0.3111,2,7,True,
consequence,advanced,module,m05-what-the-engine-does-not-do,15,3,5,4,3,0.3333,0.3333,1,1,True,
consequence,advanced,module,m06-judgement-end-to-end,15,3,5,4,3,0.3333,0.2889,1,3,True,
consequence,beginner,final,,42,11,11,11,9,0.2619,0.2619,0,4,True,
consequence,beginner,module,m01-what-a-consequence-model-computes,15,3,4,4,4,0.2667,0.3,2,1,True,
consequence,beginner,module,m02-liquid-through-a-hole,15,4,5,3,3,0.3333,0.3333,1,0,True,
consequence,beginner,module,m03-gas-through-a-hole,15,4,4,4,3,0.2667,0.2667,0,1,True,
consequence,beginner,module,m04-pools-and-evaporation,15,4,4,3,4,0.2667,0.2667,0,1,True,
consequence,beginner,module,m05-the-gaussian-plume,15,4,3,4,4,0.2667,0.3,2,1,True,
consequence,beginner,module,m06-how-far-the-plume-reaches,15,4,4,4,3,0.2667,0.2667,0,2,True,
consequence,intermediate,final,,42,10,14,9,9,0.3333,0.2837,1,33,True,
consequence,intermediate,module,m01-how-fast-a-pool-burns,15,4,4,3,4,0.2667,0.3056,0,10,True,
consequence,intermediate,module,m02-the-flame-length,15,3,6,3,3,0.4,0.3833,1,8,True,
consequence,intermediate,module,m03-tilt-and-surface-emissive-power,15,4,5,3,3,0.3333,0.3111,2,10,True,
consequence,intermediate,module,m04-the-view-factor,15,4,4,5,2,0.3333,0.3167,2,8,True,
consequence,intermediate,module,m05-transmissivity-and-the-heat-flux,15,3,5,3,4,0.3333,0.3222,2,9,True,
consequence,intermediate,module,m06-a-published-pool-fire-reproduced,15,3,5,4,3,0.3333,0.3611,1,9,True,
corrosion,advanced,final,,42,10,7,14,11,0.3333,0.3214,2,6,True,
corrosion,advanced,module,m01-what-this-module-holds-back,15,2,4,5,4,0.3333,0.3667,2,1,True,
corrosion,advanced,module,m02-what-the-module-does-not-have,15,4,4,3,4,0.2667,0.3333,0,4,True,
corrosion,advanced,module,m03-the-label-and-the-band,15,3,5,3,4,0.3333,0.3333,1,2,True,
corrosion,advanced,module,m04-the-summary-that-was-missing,15,3,4,4,4,0.2667,0.2833,1,3,True,
corrosion,advanced,module,m05-inversion-against-a-limit,15,3,4,4,4,0.2667,0.2667,1,1,True,
corrosion,advanced,module,m06-what-this-engine-used-to-do,15,3,4,4,4,0.2667,0.2667,1,2,True,
corrosion,beginner,final,,42,11,12,9,10,0.2857,0.2857,1,4,True,
corrosion,beginner,module,m01-what-this-screen-answers-and-what-it-withdrew,15,4,3,5,3,0.3333,0.3333,2,1,True,
corrosion,beginner,module,m02-what-is-in-the-stream,15,4,4,3,4,0.2667,0.2667,0,0,True,
corrosion,beginner,module,m03-two-resistances-in-series,15,4,4,3,4,0.2667,0.2667,0,2,True,
corrosion,beginner,module,m04-the-protective-film,15,4,3,4,4,0.2667,0.2667,0,0,True,
corrosion,beginner,module,m05-ph-and-the-water,15,4,4,3,4,0.2667,0.2667,0,0,True,
corrosion,beginner,module,m06-one-screen-end-to-end,15,4,4,3,4,0.2667,0.2667,0,2,True,
corrosion,intermediate,final,,42,12,10,10,10,0.2857,0.2917,0,14,True,
corrosion,intermediate,module,m01-the-wetting-regime,15,3,4,4,4,0.2667,0.2667,1,3,True,
corrosion,intermediate,module,m02-efficiency-is-not-protection,15,4,4,4,3,0.2667,0.2667,0,2,True,
corrosion,intermediate,module,m03-wall-shear,15,4,4,4,3,0.2667,0.2667,0,2,True,
corrosion,intermediate,module,m04-the-shear-acts-on-the-rate,15,4,4,4,3,0.2667,0.2667,0,1,True,
corrosion,intermediate,module,m05-the-allowance,15,4,4,4,3,0.2667,0.2667,0,3,True,
corrosion,intermediate,module,m06-which-film-governs,15,4,4,4,3,0.2667,0.2667,0,2,True,
crude,advanced,final,,42,12,12,10,8,0.2857,0.2857,0,11,True,
crude,advanced,module,m01-what-a-linear-programme-is,15,4,4,4,3,0.2667,0.2667,0,2,True,
crude,advanced,module,m02-blending-rules-as-rows,15,2,5,4,4,0.3333,0.3333,2,6,True,
crude,advanced,module,m03-binding-and-giveaway,15,4,4,4,3,0.2667,0.3056,2,3,True,
crude,advanced,module,m04-shadow-prices,15,4,3,4,4,0.2667,0.2667,2,2,True,
crude,advanced,module,m05-infeasible-refused-and-skipped,15,3,4,4,4,0.2667,0.2667,1,4,True,
crude,advanced,module,m06-the-expert-reading,15,3,5,4,3,0.3333,0.2889,1,1,True,
crude,beginner,final,,42,9,10,11,12,0.2857,0.2798,3,9,True,
crude,beginner,module,m01-what-an-assay-carries,15,2,5,4,4,0.3333,0.2889,1,5,True,
crude,beginner,module,m02-blending-on-the-right-basis,15,3,5,4,3,0.3333,0.3,1,3,True,
crude,beginner,module,m03-viscosity-through-an-index,15,4,4,3,4,0.2667,0.3167,2,6,True,
crude,beginner,module,m04-the-curve-and-its-cuts,15,2,5,4,4,0.3333,0.35,1,4,True,
crude,beginner,module,m05-will-the-blend-stay-stable,15,3,4,4,4,0.2667,0.3278,2,4,True,
crude,beginner,module,m06-the-associate-reading,15,4,4,4,3,0.2667,0.3389,1,5,True,
crude,intermediate,final,,42,11,12,10,9,0.2857,0.3254,1,29,True,
crude,intermediate,module,m01-the-blends-own-curve,15,2,4,5,4,0.3333,0.3333,1,10,True,
crude,intermediate,module,m02-the-fifty-percent-point,15,4,4,3,4,0.2667,0.3556,3,7,True,
crude,intermediate,module,m03-cut-yields-of-the-blend,15,3,4,4,4,0.2667,0.3,1,6,True,
crude,intermediate,module,m04-netback,15,4,4,4,3,0.2667,0.3056,0,7,True,
crude,intermediate,module,m05-against-the-marker,15,4,3,4,4,0.2667,0.2722,2,4,True,
crude,intermediate,module,m06-the-professional-reading,15,4,4,3,4,0.2667,0.3056,1,5,True,
dca,advanced,final,,42,8,16,9,9,0.381,0.377,1,4,True,
dca,advanced,module,m01-literature-anchors,15,2,5,5,3,0.3333,0.3333,1,2,True,
dca,advanced,module,m02-the-b-lever,15,2,5,6,2,0.4,0.4,2,2,True,
dca,advanced,module,m03-confidence-and-scatter,15,2,5,5,3,0.3333,0.3667,1,3,True,
dca,advanced,module,m04-risked-reserves,15,3,3,5,4,0.3333,0.3,2,3,True,
dca,advanced,module,m05-declines-after-the-flood,15,2,5,6,2,0.4,0.4,2,1,True,
dca,advanced,module,m06-the-expert-booking,15,2,5,5,3,0.3333,0.3333,2,1,True,
dca,beginner,final,,42,12,9,10,11,0.2857,0.3016,3,16,True,
dca,beginner,module,m01-declines-and-the-field,15,3,6,4,2,0.4,0.3667,1,3,True,
dca,beginner,module,m02-the-three-models,15,4,2,6,3,0.4,0.3333,3,4,True,
dca,beginner,module,m03-cumulative-volumes,15,3,3,6,3,0.4,0.3556,2,7,True,
dca,beginner,module,m04-fitting-the-data,15,3,3,5,4,0.3333,0.3333,2,4,True,
dca,beginner,module,m05-eur-and-the-limit,15,4,5,3,3,0.3333,0.3333,1,1,True,
dca,beginner,module,m06-the-associate-booking,15,3,4,4,4,0.2667,0.2667,1,2,True,
dca,intermediate,final,,42,6,12,16,8,0.381,0.4048,2,5,True,
dca,intermediate,module,m01-the-b-problem,15,2,4,5,4,0.3333,0.3333,2,0,True,
dca,intermediate,module,m02-fit-windows,15,4,3,4,4,0.2667,0.2667,0,1,True,
dca,intermediate,module,m03-forecast-mechanics,15,3,5,4,3,0.3333,0.3333,1,0,True,
dca,intermediate,module,m04-type-curves,15,3,5,4,3,0.3333,0.3333,1,2,True,
dca,intermediate,module,m05-portfolio-rollups,15,2,5,6,2,0.4,0.4333,2,3,True,
dca,intermediate,module,m06-the-professional-booking,15,2,4,6,3,0.4,0.4,2,2,True,
decision,advanced,final,,42,10,11,10,11,0.2619,0.2619,1,5,True,
decision,advanced,module,m01-inputs-that-contradict-each-other,15,4,4,3,4,0.2667,0.3,3,3,True,
decision,advanced,module,m02-bigger-lotteries,15,4,4,3,4,0.2667,0.3,1,1,True,
decision,advanced,module,m03-the-decision-brief,15,3,4,4,4,0.2667,0.2667,1,6,True,
decision,advanced,module,m04-refusals-and-silent-defaults,15,3,4,4,4,0.2667,0.2667,1,3,True,
decision,advanced,module,m05-numbers-to-distrust,15,4,4,4,3,0.2667,0.2667,0,2,True,
decision,advanced,module,m06-the-expert-reading,15,4,4,3,4,0.2667,0.2667,0,3,True,
decision,beginner,final,,42,11,10,11,10,0.2619,0.2619,0,7,True,
decision,beginner,module,m01-what-a-decision-tree-is,15,3,5,4,3,0.3333,0.3333,1,1,True,
decision,beginner,module,m02-chance-nodes,15,4,4,4,3,0.2667,0.2667,0,0,True,
decision,beginner,module,m03-decision-nodes,15,4,4,4,3,0.2667,0.2667,0,3,True,
decision,beginner,module,m04-rolling-back-a-sequence,15,3,4,4,4,0.2667,0.3,2,1,True,
decision,beginner,module,m05-when-the-decision-changes,15,3,5,4,3,0.3333,0.3333,1,2,True,
decision,beginner,module,m06-the-associate-reading,15,4,4,3,4,0.2667,0.2667,0,4,True,
decision,intermediate,final,,42,12,9,10,11,0.2857,0.2857,0,5,True,
decision,intermediate,module,m01-perfect-information,15,4,4,4,3,0.2667,0.3,2,3,True,
decision,intermediate,module,m02-imperfect-information-by-bayes,15,3,4,4,4,0.2667,0.2667,1,2,True,
decision,intermediate,module,m03-buying-the-information,15,3,4,4,4,0.2667,0.2667,1,0,True,
decision,intermediate,module,m04-accuracy-and-value,15,3,4,4,4,0.2667,0.2667,1,0,True,
decision,intermediate,module,m05-the-voi-analyzer,15,4,3,5,3,0.3333,0.3333,2,0,True,
decision,intermediate,module,m06-the-professional-reading,15,4,4,4,3,0.2667,0.2667,0,3,True,
earthmodel,advanced,final,,42,6,16,14,6,0.381,0.4167,1,6,True,
earthmodel,advanced,module,m01-one-model-two-blocks,15,3,3,6,3,0.4,0.4,2,3,True,
earthmodel,advanced,module,m02-the-census,15,4,3,6,2,0.4,0.3667,2,2,True,
earthmodel,advanced,module,m03-control-points-cross-the-fault,15,2,5,6,2,0.4,0.4333,2,1,True,
earthmodel,advanced,module,m04-the-trend-plane,15,4,3,6,2,0.4,0.4,2,3,True,
earthmodel,advanced,module,m05-simple-kriging,15,4,3,6,2,0.4,0.4333,2,1,True,
earthmodel,advanced,module,m06-per-block-volume-and-the-workflow,15,3,4,6,2,0.4,0.4,2,3,True,
earthmodel,beginner,final,,42,14,15,6,7,0.3571,0.369,1,5,True,
earthmodel,beginner,module,m01-what-an-earth-model-is,15,4,4,4,3,0.2667,0.3,1,6,True,
earthmodel,beginner,module,m02-one-frame-many-grids,15,3,4,4,4,0.2667,0.2667,1,5,True,
earthmodel,beginner,module,m03-the-depth-down-clamp,15,3,6,4,2,0.4,0.45,1,3,True,
earthmodel,beginner,module,m04-zones-and-thickness,15,4,6,3,2,0.4,0.3667,1,5,True,
earthmodel,beginner,module,m05-bulk-rock-volume,15,6,5,2,2,0.4,0.4,0,4,True,
earthmodel,beginner,module,m06-the-earth-modeling-workflow,15,5,5,3,2,0.3333,0.3333,0,3,True,
earthmodel,intermediate,final,,42,6,16,14,6,0.381,0.3651,1,6,True,
earthmodel,intermediate,module,m01-a-well-is-not-a-vertical-line,15,2,4,6,3,0.4,0.3667,2,3,True,
earthmodel,intermediate,module,m02-minimum-curvature,15,2,5,6,2,0.4,0.4667,2,2,True,
earthmodel,intermediate,module,m03-landing-the-tops,15,2,6,5,2,0.4,0.4667,1,2,True,
earthmodel,intermediate,module,m04-the-tie-table,15,2,6,5,2,0.4,0.4333,1,3,True,
earthmodel,intermediate,module,m05-the-cost-of-assuming-vertical,15,2,6,5,2,0.4,0.4333,1,2,True,
earthmodel,intermediate,module,m06-the-well-tie-workflow,15,2,5,6,2,0.4,0.4,2,1,True,
esp,advanced,final,,42,9,12,12,9,0.2857,0.2857,1,3,True,
esp,advanced,module,m01-from-head-to-horsepower,15,4,4,4,3,0.2667,0.2667,0,4,True,
esp,advanced,module,m02-the-motor,15,4,4,4,3,0.2667,0.2667,0,1,True,
esp,advanced,module,m03-amps-and-cable,15,4,4,4,3,0.2667,0.2667,0,1,True,
esp,advanced,module,m04-at-the-surface,15,4,4,4,3,0.2667,0.2667,0,1,True,
esp,advanced,module,m05-diagnosis,15,4,4,4,3,0.2667,0.2667,0,1,True,
esp,advanced,module,m06-the-expert-reading,15,4,4,4,3,0.2667,0.2667,0,2,True,
esp,beginner,final,,42,11,11,10,10,0.2619,0.2619,0,4,True,
esp,beginner,module,m01-a-stack-of-stages,15,4,4,4,3,0.2667,0.2667,0,0,True,
esp,beginner,module,m02-fitting-a-curve,15,4,4,4,3,0.2667,0.2667,0,0,True,
esp,beginner,module,m03-the-best-efficiency-point,15,4,3,4,4,0.2667,0.2667,0,1,True,
esp,beginner,module,m04-the-duty-point,15,4,4,4,3,0.2667,0.2667,0,1,True,
esp,beginner,module,m05-outside-the-data,15,4,4,4,3,0.2667,0.2667,0,0,True,
esp,beginner,module,m06-the-associate-reading,15,4,4,4,3,0.2667,0.2667,0,2,True,
esp,intermediate,final,,42,11,11,10,10,0.2619,0.2619,0,2,True,
esp,intermediate,module,m01-the-fluid-at-the-intake,15,4,4,4,3,0.2667,0.2667,0,0,True,
esp,intermediate,module,m02-density-and-gradient,15,4,4,4,3,0.2667,0.2667,0,3,True,
esp,intermediate,module,m03-rate-at-depth,15,4,4,4,3,0.2667,0.2667,0,0,True,
esp,intermediate,module,m04-total-dynamic-head,15,4,4,4,3,0.2667,0.2667,0,2,True,
esp,intermediate,module,m05-sizing-the-stack,15,4,4,4,3,0.2667,0.2667,0,1,True,
esp,intermediate,module,m06-the-professional-reading,15,4,4,4,3,0.2667,0.2667,0,2,True,
fdp,advanced,final,,42,12,10,13,7,0.3095,0.3095,2,5,True,
fdp,advanced,module,m01-the-rate-of-return,15,3,4,5,3,0.3333,0.3333,2,0,True,
fdp,advanced,module,m02-when-there-is-no-rate,15,4,3,5,3,0.3333,0.3333,2,1,True,
fdp,advanced,module,m03-what-a-sensitivity-says,15,4,4,3,4,0.2667,0.2667,0,2,True,
fdp,advanced,module,m04-earned-value-to-a-date,15,4,4,4,3,0.2667,0.2667,0,1,True,
fdp,advanced,module,m05-what-earned-value-refuses,15,4,6,3,2,0.4,0.4,1,0,True,
fdp,advanced,module,m06-reading-a-plan-against-itself,15,4,4,4,3,0.2667,0.2667,0,1,True,
fdp,beginner,final,,42,9,13,11,9,0.3095,0.3095,1,1,True,
fdp,beginner,module,m01-what-a-plan-holds,15,4,2,5,4,0.3333,0.3,2,2,True,
fdp,beginner,module,m02-reserves-per-fluid,15,4,4,4,3,0.2667,0.3,1,3,True,
fdp,beginner,module,m03-concepts-and-their-capex,15,4,3,5,3,0.3333,0.3333,2,1,True,
fdp,beginner,module,m04-what-a-scenario-is-worth,15,4,4,4,3,0.2667,0.2667,0,1,True,
fdp,beginner,module,m05-the-plan-s-own-economics,15,4,4,3,4,0.2667,0.2667,0,1,True,
fdp,beginner,module,m06-the-associate-reading,15,4,3,5,3,0.3333,0.3333,2,1,True,
fdp,intermediate,final,,42,12,13,9,8,0.3095,0.3214,1,9,True,
fdp,intermediate,module,m01-the-schedule-as-a-network,15,3,2,6,4,0.4,0.4,2,0,True,
fdp,intermediate,module,m02-dates-that-do-not-move,15,3,4,4,4,0.2667,0.2667,1,0,True,
fdp,intermediate,module,m03-wells-and-rig-days,15,2,4,5,4,0.3333,0.3,2,1,True,
fdp,intermediate,module,m04-facilities-sized-and-priced,15,3,4,4,4,0.2667,0.2667,1,0,True,
fdp,intermediate,module,m05-one-risk-scale,15,4,4,4,3,0.2667,0.2667,0,1,True,
fdp,intermediate,module,m06-the-professional-reading,15,3,4,4,4,0.2667,0.3,3,1,True,
fiscal,advanced,final,,42,11,10,10,11,0.2619,0.2619,1,3,True,
fiscal,advanced,module,m01-six-regimes-at-once,15,4,3,5,3,0.3333,0.3333,2,3,True,
fiscal,advanced,module,m02-the-price-sweep,15,4,4,4,3,0.2667,0.2667,0,0,True,
fiscal,advanced,module,m03-the-capex-sweep,15,4,4,3,4,0.2667,0.2667,0,0,True,
fiscal,advanced,module,m04-the-insights,15,4,5,2,4,0.3333,0.3667,1,2,True,
fiscal,advanced,module,m05-numbers-to-distrust,15,4,4,4,3,0.2667,0.2667,0,1,True,
fiscal,advanced,module,m06-the-expert-reading,15,4,5,3,3,0.3333,0.3333,1,0,True,
fiscal,beginner,final,,42,12,10,10,10,0.2857,0.2857,0,6,True,
fiscal,beginner,module,m01-what-a-fiscal-regime-is,15,4,3,5,3,0.3333,0.3,2,1,True,
fiscal,beginner,module,m02-the-project-before-the-regime,15,4,4,3,4,0.2667,0.2667,0,1,True,
fiscal,beginner,module,m03-revenue-and-royalty,15,4,3,4,4,0.2667,0.2667,0,1,True,
fiscal,beginner,module,m04-the-concession-ledger,15,4,4,4,3,0.2667,0.2667,0,0,True,
fiscal,beginner,module,m05-reading-the-ledger,15,4,5,4,2,0.3333,0.3,1,3,True,
fiscal,beginner,module,m06-the-associate-reading,15,4,4,4,3,0.2667,0.2667,0,0,True,
fiscal,intermediate,final,,42,11,10,9,12,0.2857,0.2857,3,5,True,
fiscal,intermediate,module,m01-the-sliding-scale,15,3,5,3,4,0.3333,0.3333,1,0,True,
fiscal,intermediate,module,m02-cost-recovery,15,4,4,3,4,0.2667,0.2667,0,1,True,
fiscal,intermediate,module,m03-the-r-factor,15,4,3,4,4,0.2667,0.2667,0,1,True,
fiscal,intermediate,module,m04-the-tax-stack,15,4,5,4,2,0.3333,0.3333,1,0,True,
fiscal,intermediate,module,m05-rate-and-return,15,3,3,6,3,0.4,0.4,2,2,True,
fiscal,intermediate,module,m06-the-professional-reading,15,4,4,4,3,0.2667,0.2667,0,3,True,
flowassurance,advanced,final,,42,12,10,10,10,0.2857,0.3095,0,4,True,
flowassurance,advanced,module,m01-joule-thomson,15,3,3,5,4,0.3333,0.3333,2,0,True,
flowassurance,advanced,module,m02-a-refusal-that-is-not,15,4,5,4,2,0.3333,0.3333,1,3,True,
flowassurance,advanced,module,m03-the-inhibitor,15,4,4,3,4,0.2667,0.2889,3,3,True,
flowassurance,advanced,module,m04-sized-one-way-checked-another,15,3,5,4,3,0.3333,0.3,1,3,True,
flowassurance,advanced,module,m05-ceilings-and-conventions,15,4,5,4,2,0.3333,0.3333,1,0,True,
flowassurance,advanced,module,m06-the-expert-reading,15,4,4,4,3,0.2667,0.2667,0,1,True,
flowassurance,beginner,final,,42,6,8,16,12,0.381,0.381,2,2,True,
flowassurance,beginner,module,m01-a-line-that-cools,15,2,3,6,4,0.4,0.4,2,0,True,
flowassurance,beginner,module,m02-resistances-in-series,15,3,5,4,3,0.3333,0.3333,1,0,True,
flowassurance,beginner,module,m03-insulation,15,4,5,3,3,0.3333,0.3,1,2,True,
flowassurance,beginner,module,m04-burial,15,3,3,5,4,0.3333,0.3333,2,1,True,
flowassurance,beginner,module,m05-what-the-line-weighs,15,3,3,5,4,0.3333,0.3333,2,0,True,
flowassurance,beginner,module,m06-the-associate-reading,15,3,4,4,4,0.2667,0.2667,2,1,True,
flowassurance,intermediate,final,,42,11,11,9,11,0.2619,0.2619,0,2,True,
flowassurance,intermediate,module,m01-steady-state,15,4,2,5,4,0.3333,0.3333,2,0,True,
flowassurance,intermediate,module,m02-designing-to-a-target,15,3,3,6,3,0.4,0.4,2,0,True,
flowassurance,intermediate,module,m03-cooldown,15,4,2,6,3,0.4,0.4,2,0,True,
flowassurance,intermediate,module,m04-the-margin,15,4,2,6,3,0.4,0.4,2,1,True,
flowassurance,intermediate,module,m05-the-whole-line,15,4,4,4,3,0.2667,0.2667,0,0,True,
flowassurance,intermediate,module,m06-the-professional-reading,15,4,2,5,4,0.3333,0.3333,2,0,True,
fluid,advanced,final,,42,12,16,8,6,0.381,0.381,1,3,True,
fluid,advanced,module,m01-the-equation-of-state,15,4,6,3,2,0.4,0.3667,1,3,True,
fluid,advanced,module,m02-flash-and-envelope,15,4,4,3,4,0.2667,0.2667,0,3,True,
fluid,advanced,module,m03-tuning,15,4,6,2,3,0.4,0.4,1,2,True,
fluid,advanced,module,m04-what-tuning-costs,15,4,6,3,2,0.4,0.3667,1,2,True,
fluid,advanced,module,m05-the-tiers-this-course-will-not-grade,15,4,6,2,3,0.4,0.4,1,1,True,
fluid,advanced,module,m06-the-expert-reading,15,4,5,2,4,0.3333,0.3333,1,4,True,
fluid,beginner,final,,42,12,9,13,8,0.3095,0.2976,0,6,True,
fluid,beginner,module,m01-where-a-number-comes-from,15,4,5,2,4,0.3333,0.3333,1,1,True,
fluid,beginner,module,m02-the-bubble-point,15,4,5,2,4,0.3333,0.3333,1,1,True,
fluid,beginner,module,m03-solution-gas-and-volume,15,4,3,4,4,0.2667,0.2667,0,2,True,
fluid,beginner,module,m04-viscosity,15,4,5,2,4,0.3333,0.3333,1,2,True,
fluid,beginner,module,m05-gas-and-water,15,4,3,4,4,0.2667,0.2667,0,5,True,
fluid,beginner,module,m06-the-associate-reading,15,3,3,5,4,0.3333,0.3333,2,2,True,
fluid,intermediate,final,,42,12,12,6,12,0.2857,0.2976,0,4,True,
fluid,intermediate,module,m01-what-a-laboratory-measures,15,4,5,2,4,0.3333,0.3333,1,3,True,
fluid,intermediate,module,m02-the-good-oil-report,15,4,6,2,3,0.4,0.3667,1,1,True,
fluid,intermediate,module,m03-characterizing-the-plus-fraction,15,4,6,2,3,0.4,0.3667,1,3,True,
fluid,intermediate,module,m04-the-untuned-model,15,4,5,2,4,0.3333,0.3333,1,2,True,
fluid,intermediate,module,m05-correlations-against-a-study,15,4,6,3,2,0.4,0.4333,1,2,True,
fluid,intermediate,module,m06-the-professional-reading,15,4,5,2,4,0.3333,0.3333,1,0,True,
gaslift,advanced,final,,42,11,12,9,10,0.2857,0.2857,1,0,True,
gaslift,advanced,module,m01-unloading-is-a-sequence,15,4,5,3,3,0.3333,0.3333,1,0,True,
gaslift,advanced,module,m02-multipointing,15,4,5,3,3,0.3333,0.3667,1,1,True,
gaslift,advanced,module,m03-the-deepest-injection-point,15,4,4,4,3,0.2667,0.2667,0,1,True,
gaslift,advanced,module,m04-a-chord-cannot-see-itself,15,4,4,4,3,0.2667,0.2667,0,1,True,
gaslift,advanced,module,m05-sweeping-a-design,15,4,4,3,4,0.2667,0.2667,0,0,True,
gaslift,advanced,module,m06-the-expert-reading,15,4,4,4,3,0.2667,0.2667,0,2,True,
gaslift,beginner,final,,42,9,11,13,9,0.3095,0.3095,2,7,True,
gaslift,beginner,module,m01-a-well-full-of-kill-fluid,15,4,4,4,3,0.2667,0.2667,0,1,True,
gaslift,beginner,module,m02-the-injection-line,15,4,4,4,3,0.2667,0.2667,0,0,True,
gaslift,beginner,module,m03-three-lines-on-one-plot,15,4,4,4,3,0.2667,0.2667,0,0,True,
gaslift,beginner,module,m04-the-top-valve,15,4,4,4,3,0.2667,0.2667,0,0,True,
gaslift,beginner,module,m05-a-column-that-converges,15,4,4,4,3,0.2667,0.2667,0,3,True,
gaslift,beginner,module,m06-the-associate-reading,15,4,4,4,3,0.2667,0.2667,0,3,True,
gaslift,intermediate,final,,42,10,12,10,10,0.2857,0.2976,1,2,True,
gaslift,intermediate,module,m01-spacing-is-a-recursion,15,4,5,3,3,0.3333,0.3,1,1,True,
gaslift,intermediate,module,m02-the-valve-itself,15,4,4,4,3,0.2667,0.3,0,2,True,
gaslift,intermediate,module,m03-setting-a-string,15,4,4,4,3,0.2667,0.2667,0,1,True,
gaslift,intermediate,module,m04-spread,15,4,4,4,3,0.2667,0.2667,0,1,True,
gaslift,intermediate,module,m05-throughput,15,4,4,4,3,0.2667,0.2667,0,1,True,
gaslift,intermediate,module,m06-the-professional-reading,15,4,4,4,3,0.2667,0.2667,0,0,True,
gasprocessing,advanced,final,,42,9,11,11,11,0.2619,0.2917,3,9,True,
gasprocessing,advanced,module,m01-dew-point-control-by-expansion,15,4,4,4,3,0.2667,0.2667,0,1,True,
gasprocessing,advanced,module,m02-marching-a-pressure-drop,15,3,5,4,3,0.3333,0.3,1,2,True,
gasprocessing,advanced,module,m03-the-cold-separator,15,4,4,4,3,0.2667,0.2667,0,0,True,
gasprocessing,advanced,module,m04-the-still-overhead-nobody-sells,15,4,4,4,3,0.2667,0.2667,0,4,True,
gasprocessing,advanced,module,m05-computed-chosen-and-kept,15,3,5,4,3,0.3333,0.3333,2,2,True,
gasprocessing,advanced,module,m06-the-expert-reading,15,4,4,4,3,0.2667,0.2667,0,2,True,
gasprocessing,beginner,final,,42,12,14,8,8,0.3333,0.3214,1,5,True,
gasprocessing,beginner,module,m01-what-this-engine-conditions,15,4,4,4,3,0.2667,0.3,2,3,True,
gasprocessing,beginner,module,m02-how-much-water-a-gas-carries,15,3,4,4,4,0.2667,0.2667,2,3,True,
gasprocessing,beginner,module,m03-the-water-a-unit-takes-out,15,4,4,5,2,0.3333,0.3333,2,0,True,
gasprocessing,beginner,module,m04-what-the-reboiler-pays-for,15,4,4,4,3,0.2667,0.3,0,2,True,
gasprocessing,beginner,module,m05-a-dehydration-answer-end-to-end,15,4,4,5,2,0.3333,0.3333,2,3,True,
gasprocessing,beginner,module,m06-the-associate-reading,15,4,4,4,3,0.2667,0.3,2,3,True,
gasprocessing,intermediate,final,,42,11,11,11,9,0.2619,0.2917,0,14,True,
gasprocessing,intermediate,module,m01-a-contactor-is-a-staged-device,15,4,4,3,4,0.2667,0.2667,0,2,True,
gasprocessing,intermediate,module,m02-what-the-absorption-factor-can-buy,15,4,4,4,3,0.2667,0.2667,0,2,True,
gasprocessing,intermediate,module,m03-acid-gas-is-removed-by-moles,15,4,5,4,2,0.3333,0.3333,2,5,True,
gasprocessing,intermediate,module,m04-three-amines-and-what-separates-them,15,4,4,4,3,0.2667,0.3,0,3,True,
gasprocessing,intermediate,module,m05-the-vessel-the-gas-goes-up,15,4,4,4,3,0.2667,0.2833,0,3,True,
gasprocessing,intermediate,module,m06-the-professional-reading,15,4,3,4,4,0.2667,0.2833,0,4,True,
gasvalue,advanced,final,,42,11,11,10,10,0.2619,0.2798,0,22,True,
gasvalue,advanced,module,m01-the-lpg-blend-and-the-vessel,15,4,4,5,2,0.3333,0.2944,0,8,True,
gasvalue,advanced,module,m02-vaporizer-carousel-and-float,15,4,3,5,3,0.3333,0.3056,2,5,True,
gasvalue,advanced,module,m03-gas-in-a-bank,15,3,4,5,3,0.3333,0.3222,1,9,True,
gasvalue,advanced,module,m04-the-cascade,15,4,4,4,3,0.2667,0.3667,2,8,True,
gasvalue,advanced,module,m05-the-customers-switch,15,4,3,4,4,0.2667,0.3278,2,10,True,
gasvalue,advanced,module,m06-the-expert-reading,15,4,4,4,3,0.2667,0.3056,1,7,True,
gasvalue,beginner,final,,42,11,14,8,9,0.3333,0.2937,1,26,True,
gasvalue,beginner,module,m01-what-is-being-flared,15,3,5,3,4,0.3333,0.3389,3,6,True,
gasvalue,beginner,module,m02-the-gas-by-the-mole,15,2,5,4,4,0.3333,0.3222,1,9,True,
gasvalue,beginner,module,m03-the-liquids-in-the-gas,15,2,4,5,4,0.3333,0.3389,3,8,True,
gasvalue,beginner,module,m04-the-flare-by-the-rule,15,4,3,4,4,0.2667,0.3,3,10,True,
gasvalue,beginner,module,m05-co2e-and-its-limits,15,3,4,5,3,0.3333,0.3333,1,3,True,
gasvalue,beginner,module,m06-the-associate-reading,15,4,5,4,2,0.3333,0.2833,0,9,True,
gasvalue,intermediate,final,,42,11,10,11,10,0.2619,0.2579,2,24,True,
gasvalue,intermediate,module,m01-four-routes-and-their-envelopes,15,4,4,4,3,0.2667,0.3111,1,5,True,
gasvalue,intermediate,module,m02-what-the-gas-can-yield,15,4,4,4,3,0.2667,0.2944,3,11,True,
gasvalue,intermediate,module,m03-a-routes-year,15,4,4,4,3,0.2667,0.2889,0,6,True,
gasvalue,intermediate,module,m04-the-counterfactual,15,4,4,4,3,0.2667,0.3278,2,9,True,
gasvalue,intermediate,module,m05-credits-and-the-bid,15,4,4,4,3,0.2667,0.3222,2,5,True,
gasvalue,intermediate,module,m06-the-professional-reading,15,3,5,4,3,0.3333,0.3222,2,6,True,
gaswell,advanced,final,,42,9,10,12,11,0.2857,0.2857,2,4,True,
gaswell,advanced,module,m01-chosen-once-used-everywhere,15,4,4,4,3,0.2667,0.2667,0,0,True,
gaswell,advanced,module,m02-the-candidate-that-was-discarded,15,4,4,4,3,0.2667,0.2667,0,1,True,
gaswell,advanced,module,m03-the-gradient-constant,15,4,4,4,3,0.2667,0.2667,0,1,True,
gaswell,advanced,module,m04-a-requirement-that-falls,15,4,4,4,3,0.2667,0.2667,0,0,True,
gaswell,advanced,module,m05-what-nobody-checks,15,4,4,4,3,0.2667,0.2667,0,1,True,
gaswell,advanced,module,m06-the-expert-reading,15,4,4,4,3,0.2667,0.2667,0,0,True,
gaswell,beginner,final,,42,6,8,16,12,0.381,0.381,2,2,True,
gaswell,beginner,module,m01-a-well-that-drowns,15,4,4,4,3,0.2667,0.2667,0,0,True,
gaswell,beginner,module,m02-gas-at-a-station,15,4,4,4,3,0.2667,0.2667,0,3,True,
gaswell,beginner,module,m03-the-droplet-balance,15,4,4,4,3,0.2667,0.2667,0,1,True,
gaswell,beginner,module,m04-critical-velocity-and-rate,15,4,4,4,3,0.2667,0.2667,0,1,True,
gaswell,beginner,module,m05-two-correlations,15,4,4,4,3,0.2667,0.2667,0,1,True,
gaswell,beginner,module,m06-the-associate-reading,15,4,4,4,3,0.2667,0.2667,0,1,True,
gaswell,intermediate,final,,42,6,8,16,12,0.381,0.381,2,0,True,
gaswell,intermediate,module,m01-a-well-is-not-a-station,15,4,4,4,3,0.2667,0.2667,0,0,True,
gaswell,intermediate,module,m02-reading-a-loaded-well,15,4,4,3,4,0.2667,0.2667,0,3,True,
gaswell,intermediate,module,m03-sizing-the-tubing,15,4,4,4,3,0.2667,0.2667,0,0,True,
gaswell,intermediate,module,m04-the-plunger,15,4,3,4,4,0.2667,0.2667,0,0,True,
gaswell,intermediate,module,m05-choosing-a-remedy,15,3,3,5,4,0.3333,0.3,2,3,True,
gaswell,intermediate,module,m06-the-professional-reading,15,3,2,6,4,0.4,0.4,2,2,True,
geomech,advanced,final,,42,6,11,16,9,0.381,0.4048,2,2,True,
geomech,advanced,module,m01-the-window-along-a-well,15,2,5,6,2,0.4,0.4,2,1,True,
geomech,advanced,module,m02-which-bound-binds,15,2,5,6,2,0.4,0.4,2,0,True,
geomech,advanced,module,m03-sensitivity,15,2,3,6,4,0.4,0.4,2,0,True,
geomech,advanced,module,m04-using-it-in-a-well-plan,15,2,4,6,3,0.4,0.4,2,1,True,
geomech,advanced,module,m05-the-edges-of-the-model,15,2,2,6,5,0.4,0.4,2,3,True,
geomech,advanced,module,m06-the-expert-reading,15,2,5,6,2,0.4,0.4333,2,2,True,
geomech,beginner,final,,42,6,6,16,14,0.381,0.3929,2,4,True,
geomech,beginner,module,m01-what-a-mechanical-earth-model-is,15,2,3,6,4,0.4,0.4222,2,2,True,
geomech,beginner,module,m02-the-overburden-and-the-pore-pressure,15,2,2,6,5,0.4,0.4333,2,4,True,
geomech,beginner,module,m03-the-horizontal-stresses,15,2,2,6,5,0.4,0.4,2,3,True,
geomech,beginner,module,m04-strength-from-a-log,15,2,2,6,5,0.4,0.4,2,0,True,
geomech,beginner,module,m05-reading-the-model-critically,15,2,2,6,5,0.4,0.4333,2,3,True,
geomech,beginner,module,m06-the-associate-reading,15,2,2,6,5,0.4,0.4,2,1,True,
geomech,intermediate,final,,42,6,6,16,14,0.381,0.4048,2,5,True,
geomech,intermediate,module,m01-the-hole-in-the-rock,15,2,2,6,5,0.4,0.4,2,1,True,
geomech,intermediate,module,m02-the-two-criteria,15,2,3,6,4,0.4,0.4,2,0,True,
geomech,intermediate,module,m03-what-the-hole-attitude-costs,15,2,5,6,2,0.4,0.4,2,1,True,
geomech,intermediate,module,m04-against-the-oracle,15,2,3,6,4,0.4,0.4,2,0,True,
geomech,intermediate,module,m05-reading-a-stability-answer,15,2,4,6,3,0.4,0.4,2,0,True,
geomech,intermediate,module,m06-the-professional-reading,15,2,3,6,4,0.4,0.4,2,0,True,
heattransfer,advanced,final,,42,12,8,11,11,0.2857,0.2996,0,14,True,
heattransfer,advanced,module,m01-rating-and-the-other-question,15,4,4,3,4,0.2667,0.2833,0,2,True,
heattransfer,advanced,module,m02-limits-that-discriminate,15,4,4,3,4,0.2667,0.3333,3,3,True,
heattransfer,advanced,module,m03-the-air-cooler,15,4,3,4,4,0.2667,0.3,0,3,True,
heattransfer,advanced,module,m04-the-hot-day,15,4,3,4,4,0.2667,0.3222,3,5,True,
heattransfer,advanced,module,m05-what-the-method-does-not-know,15,4,4,3,4,0.2667,0.3,0,4,True,
heattransfer,advanced,module,m06-the-expert-reading,15,4,4,3,4,0.2667,0.3333,3,5,True,
heattransfer,beginner,final,,42,11,13,7,11,0.3095,0.2877,0,12,True,
heattransfer,beginner,module,m01-what-this-engine-rates,15,3,4,5,3,0.3333,0.3,2,1,True,
heattransfer,beginner,module,m02-the-stream-and-its-capacity-rate,15,3,4,5,3,0.3333,0.3556,2,3,True,
heattransfer,beginner,module,m03-the-refusals-that-protect-a-balance,15,4,5,4,2,0.3333,0.3333,1,0,True,
heattransfer,beginner,module,m04-the-log-mean-driving-force,15,4,4,4,3,0.2667,0.2667,0,3,True,
heattransfer,beginner,module,m05-the-surface-and-the-tubes,15,4,4,4,3,0.2667,0.3,0,3,True,
heattransfer,beginner,module,m06-the-associate-reading,15,4,5,3,3,0.3333,0.2889,1,2,True,
heattransfer,intermediate,final,,42,11,7,13,11,0.3095,0.2798,0,15,True,
heattransfer,intermediate,module,m01-p-r-and-the-correction-factor,15,4,3,4,4,0.2667,0.3,0,3,True,
heattransfer,intermediate,module,m02-shells-in-series,15,2,6,5,2,0.4,0.3556,2,7,True,
heattransfer,intermediate,module,m03-the-coefficient-from-its-parts,15,4,2,5,4,0.3333,0.3,3,5,True,
heattransfer,intermediate,module,m04-the-wall-and-a-limit-that-fixes-a-factor,15,4,4,4,3,0.2667,0.3222,0,6,True,
heattransfer,intermediate,module,m05-the-tube-side-film,15,2,4,5,4,0.3333,0.3,2,7,True,
heattransfer,intermediate,module,m06-the-professional-reading,15,2,4,5,4,0.3333,0.3,2,6,True,
hydraulics,advanced,final,,42,6,7,16,13,0.381,0.381,2,3,True,
hydraulics,advanced,module,m01-moving-the-string,15,2,3,6,4,0.4,0.4333,2,1,True,
hydraulics,advanced,module,m02-the-pressure-window,15,2,2,6,5,0.4,0.4333,2,2,True,
hydraulics,advanced,module,m03-what-goes-wrong,15,2,2,6,5,0.4,0.4,2,1,True,
hydraulics,advanced,module,m04-managing-the-window,15,2,3,6,4,0.4,0.4,2,1,True,
hydraulics,advanced,module,m05-the-edges-of-the-model,15,2,2,6,5,0.4,0.4,2,1,True,
hydraulics,advanced,module,m06-the-expert-reading,15,2,4,6,3,0.4,0.4,2,1,True,
hydraulics,beginner,final,,42,6,6,16,14,0.381,0.381,2,0,True,
hydraulics,beginner,module,m01-what-hydraulics-is-for,15,2,2,6,5,0.4,0.4333,2,1,True,
hydraulics,beginner,module,m02-mud-rheology,15,2,3,6,4,0.4,0.4,2,0,True,
hydraulics,beginner,module,m03-pressure-loss,15,2,2,6,5,0.4,0.5,2,3,True,
hydraulics,beginner,module,m04-the-bit,15,2,2,6,5,0.4,0.4,2,0,True,
hydraulics,beginner,module,m05-pump-pressure,15,2,2,6,5,0.4,0.4,2,0,True,
hydraulics,beginner,module,m06-the-associate-reading,15,2,3,6,4,0.4,0.4,2,1,True,
hydraulics,intermediate,final,,42,6,6,16,14,0.381,0.381,2,2,True,
hydraulics,intermediate,module,m01-equivalent-circulating-density,15,2,4,6,3,0.4,0.4,2,1,True,
hydraulics,intermediate,module,m02-carrying-the-cuttings,15,2,2,6,5,0.4,0.4,2,0,True,
hydraulics,intermediate,module,m03-cleaning-at-angle,15,2,2,6,5,0.4,0.4,2,0,True,
hydraulics,intermediate,module,m04-the-flow-rate-decision,15,2,2,6,5,0.4,0.4,2,0,True,
hydraulics,intermediate,module,m05-against-the-oracle,15,3,4,6,2,0.4,0.4333,2,2,True,
hydraulics,intermediate,module,m06-the-professional-reading,15,2,2,6,5,0.4,0.4333,2,1,True,
hygiene,advanced,final,,42,10,9,12,11,0.2857,0.2798,2,11,True,
hygiene,advanced,module,m01-wbgt,15,4,6,3,2,0.4,0.3333,1,3,True,
hygiene,advanced,module,m02-metabolic-rate-and-the-niosh-limits,15,3,5,3,4,0.3333,0.3222,1,5,True,
hygiene,advanced,module,m03-how-strong-is-each-equation,15,3,5,5,2,0.3333,0.3333,1,3,True,
hygiene,advanced,module,m04-errata-in-the-standards,15,4,4,3,4,0.2667,0.2667,0,7,True,
hygiene,advanced,module,m05-the-shift-that-is-not-eight-hours,15,4,2,6,3,0.4,0.3667,2,3,True,
hygiene,advanced,module,m06-from-exposures-to-a-sampling-decision,15,4,3,5,3,0.3333,0.2889,2,2,True,
hygiene,beginner,final,,42,11,11,11,9,0.2619,0.2857,0,23,True,
hygiene,beginner,module,m01-what-a-dosimeter-day-is,15,2,6,5,2,0.4,0.3667,1,4,True,
hygiene,beginner,module,m02-from-noise-dose-to-twa,15,4,5,3,3,0.3333,0.3111,1,6,True,
hygiene,beginner,module,m03-three-criteria-one-record,15,3,4,4,4,0.2667,0.3056,1,4,True,
hygiene,beginner,module,m04-reading-a-dosimeter-record,15,3,5,3,4,0.3333,0.35,1,5,True,
hygiene,beginner,module,m05-inverse-questions,15,4,5,3,3,0.3333,0.3,0,4,True,
hygiene,beginner,module,m06-the-associate-capstone,15,3,5,4,3,0.3333,0.3667,1,5,True,
hygiene,intermediate,final,,42,10,11,9,12,0.2857,0.2976,3,19,True,
hygiene,intermediate,module,m01-lex-eight-hour,15,4,3,4,4,0.2667,0.3833,1,9,True,
hygiene,intermediate,module,m02-the-week,15,2,5,5,3,0.3333,0.3833,2,5,True,
hygiene,intermediate,module,m03-hearing-protector-estimates,15,3,4,4,4,0.2667,0.3167,1,3,True,
hygiene,intermediate,module,m04-chemical-averages,15,2,4,6,3,0.4,0.3889,2,4,True,
hygiene,intermediate,module,m05-mixtures,15,3,5,3,4,0.3333,0.3389,3,7,True,
hygiene,intermediate,module,m06-the-professional-capstone,15,3,4,4,4,0.2667,0.2833,1,2,True,
integrity,advanced,final,,42,6,16,14,6,0.381,0.381,1,1,True,
integrity,advanced,module,m01-the-balanced-plug,15,2,6,5,2,0.4,0.4667,1,2,True,
integrity,advanced,module,m02-excess-and-where-the-plug-ends-up,15,2,6,5,2,0.4,0.4333,1,1,True,
integrity,advanced,module,m03-the-rules,15,2,6,5,2,0.4,0.4,1,1,True,
integrity,advanced,module,m04-annular-cement,15,2,6,5,2,0.4,0.4,1,1,True,
integrity,advanced,module,m05-the-programme,15,4,6,3,2,0.4,0.4,1,0,True,
integrity,advanced,module,m06-the-expert-reading,15,3,6,4,2,0.4,0.4,1,1,True,
integrity,beginner,final,,42,6,14,16,6,0.381,0.369,2,2,True,
integrity,beginner,module,m01-what-this-course-decides,15,2,6,5,2,0.4,0.4,1,0,True,
integrity,beginner,module,m02-elements-and-envelopes,15,2,6,5,2,0.4,0.4,1,1,True,
integrity,beginner,module,m03-status-and-what-it-means,15,2,6,5,2,0.4,0.4,1,0,True,
integrity,beginner,module,m04-the-envelope-verdict,15,2,6,5,2,0.4,0.4,1,0,True,
integrity,beginner,module,m05-the-well-category,15,2,5,6,2,0.4,0.4,2,1,True,
integrity,beginner,module,m06-the-associate-reading,15,2,5,6,2,0.4,0.4,2,0,True,
integrity,intermediate,final,,42,7,13,16,6,0.381,0.381,2,0,True,
integrity,intermediate,module,m01-why-annulus-pressure-matters,15,2,6,5,2,0.4,0.4,1,0,True,
integrity,intermediate,module,m02-maasp,15,2,6,5,2,0.4,0.4,1,1,True,
integrity,intermediate,module,m03-mawop-and-the-rp90-factors,15,2,6,5,2,0.4,0.4,1,0,True,
integrity,intermediate,module,m04-the-differential,15,2,6,5,2,0.4,0.4,1,0,True,
integrity,intermediate,module,m05-when-it-cannot-be-pressured,15,4,6,3,2,0.4,0.3667,1,3,True,
integrity,intermediate,module,m06-the-professional-reading,15,2,6,5,2,0.4,0.4333,1,1,True,
intervention,advanced,final,,42,10,11,11,10,0.2619,0.2619,1,4,True,
intervention,advanced,module,m01-the-evidence-that-argues-the-other-way,15,4,4,4,3,0.2667,0.2667,0,1,True,
intervention,advanced,module,m02-the-dial-that-decides-the-spend,15,4,4,4,3,0.2667,0.2667,0,2,True,
intervention,advanced,module,m03-a-missing-column-read-as-zero,15,4,4,4,3,0.2667,0.2667,0,2,True,
intervention,advanced,module,m04-guards-in-the-wrong-place,15,4,5,2,4,0.3333,0.3333,1,0,True,
intervention,advanced,module,m05-what-the-screening-cannot-know,15,4,5,3,3,0.3333,0.3333,1,0,True,
intervention,advanced,module,m06-the-expert-reading,15,4,5,3,3,0.3333,0.3333,1,2,True,
intervention,beginner,final,,42,10,8,13,11,0.3095,0.2976,2,3,True,
intervention,beginner,module,m01-a-well-that-makes-water,15,4,3,5,3,0.3333,0.3333,2,0,True,
intervention,beginner,module,m02-the-straight-line,15,3,3,5,4,0.3333,0.3333,2,0,True,
intervention,beginner,module,m03-reading-the-fit,15,2,4,5,4,0.3333,0.3333,2,0,True,
intervention,beginner,module,m04-the-geometry-group,15,3,4,5,3,0.3333,0.3,2,3,True,
intervention,beginner,module,m05-four-pictures,15,4,2,5,4,0.3333,0.3333,2,0,True,
intervention,beginner,module,m06-the-associate-reading,15,3,4,4,4,0.2667,0.2667,1,0,True,
intervention,intermediate,final,,42,12,12,8,10,0.2857,0.2976,1,2,True,
intervention,intermediate,module,m01-the-late-window,15,4,4,4,3,0.2667,0.2667,0,1,True,
intervention,intermediate,module,m02-the-diagnosis,15,3,6,3,3,0.4,0.4,1,2,True,
intervention,intermediate,module,m03-what-removing-skin-is-worth,15,4,4,3,4,0.2667,0.2667,0,3,True,
intervention,intermediate,module,m04-the-water-gate,15,4,4,4,3,0.2667,0.2667,0,1,True,
intervention,intermediate,module,m05-the-gas-side,15,4,4,4,3,0.2667,0.3,2,3,True,
intervention,intermediate,module,m06-the-professional-reading,15,4,5,4,2,0.3333,0.3,0,2,True,
linesizing,advanced,final,,42,10,8,13,11,0.3095,0.2976,2,6,True,
linesizing,advanced,module,m01-the-wall-a-code-demands,15,4,5,4,2,0.3333,0.3333,1,0,True,
linesizing,advanced,module,m02-the-pig-and-what-it-pushes,15,3,4,5,3,0.3333,0.3333,2,1,True,
linesizing,advanced,module,m03-where-the-correlations-stop,15,2,4,5,4,0.3333,0.3333,2,2,True,
linesizing,advanced,module,m04-what-a-refusal-is,15,3,5,3,4,0.3333,0.3,1,2,True,
linesizing,advanced,module,m05-what-the-method-does-not-know,15,4,5,2,4,0.3333,0.3,0,2,True,
linesizing,advanced,module,m06-the-expert-reading,15,3,3,5,4,0.3333,0.3333,2,3,True,
linesizing,beginner,final,,42,8,10,12,12,0.2857,0.2976,2,1,True,
linesizing,beginner,module,m01-what-a-line-sizing-engine-does,15,4,5,3,3,0.3333,0.3,0,1,True,
linesizing,beginner,module,m02-velocity-reynolds-and-friction,15,2,4,5,4,0.3333,0.3333,2,0,True,
linesizing,beginner,module,m03-three-losses-kept-apart,15,2,4,5,4,0.3333,0.3333,2,0,True,
linesizing,beginner,module,m04-the-erosional-limit,15,2,4,5,4,0.3333,0.3333,2,2,True,
linesizing,beginner,module,m05-choosing-a-bore,15,2,4,5,4,0.3333,0.3333,2,2,True,
linesizing,beginner,module,m06-the-associate-reading,15,2,4,5,4,0.3333,0.3333,2,1,True,
linesizing,intermediate,final,,42,11,8,13,10,0.3095,0.2976,2,3,True,
linesizing,intermediate,module,m01-a-gas-line-is-not-a-liquid-line,15,3,3,5,4,0.3333,0.3333,2,0,True,
linesizing,intermediate,module,m02-the-four-transmission-forms,15,4,5,2,4,0.3333,0.3333,1,2,True,
linesizing,intermediate,module,m03-the-elevation-adjustment,15,2,5,4,4,0.3333,0.3333,1,1,True,
linesizing,intermediate,module,m04-the-outlet-pressure,15,4,3,5,3,0.3333,0.3333,2,0,True,
linesizing,intermediate,module,m05-marching-a-profile,15,3,3,6,3,0.4,0.3667,2,2,True,
linesizing,intermediate,module,m06-the-professional-reading,15,4,3,4,4,0.2667,0.2667,0,0,True,
lopa,advanced,final,,42,10,11,11,10,0.2619,0.2738,1,7,True,
lopa,advanced,module,m01-the-proof-test-interval,15,4,3,4,4,0.2667,0.2667,0,2,True,
lopa,advanced,module,m02-imperfect-proof-testing,15,4,4,3,4,0.2667,0.2667,0,3,True,
lopa,advanced,module,m03-how-conservative-annex-b-is,15,4,4,4,3,0.2667,0.3,1,3,True,
lopa,advanced,module,m04-the-published-example-and-its-inferences,15,4,3,5,3,0.3333,0.3333,2,0,True,
lopa,advanced,module,m05-what-the-engine-does-not-do,15,4,4,4,3,0.2667,0.2667,0,2,True,
lopa,advanced,module,m06-judgement-end-to-end,15,4,5,3,3,0.3333,0.3333,1,4,True,
lopa,beginner,final,,42,11,11,10,10,0.2619,0.2619,0,6,True,
lopa,beginner,module,m01-a-scenario-and-its-frequency,15,3,3,5,4,0.3333,0.3333,2,0,True,
lopa,beginner,module,m02-enabling-conditions-and-modifiers,15,3,4,5,3,0.3333,0.2667,1,4,True,
lopa,beginner,module,m03-independent-protection-layers,15,3,4,5,3,0.3333,0.3667,2,2,True,
lopa,beginner,module,m04-the-tolerable-frequency-and-the-gap,15,3,4,5,3,0.3333,0.3333,2,2,True,
lopa,beginner,module,m05-outcome-states-and-the-decade,15,3,4,5,3,0.3333,0.3333,2,1,True,
lopa,beginner,module,m06-one-worksheet-end-to-end,15,3,3,5,4,0.3333,0.3333,2,0,True,
lopa,intermediate,final,,42,9,12,13,8,0.3095,0.2976,1,22,True,
lopa,intermediate,module,m01-pfdavg-and-the-simplified-forms,15,4,3,4,4,0.2667,0.3167,0,8,True,
lopa,intermediate,module,m02-the-full-annex-b-form,15,3,4,4,4,0.2667,0.2833,1,14,True,
lopa,intermediate,module,m03-common-cause-and-the-beta-factor,15,3,4,4,4,0.2667,0.2667,1,9,True,
lopa,intermediate,module,m04-the-architectures,15,3,4,4,4,0.2667,0.2833,2,9,True,
lopa,intermediate,module,m05-the-sif-is-a-sum,15,3,4,4,4,0.2667,0.3,3,9,True,
lopa,intermediate,module,m06-a-published-sif-reproduced,15,3,3,5,4,0.3333,0.3,2,11,True,
mapping,advanced,final,,42,9,9,13,11,0.3095,0.2976,2,5,True,
mapping,advanced,module,m01-is-the-map-any-good,15,3,6,3,3,0.4,0.4,1,3,True,
mapping,advanced,module,m02-leave-one-out,15,4,2,5,4,0.3333,0.3333,2,2,True,
mapping,advanced,module,m03-the-blind-test,15,3,5,3,4,0.3333,0.2889,3,2,True,
mapping,advanced,module,m04-what-the-new-well-changed,15,4,4,3,4,0.2667,0.2667,2,5,True,
mapping,advanced,module,m05-an-uncertainty-you-can-quote,15,4,2,5,4,0.3333,0.3333,2,2,True,
mapping,advanced,module,m06-the-validation-workflow,15,6,3,2,4,0.4,0.4,0,3,True,
mapping,beginner,final,,42,12,11,10,9,0.2857,0.2738,0,4,True,
mapping,beginner,module,m01-maps-and-control-points,15,2,4,6,3,0.4,0.3167,2,4,True,
mapping,beginner,module,m02-the-grid,15,4,3,4,4,0.2667,0.2889,3,2,True,
mapping,beginner,module,m03-interpolation,15,4,4,3,4,0.2667,0.2667,0,1,True,
mapping,beginner,module,m04-extrapolation-and-honesty,15,4,4,3,4,0.2667,0.2667,0,1,True,
mapping,beginner,module,m05-reading-the-map,15,4,4,3,4,0.2667,0.2667,0,0,True,
mapping,beginner,module,m06-the-mapping-workflow,15,4,4,4,3,0.2667,0.2833,1,2,True,
mapping,intermediate,final,,42,10,11,13,8,0.3095,0.3274,2,10,True,
mapping,intermediate,module,m01-a-second-surface,15,4,5,2,4,0.3333,0.3333,1,3,True,
mapping,intermediate,module,m02-subtracting-grids,15,4,2,4,5,0.3333,0.3333,3,0,True,
mapping,intermediate,module,m03-reading-the-thickness-map,15,3,2,5,5,0.3333,0.3667,3,2,True,
mapping,intermediate,module,m04-two-honest-means,15,6,4,3,2,0.4,0.4,0,0,True,
mapping,intermediate,module,m05-what-an-isochore-is-for,15,4,2,5,4,0.3333,0.3333,2,2,True,
mapping,intermediate,module,m06-the-isochore-workflow,15,3,6,4,2,0.4,0.4333,1,2,True,
mbal,advanced,final,,42,6,16,14,6,0.381,0.3571,1,5,True,
mbal,advanced,module,m01-the-finite-aquifer,15,3,6,3,3,0.4,0.4,1,4,True,
mbal,advanced,module,m02-carter-tracy,15,4,5,2,4,0.3333,0.3667,1,2,True,
mbal,advanced,module,m03-combination-drive,15,4,6,2,3,0.4,0.4,1,3,True,
mbal,advanced,module,m04-history-matching,15,4,6,3,2,0.4,0.4,1,4,True,
mbal,advanced,module,m05-validation-tiers,15,4,2,5,4,0.3333,0.3333,2,0,True,
mbal,advanced,module,m06-the-expert-reading,15,2,3,6,4,0.4,0.4,2,4,True,
mbal,beginner,final,,42,11,7,13,11,0.3095,0.2937,2,17,True,
mbal,beginner,module,m01-the-tank-idea,15,2,5,6,2,0.4,0.4,2,1,True,
mbal,beginner,module,m02-the-terms,15,2,5,5,3,0.3333,0.3667,2,1,True,
mbal,beginner,module,m03-the-straight-line,15,4,3,4,4,0.2667,0.2667,0,1,True,
mbal,beginner,module,m04-drive-indices,15,2,6,3,4,0.4,0.3889,1,4,True,
mbal,beginner,module,m05-the-reconciliation,15,3,4,5,3,0.3333,0.3,1,5,True,
mbal,beginner,module,m06-the-associate-reading,15,3,4,6,2,0.4,0.4,2,3,True,
mbal,intermediate,final,,42,6,16,10,10,0.381,0.381,1,9,True,
mbal,intermediate,module,m01-water-arrives,15,4,3,6,2,0.4,0.3556,2,3,True,
mbal,intermediate,module,m02-the-pot-aquifer,15,4,3,5,3,0.3333,0.3333,2,1,True,
mbal,intermediate,module,m03-fetkovich,15,2,6,4,3,0.4,0.4222,1,5,True,
mbal,intermediate,module,m04-gas-and-p-over-z,15,3,6,4,2,0.4,0.4,1,4,True,
mbal,intermediate,module,m05-pvt-and-precedence,15,2,6,5,2,0.4,0.3333,1,4,True,
mbal,intermediate,module,m06-the-professional-reading,15,2,5,6,2,0.4,0.4333,2,5,True,
metering,advanced,final,,42,10,9,11,12,0.2857,0.2738,3,6,True,
metering,advanced,module,m01-the-tank-and-its-geometry,15,4,4,4,3,0.2667,0.2667,0,0,True,
metering,advanced,module,m02-the-shell-and-what-governs,15,4,4,4,3,0.2667,0.2667,0,1,True,
metering,advanced,module,m03-normal-venting,15,4,4,4,3,0.2667,0.2667,0,1,True,
metering,advanced,module,m04-the-fire-case-and-the-withheld-vent,15,4,5,3,3,0.3333,0.3333,1,4,True,
metering,advanced,module,m05-losses-and-what-control-saves,15,4,4,4,3,0.2667,0.2667,0,1,True,
metering,advanced,module,m06-the-register-and-the-refusals,15,4,4,4,3,0.2667,0.2667,0,0,True,
metering,beginner,final,,42,9,9,12,12,0.2857,0.3393,3,19,True,
metering,beginner,module,m01-one-orifice-run-end-to-end,15,3,5,4,3,0.3333,0.3333,1,3,True,
metering,beginner,module,m02-the-discharge-coefficient,15,4,4,3,4,0.2667,0.2667,0,0,True,
metering,beginner,module,m03-compressibility-and-differentials,15,3,4,4,4,0.2667,0.2667,1,0,True,
metering,beginner,module,m04-permanent-loss-turbines-and-straight-run,15,3,5,3,4,0.3333,0.3333,1,0,True,
metering,beginner,module,m05-the-transmitter-and-turndown,15,3,5,3,4,0.3333,0.3333,1,0,True,
metering,beginner,module,m06-the-uncertainty-budget,15,3,5,3,4,0.3333,0.3333,1,0,True,
metering,intermediate,final,,42,10,7,13,12,0.3095,0.2937,3,22,True,
metering,intermediate,module,m01-the-choking-boundary,15,3,5,4,3,0.3333,0.3056,1,2,True,
metering,intermediate,module,m02-cavitation-and-the-screen,15,4,3,5,3,0.3333,0.3,2,4,True,
metering,intermediate,module,m03-gas-sizing-and-whose-table,15,3,5,3,4,0.3333,0.3389,1,7,True,
metering,intermediate,module,m04-authority-and-the-characteristic,15,4,4,3,4,0.2667,0.3222,0,6,True,
metering,intermediate,module,m05-noise-as-an-indication,15,4,4,3,4,0.2667,0.2889,3,5,True,
metering,intermediate,module,m06-travel-rangeability-and-the-verdict,15,2,6,4,3,0.4,0.2778,2,8,True,
network,advanced,final,,42,11,10,10,11,0.2619,0.2619,0,4,True,
network,advanced,module,m01-a-node-nothing-depends-on,15,4,3,4,4,0.2667,0.3,2,2,True,
network,advanced,module,m02-two-masses-under-one-word,15,4,4,3,4,0.2667,0.2667,0,1,True,
network,advanced,module,m03-the-answer-and-the-guess,15,4,5,3,3,0.3333,0.3,0,2,True,
network,advanced,module,m04-what-convergence-reports,15,4,5,3,3,0.3333,0.3333,1,1,True,
network,advanced,module,m05-cusps-and-rankings,15,4,5,3,3,0.3333,0.3333,1,0,True,
network,advanced,module,m06-the-expert-reading,15,4,4,4,3,0.2667,0.2667,0,2,True,
network,beginner,final,,42,12,9,9,12,0.2857,0.2857,0,2,True,
network,beginner,module,m01-a-gathering-system,15,4,4,4,3,0.2667,0.2667,0,0,True,
network,beginner,module,m02-the-line-and-what-it-holds,15,3,5,4,3,0.3333,0.3333,1,0,True,
network,beginner,module,m03-fittings-as-pipe,15,3,4,4,4,0.2667,0.2667,1,0,True,
network,beginner,module,m04-nodes-and-branches,15,4,4,4,3,0.2667,0.2667,0,2,True,
network,beginner,module,m05-one-well-on-its-own,15,3,4,4,4,0.2667,0.2667,1,1,True,
network,beginner,module,m06-the-associate-reading,15,3,4,4,4,0.2667,0.2667,2,2,True,
network,intermediate,final,,42,11,12,9,10,0.2857,0.2738,1,7,True,
network,intermediate,module,m01-the-solve,15,4,4,4,3,0.2667,0.3,0,2,True,
network,intermediate,module,m02-loops-and-directions,15,4,4,5,2,0.3333,0.3222,2,2,True,
network,intermediate,module,m03-wells-fight,15,4,4,4,3,0.2667,0.2667,0,0,True,
network,intermediate,module,m04-streams,15,4,4,3,4,0.2667,0.2667,0,1,True,
network,intermediate,module,m05-reading-the-result,15,4,3,5,3,0.3333,0.3333,2,0,True,
network,intermediate,module,m06-the-professional-reading,15,4,5,3,3,0.3333,0.3,1,2,True,
nodal,advanced,final,,42,9,14,10,9,0.3333,0.3095,1,5,True,
nodal,advanced,module,m01-the-node,15,3,6,3,3,0.4,0.4,1,0,True,
nodal,advanced,module,m02-two-crossings,15,3,6,3,3,0.4,0.4,1,0,True,
nodal,advanced,module,m03-stability,15,4,4,4,3,0.2667,0.2667,0,0,True,
nodal,advanced,module,m04-the-scan-that-cannot-see,15,3,5,3,4,0.3333,0.3333,1,0,True,
nodal,advanced,module,m05-sweeping-a-decision,15,4,4,4,3,0.2667,0.2667,0,2,True,
nodal,advanced,module,m06-the-expert-reading,15,4,4,4,3,0.2667,0.2667,0,0,True,
nodal,beginner,final,,42,11,11,10,10,0.2619,0.2619,0,1,True,
nodal,beginner,module,m01-what-a-well-can-deliver,15,4,4,4,3,0.2667,0.2667,0,0,True,
nodal,beginner,module,m02-the-straight-line,15,4,4,4,3,0.2667,0.2667,0,0,True,
nodal,beginner,module,m03-below-the-bubble-point,15,4,4,4,3,0.2667,0.2667,0,2,True,
nodal,beginner,module,m04-reading-the-curve-both-ways,15,4,4,4,3,0.2667,0.2667,0,0,True,
nodal,beginner,module,m05-absolute-open-flow,15,4,4,4,3,0.2667,0.2667,0,0,True,
nodal,beginner,module,m06-the-associate-reading,15,4,4,4,3,0.2667,0.2667,0,1,True,
nodal,intermediate,final,,42,11,11,10,10,0.2619,0.2619,0,1,True,
nodal,intermediate,module,m01-the-column-pushes-back,15,4,4,4,3,0.2667,0.3,1,1,True,
nodal,intermediate,module,m02-the-j-shape,15,4,4,4,3,0.2667,0.2667,0,0,True,
nodal,intermediate,module,m03-what-moves-the-curve,15,4,4,4,3,0.2667,0.2667,0,0,True,
nodal,intermediate,module,m04-the-gas-column,15,4,4,4,3,0.2667,0.3,1,2,True,
nodal,intermediate,module,m05-the-injection-pressure,15,4,4,4,3,0.2667,0.2667,0,1,True,
nodal,intermediate,module,m06-the-professional-reading,15,4,4,4,3,0.2667,0.2667,0,0,True,
perfsand,advanced,final,,42,6,16,14,6,0.381,0.381,1,2,True,
perfsand,advanced,module,m01-choosing-a-completion-type,15,2,6,5,2,0.4,0.4,1,0,True,
perfsand,advanced,module,m02-gravel,15,2,6,5,2,0.4,0.4,1,1,True,
perfsand,advanced,module,m03-screens,15,2,6,5,2,0.4,0.4,1,1,True,
perfsand,advanced,module,m04-sanding-onset,15,2,6,5,2,0.4,0.4,1,0,True,
perfsand,advanced,module,m05-the-sweep-and-the-missing-row,15,2,6,5,2,0.4,0.4,1,1,True,
perfsand,advanced,module,m06-the-expert-reading,15,2,6,5,2,0.4,0.4,1,0,True,
perfsand,beginner,final,,42,6,9,16,11,0.381,0.3929,2,4,True,
perfsand,beginner,module,m01-what-this-course-decides,15,2,2,6,5,0.4,0.4,2,2,True,
perfsand,beginner,module,m02-the-shot,15,2,2,6,5,0.4,0.4,2,2,True,
perfsand,beginner,module,m03-the-geometry-the-charge-leaves,15,2,2,6,5,0.4,0.4,2,0,True,
perfsand,beginner,module,m04-the-sand-sample,15,2,2,6,5,0.4,0.4,2,1,True,
perfsand,beginner,module,m05-uniformity-and-fines,15,2,2,6,5,0.4,0.4,2,0,True,
perfsand,beginner,module,m06-the-associate-reading,15,2,2,6,5,0.4,0.4,2,0,True,
perfsand,intermediate,final,,42,6,16,14,6,0.381,0.381,1,1,True,
perfsand,intermediate,module,m01-skin-and-what-it-is-not,15,2,2,6,5,0.4,0.4,2,0,True,
perfsand,intermediate,module,m02-the-four-components,15,3,6,4,2,0.4,0.4333,1,2,True,
perfsand,intermediate,module,m03-reading-the-catalog,15,2,6,5,2,0.4,0.4,1,0,True,
perfsand,intermediate,module,m04-productivity-ratio,15,2,6,5,2,0.4,0.4,1,0,True,
perfsand,intermediate,module,m05-where-the-correlation-stops,15,2,6,5,2,0.4,0.4,1,1,True,
perfsand,intermediate,module,m06-the-professional-reading,15,2,6,5,2,0.4,0.4,1,1,True,
petrophysics,advanced,final,,42,16,13,7,6,0.381,0.4008,0,6,True,
petrophysics,advanced,module,m01-the-rw-problem,15,6,4,3,2,0.4,0.3667,0,7,True,
petrophysics,advanced,module,m02-temperature-and-the-arps-correction,15,6,4,3,2,0.4,0.4333,0,6,True,
petrophysics,advanced,module,m03-the-sp-quicklook,15,6,4,3,2,0.4,0.4889,0,6,True,
petrophysics,advanced,module,m04-triangulation-and-validation,15,6,5,2,2,0.4,0.3667,0,3,True,
petrophysics,advanced,module,m05-rw-sensitivity-and-booking,15,6,4,3,2,0.4,0.4389,0,6,True,
petrophysics,advanced,module,m06-the-expert-standard,15,6,4,2,3,0.4,0.4,0,0,True,
petrophysics,beginner,final,,40,16,8,7,9,0.4,0.4125,0,19,True,
petrophysics,beginner,module,m01-logs-and-the-typewell,15,6,5,2,2,0.4,0.4111,1,6,True,
petrophysics,beginner,module,m02-shale-volume,15,6,4,3,2,0.4,0.45,0,8,True,
petrophysics,beginner,module,m03-porosity,15,6,2,3,4,0.4,0.3833,0,9,True,
petrophysics,beginner,module,m04-resistivity-and-saturation,15,6,5,2,2,0.4,0.4556,0,8,True,
petrophysics,beginner,module,m05-cutoffs-and-net-pay,15,6,2,5,2,0.4,0.4222,0,6,True,
petrophysics,beginner,module,m06-the-interpretation-loop,15,6,5,2,2,0.4,0.4222,0,4,True,
petrophysics,intermediate,final,,42,16,10,6,10,0.381,0.375,0,13,True,
petrophysics,intermediate,module,m01-the-professional-workflow,15,6,3,3,3,0.4,0.4333,0,4,True,
petrophysics,intermediate,module,m02-sonic-porosity,15,6,4,2,3,0.4,0.4333,0,5,True,
petrophysics,intermediate,module,m03-neutron-density-porosity,15,6,5,2,2,0.4,0.3833,0,5,True,
petrophysics,intermediate,module,m04-the-pickett-plot,15,6,5,2,2,0.4,0.4,0,6,True,
petrophysics,intermediate,module,m05-shaly-sand-saturation,15,6,5,2,2,0.4,0.45,0,3,True,
petrophysics,intermediate,module,m06-method-choice-and-reporting,15,6,5,2,2,0.4,0.4,0,1,True,
porepressure,advanced,final,,42,6,16,14,6,0.381,0.3651,1,5,True,
porepressure,advanced,module,m01-from-pressure-to-mud,15,2,6,5,2,0.4,0.3556,1,1,True,
porepressure,advanced,module,m02-the-window,15,2,5,6,2,0.4,0.4222,2,1,True,
porepressure,advanced,module,m03-the-exponent-lever,15,2,5,6,2,0.4,0.4167,2,2,True,
porepressure,advanced,module,m04-bowers-loading,15,3,4,6,2,0.4,0.4333,2,3,True,
porepressure,advanced,module,m05-unloading-and-the-crosscheck,15,2,5,6,2,0.4,0.4,2,1,True,
porepressure,advanced,module,m06-the-window-workflow,15,2,5,6,2,0.4,0.4,2,2,True,
porepressure,beginner,final,,42,12,12,9,9,0.2857,0.2857,0,11,True,
porepressure,beginner,module,m01-pressure-in-the-subsurface,15,3,3,6,3,0.4,0.2889,3,9,True,
porepressure,beginner,module,m02-the-hydrostatic-column,15,2,4,5,4,0.3333,0.3056,1,4,True,
porepressure,beginner,module,m03-overburden,15,2,5,5,3,0.3333,0.3444,2,4,True,
porepressure,beginner,module,m04-the-compaction-trend,15,3,4,4,4,0.2667,0.2889,1,4,True,
porepressure,beginner,module,m05-reading-the-frame,15,4,4,4,3,0.2667,0.2667,0,0,True,
porepressure,beginner,module,m06-the-pore-pressure-workflow,15,4,4,4,3,0.2667,0.3,1,1,True,
porepressure,intermediate,final,,42,7,16,13,6,0.381,0.3611,1,12,True,
porepressure,intermediate,module,m01-from-departure-to-pressure,15,4,2,5,4,0.3333,0.3333,2,1,True,
porepressure,intermediate,module,m02-the-eaton-ratio,15,2,6,4,3,0.4,0.3389,1,5,True,
porepressure,intermediate,module,m03-the-prognosis-down-the-well,15,3,6,4,2,0.4,0.3667,1,4,True,
porepressure,intermediate,module,m04-the-trend-lever,15,2,6,3,4,0.4,0.3667,1,1,True,
porepressure,intermediate,module,m05-fracture-pressure,15,3,6,3,3,0.4,0.3889,1,2,True,
porepressure,intermediate,module,m06-the-prognosis-workflow,15,2,6,5,2,0.4,0.4,1,3,True,
portfolio,advanced,final,,42,10,10,10,12,0.2857,0.2857,3,5,True,
portfolio,advanced,module,m01-portfolio-risk-by-simulation,15,3,4,4,4,0.2667,0.2667,1,1,True,
portfolio,advanced,module,m02-correlation,15,4,5,2,4,0.3333,0.3222,0,4,True,
portfolio,advanced,module,m03-joint-venture-shares,15,4,3,4,4,0.2667,0.2667,0,3,True,
portfolio,advanced,module,m04-refusals-and-flags,15,4,4,3,4,0.2667,0.2667,0,0,True,
portfolio,advanced,module,m05-numbers-to-distrust,15,3,4,4,4,0.2667,0.2667,1,3,True,
portfolio,advanced,module,m06-the-expert-reading,15,4,3,5,3,0.3333,0.3333,2,3,True,
portfolio,beginner,final,,42,10,11,11,10,0.2619,0.2857,1,6,True,
portfolio,beginner,module,m01-capital-is-a-constraint,15,4,4,3,4,0.2667,0.2667,0,1,True,
portfolio,beginner,module,m02-risking-a-project,15,4,4,3,4,0.2667,0.2667,0,3,True,
portfolio,beginner,module,m03-choosing-under-a-budget,15,4,4,3,4,0.2667,0.2667,0,4,True,
portfolio,beginner,module,m04-the-efficient-frontier,15,4,3,4,4,0.2667,0.3,1,3,True,
portfolio,beginner,module,m05-the-grid-under-the-answer,15,4,4,3,4,0.2667,0.3,0,3,True,
portfolio,beginner,module,m06-the-associate-reading,15,4,4,3,4,0.2667,0.2667,0,1,True,
portfolio,intermediate,final,,42,12,11,10,9,0.2857,0.2857,0,4,True,
portfolio,intermediate,module,m01-an-afe-is-a-promise,15,3,4,4,4,0.2667,0.2667,1,3,True,
portfolio,intermediate,module,m02-one-forecast-rule,15,4,4,4,3,0.2667,0.2667,0,4,True,
portfolio,intermediate,module,m03-earned-value,15,4,4,4,3,0.2667,0.3,1,2,True,
portfolio,intermediate,module,m04-the-as-of-date,15,4,4,3,4,0.2667,0.2667,0,1,True,
portfolio,intermediate,module,m05-the-s-curve,15,4,3,4,4,0.2667,0.2667,0,0,True,
portfolio,intermediate,module,m06-the-professional-reading,15,4,3,4,4,0.2667,0.2667,0,1,True,
producedwater,advanced,final,,42,12,9,9,12,0.2857,0.2857,0,2,True,
producedwater,advanced,module,m01-the-coupling,15,4,4,4,3,0.2667,0.2667,0,1,True,
producedwater,advanced,module,m02-the-medians-and-the-grid,15,4,4,4,3,0.2667,0.2667,0,1,True,
producedwater,advanced,module,m03-not-answering,15,4,4,4,3,0.2667,0.2667,0,1,True,
producedwater,advanced,module,m04-the-band-and-the-balance,15,4,4,4,3,0.2667,0.2667,0,1,True,
producedwater,advanced,module,m05-what-a-gate-can-catch,15,4,4,4,3,0.2667,0.2667,0,0,True,
producedwater,advanced,module,m06-where-the-method-stops,15,4,4,4,3,0.2667,0.2667,0,2,True,
producedwater,beginner,final,,42,12,14,9,7,0.3333,0.3333,1,1,True,
producedwater,beginner,module,m01-what-this-engine-answers,15,4,5,4,2,0.3333,0.3333,1,1,True,
producedwater,beginner,module,m02-the-water-and-the-oil,15,4,4,4,3,0.2667,0.2667,0,2,True,
producedwater,beginner,module,m03-the-droplets,15,4,4,4,3,0.2667,0.3,1,1,True,
producedwater,beginner,module,m04-a-droplets-rise,15,4,4,4,3,0.2667,0.2667,0,1,True,
producedwater,beginner,module,m05-the-gravity-devices,15,4,4,3,4,0.2667,0.2667,0,3,True,
producedwater,beginner,module,m06-the-associate-reading,15,4,5,3,3,0.3333,0.3333,1,0,True,
producedwater,intermediate,final,,42,12,12,9,9,0.2857,0.2976,0,9,True,
producedwater,intermediate,module,m01-grade-efficiency,15,3,4,4,4,0.2667,0.2667,1,2,True,
producedwater,intermediate,module,m02-the-hydrocyclone,15,4,3,4,4,0.2667,0.2667,0,1,True,
producedwater,intermediate,module,m03-the-operating-envelope,15,4,3,4,4,0.2667,0.3,2,5,True,
producedwater,intermediate,module,m04-flotation,15,4,4,4,3,0.2667,0.2667,0,3,True,
producedwater,intermediate,module,m05-the-bed,15,4,5,3,3,0.3333,0.3,1,4,True,
producedwater,intermediate,module,m06-the-professional-reading,15,3,4,4,4,0.2667,0.3,1,3,True,
qra,advanced,final,,42,10,11,11,10,0.2619,0.2619,1,9,True,
qra,advanced,module,m01-the-alarp-regions,15,3,4,4,4,0.2667,0.3,1,1,True,
qra,advanced,module,m02-the-benefit-of-a-measure,15,3,5,3,4,0.3333,0.3333,1,3,True,
qra,advanced,module,m03-discounting-and-the-icaf,15,3,3,5,4,0.3333,0.3,3,4,True,
qra,advanced,module,m04-gross-disproportion,15,3,3,5,4,0.3333,0.3333,2,2,True,
qra,advanced,module,m05-what-the-engine-does-not-know,15,3,5,4,3,0.3333,0.3333,1,2,True,
qra,advanced,module,m06-judgement-end-to-end,15,3,4,4,4,0.2667,0.2667,1,1,True,
qra,beginner,final,,42,11,8,12,11,0.2857,0.2937,0,8,True,
qra,beginner,module,m01-what-a-qra-answers,15,3,4,5,3,0.3333,0.3333,2,2,True,
qra,beginner,module,m02-event-trees,15,3,4,5,3,0.3333,0.3333,2,1,True,
qra,beginner,module,m03-a-flammable-release,15,2,4,6,3,0.4,0.3667,2,4,True,
qra,beginner,module,m04-location-specific-individual-risk,15,3,5,3,4,0.3333,0.3,1,3,True,
qra,beginner,module,m05-individual-risk-per-annum,15,3,4,4,4,0.2667,0.2667,1,0,True,
qra,beginner,module,m06-one-person-end-to-end,15,3,4,5,3,0.3333,0.3333,2,3,True,
qra,intermediate,final,,42,7,11,12,12,0.2857,0.3036,2,19,True,
qra,intermediate,module,m01-potential-loss-of-life,15,4,5,3,3,0.3333,0.25,0,7,True,
qra,intermediate,module,m02-the-fatal-accident-rate,15,3,5,3,4,0.3333,0.3222,1,5,True,
qra,intermediate,module,m03-the-f-n-curve,15,4,3,4,4,0.2667,0.2667,0,5,True,
qra,intermediate,module,m04-criterion-lines,15,4,4,5,2,0.3333,0.3111,0,11,True,
qra,intermediate,module,m05-one-published-point-and-the-boundary,15,4,3,4,4,0.2667,0.3111,2,5,True,
qra,intermediate,module,m06-societal-risk-end-to-end,15,2,4,6,3,0.4,0.3667,2,4,True,
refinery,advanced,final,,42,6,13,13,10,0.3095,0.2897,1,30,True,
refinery,advanced,module,m01-one-shape-three-ledgers,15,3,5,3,4,0.3333,0.3167,3,4,True,
refinery,advanced,module,m02-volume-and-price-variance,15,2,4,5,4,0.3333,0.3389,2,7,True,
refinery,advanced,module,m03-variance-on-margin,15,2,6,4,3,0.4,0.3389,1,7,True,
refinery,advanced,module,m04-the-investment-case,15,4,4,3,4,0.2667,0.3,3,5,True,
refinery,advanced,module,m05-tax-losses-carried-forward,15,4,5,4,2,0.3333,0.3778,0,9,True,
refinery,advanced,module,m06-the-expert-reading,15,4,3,4,4,0.2667,0.3222,3,3,True,
refinery,beginner,final,,42,9,10,15,8,0.3571,0.3036,1,25,True,
refinery,beginner,module,m01-what-a-feasibility-screen-computes,15,3,3,5,4,0.3333,0.3333,2,4,True,
refinery,beginner,module,m02-capital-and-the-scaling-law,15,3,5,5,2,0.3333,0.3778,2,6,True,
refinery,beginner,module,m03-the-product-slate,15,2,4,6,3,0.4,0.3222,2,6,True,
refinery,beginner,module,m04-throughput-and-the-gross-margin,15,3,5,4,3,0.3333,0.3222,1,8,True,
refinery,beginner,module,m05-crude-supply-and-licensing,15,3,4,5,3,0.3333,0.3778,2,8,True,
refinery,beginner,module,m06-the-associate-reading,15,4,4,5,2,0.3333,0.3444,2,5,True,
refinery,intermediate,final,,42,10,7,15,10,0.3571,0.2837,2,30,True,
refinery,intermediate,module,m01-the-configuration,15,3,3,5,4,0.3333,0.3222,2,4,True,
refinery,intermediate,module,m02-the-crude-unit-carries-every-barrel,15,3,4,4,4,0.2667,0.3222,2,7,True,
refinery,intermediate,module,m03-reading-the-plan,15,4,4,5,2,0.3333,0.3333,2,0,True,
refinery,intermediate,module,m04-what-another-barrel-is-worth,15,4,3,5,3,0.3333,0.3333,2,7,True,
refinery,intermediate,module,m05-the-schedule,15,4,4,4,3,0.2667,0.3,0,4,True,
refinery,intermediate,module,m06-the-professional-reading,15,4,3,5,3,0.3333,0.3333,2,8,True,
relief,advanced,final,,42,9,10,13,10,0.3095,0.3016,2,9,True,
relief,advanced,module,m01-a-vessel-emptying-itself,15,4,4,4,3,0.2667,0.3,0,2,True,
relief,advanced,module,m02-the-customary-depressuring-time,15,4,4,4,3,0.2667,0.2667,0,3,True,
relief,advanced,module,m03-a-step-size-is-an-answer,15,4,3,4,4,0.2667,0.3,0,2,True,
relief,advanced,module,m04-the-point-source-twice,15,4,4,4,3,0.2667,0.2667,0,2,True,
relief,advanced,module,m05-what-the-method-does-not-know,15,4,4,4,3,0.2667,0.3,0,4,True,
relief,advanced,module,m06-what-was-repaired-and-what-was-not,15,4,4,3,4,0.2667,0.2667,0,2,True,
relief,beginner,final,,42,12,11,12,7,0.2857,0.2857,2,12,True,
relief,beginner,module,m01-what-a-relief-valve-is-sized-for,15,4,4,4,3,0.2667,0.3,0,7,True,
relief,beginner,module,m02-gas-and-vapour,15,3,4,5,3,0.3333,0.3333,2,1,True,
relief,beginner,module,m03-liquid,15,4,4,4,3,0.2667,0.3,1,4,True,
relief,beginner,module,m04-steam,15,4,3,5,3,0.3333,0.2889,2,5,True,
relief,beginner,module,m05-from-an-area-to-a-letter,15,4,3,5,3,0.3333,0.3,0,5,True,
relief,beginner,module,m06-the-associate-reading,15,4,5,3,3,0.3333,0.3111,1,5,True,
relief,intermediate,final,,42,12,12,9,9,0.2857,0.2976,1,8,True,
relief,intermediate,module,m01-where-the-relief-load-comes-from,15,4,5,3,3,0.3333,0.3,1,1,True,
relief,intermediate,module,m02-the-wetted-area,15,3,3,5,4,0.3333,0.3556,3,4,True,
relief,intermediate,module,m03-the-pool-fire-duty,15,4,3,4,4,0.2667,0.3,3,3,True,
relief,intermediate,module,m04-the-fire-case-end-to-end,15,3,6,2,4,0.4,0.3389,3,9,True,
relief,intermediate,module,m05-the-knockout-drum,15,4,5,3,3,0.3333,0.3667,1,2,True,
relief,intermediate,module,m06-the-professional-reading,15,4,4,3,4,0.2667,0.2667,0,3,True,
reservoircalc,advanced,final,,42,13,8,9,12,0.3095,0.2897,0,17,True,
reservoircalc,advanced,module,m01-from-a-constant-to-a-grid,15,4,2,5,4,0.3333,0.3333,2,3,True,
reservoircalc,advanced,module,m02-the-trend-plane,15,2,3,6,4,0.4,0.35,2,4,True,
reservoircalc,advanced,module,m03-three-means,15,4,3,4,4,0.2667,0.3,2,4,True,
reservoircalc,advanced,module,m04-what-the-model-buys,15,4,4,4,3,0.2667,0.2833,0,4,True,
reservoircalc,advanced,module,m05-the-limits-of-a-property-model,15,2,5,6,2,0.4,0.4,2,3,True,
reservoircalc,advanced,module,m06-the-property-workflow,15,3,5,4,3,0.3333,0.4,1,5,True,
reservoircalc,beginner,final,,42,9,12,9,12,0.2857,0.2817,1,8,True,
reservoircalc,beginner,module,m01-from-map-to-volume,15,2,5,5,3,0.3333,0.3167,2,5,True,
reservoircalc,beginner,module,m02-the-oil-column,15,3,3,4,5,0.3333,0.3333,3,4,True,
reservoircalc,beginner,module,m03-the-volumetric-chain,15,2,5,3,5,0.3333,0.3556,1,8,True,
reservoircalc,beginner,module,m04-the-properties,15,2,5,4,4,0.3333,0.3,1,2,True,
reservoircalc,beginner,module,m05-the-contact,15,3,4,3,5,0.3333,0.3,3,3,True,
reservoircalc,beginner,module,m06-the-volumetrics-workflow,15,4,4,4,3,0.2667,0.2833,1,1,True,
reservoircalc,intermediate,final,,42,10,13,9,10,0.3095,0.3234,1,15,True,
reservoircalc,intermediate,module,m01-the-accumulation-is-not-one-tank,15,4,4,4,3,0.2667,0.3,1,2,True,
reservoircalc,intermediate,module,m02-labelling-the-grid,15,3,6,2,4,0.4,0.3556,1,4,True,
reservoircalc,intermediate,module,m03-the-block-volumes,15,5,4,2,4,0.3333,0.3333,0,2,True,
reservoircalc,intermediate,module,m04-the-fault-the-map-does-not-know,15,3,6,3,3,0.4,0.3556,1,1,True,
reservoircalc,intermediate,module,m05-two-blocks-two-contacts,15,3,4,4,4,0.2667,0.3,1,4,True,
reservoircalc,intermediate,module,m06-the-compartment-workflow,15,3,5,3,4,0.3333,0.3556,1,5,True,
riskchange,advanced,final,,42,10,11,11,10,0.2619,0.2798,2,6,True,
riskchange,advanced,module,m01-the-comment-loop,15,3,4,5,3,0.3333,0.3,2,3,True,
riskchange,advanced,module,m02-closing-a-review,15,4,4,4,3,0.2667,0.2833,0,4,True,
riskchange,advanced,module,m03-a-lesson-and-its-validation,15,4,4,3,4,0.2667,0.3,0,2,True,
riskchange,advanced,module,m04-proof-of-use,15,4,4,4,3,0.2667,0.2667,0,1,True,
riskchange,advanced,module,m05-what-the-engines-do-not-know,15,4,3,5,3,0.3333,0.3167,0,5,True,
riskchange,advanced,module,m06-the-expert-reading,15,4,4,4,3,0.2667,0.2667,0,0,True,
riskchange,beginner,final,,42,6,12,12,12,0.2857,0.3056,3,13,True,
riskchange,beginner,module,m01-what-these-engines-decide,15,3,3,5,4,0.3333,0.3667,2,5,True,
riskchange,beginner,module,m02-the-matrix-and-its-bands,15,4,4,5,2,0.3333,0.3833,2,4,True,
riskchange,beginner,module,m03-residual-and-appetite,15,3,4,5,3,0.3333,0.3667,2,1,True,
riskchange,beginner,module,m04-the-calendar-date,15,4,3,5,3,0.3333,0.2889,2,1,True,
riskchange,beginner,module,m05-the-register-as-a-whole,15,4,3,5,3,0.3333,0.35,2,2,True,
riskchange,beginner,module,m06-the-associate-reading,15,4,4,4,3,0.2667,0.3,2,5,True,
riskchange,intermediate,final,,42,10,12,10,10,0.2857,0.2619,1,7,True,
riskchange,intermediate,module,m01-a-change-and-its-stages,15,4,3,5,3,0.3333,0.3333,2,2,True,
riskchange,intermediate,module,m02-approval-levels,15,4,4,4,3,0.2667,0.2667,0,0,True,
riskchange,intermediate,module,m03-segregation-of-duties,15,3,4,4,4,0.2667,0.2667,1,1,True,
riskchange,intermediate,module,m04-actions-and-the-two-gates,15,4,4,4,3,0.2667,0.3222,2,3,True,
riskchange,intermediate,module,m05-temporary-and-emergency-change,15,4,4,3,4,0.2667,0.2667,0,2,True,
riskchange,intermediate,module,m06-the-professional-reading,15,4,3,4,4,0.2667,0.2667,0,4,True,
rockphysics,advanced,final,,42,7,16,9,10,0.381,0.3651,1,19,True,
rockphysics,advanced,module,m01-from-a-rock-to-an-interface,15,4,2,5,4,0.3333,0.3056,3,6,True,
rockphysics,advanced,module,m02-intercept-and-gradient,15,2,6,5,2,0.4,0.4167,1,6,True,
rockphysics,advanced,module,m03-the-class-flip,15,4,2,5,4,0.3333,0.4,3,7,True,
rockphysics,advanced,module,m04-approximation-and-exact,15,4,2,5,4,0.3333,0.3,3,3,True,
rockphysics,advanced,module,m05-resolution,15,3,5,3,4,0.3333,0.3111,1,5,True,
rockphysics,advanced,module,m06-the-avo-workflow,15,4,4,3,4,0.2667,0.3,1,2,True,
rockphysics,beginner,final,,42,11,12,10,9,0.2857,0.2917,1,6,True,
rockphysics,beginner,module,m01-rock-physics-and-the-seismic-bridge,15,3,3,5,4,0.3333,0.3056,2,3,True,
rockphysics,beginner,module,m02-reservoir-fluids,15,4,4,4,3,0.2667,0.2667,0,3,True,
rockphysics,beginner,module,m03-the-mineral-frame,15,3,4,5,3,0.3333,0.3056,2,6,True,
rockphysics,beginner,module,m04-mixing-the-pore-fluid,15,4,4,4,3,0.2667,0.3222,1,2,True,
rockphysics,beginner,module,m05-how-conditions-change-the-answer,15,2,5,5,3,0.3333,0.3111,1,5,True,
rockphysics,beginner,module,m06-the-rock-physics-workflow,15,2,6,4,3,0.4,0.3333,1,4,True,
rockphysics,intermediate,final,,42,10,16,7,9,0.381,0.3393,1,15,True,
rockphysics,intermediate,module,m01-putting-the-fluid-in-the-rock,15,2,5,4,4,0.3333,0.2889,3,5,True,
rockphysics,intermediate,module,m02-the-dry-frame,15,4,4,3,4,0.2667,0.2667,0,4,True,
rockphysics,intermediate,module,m03-substituting-the-fluid,15,4,5,3,3,0.3333,0.3222,1,5,True,
rockphysics,intermediate,module,m04-the-gas-effect,15,2,5,4,4,0.3333,0.3,1,3,True,
rockphysics,intermediate,module,m05-when-there-is-no-shear-log,15,4,4,4,3,0.2667,0.2667,0,2,True,
rockphysics,intermediate,module,m06-the-substitution-workflow,15,3,3,6,3,0.4,0.35,2,4,True,
rodpump,advanced,final,,42,12,9,9,12,0.2857,0.3095,3,4,True,
rodpump,advanced,module,m01-the-envelope-and-the-subsample,15,4,3,4,4,0.2667,0.2667,0,1,True,
rodpump,advanced,module,m02-convergence,15,4,4,3,4,0.2667,0.2667,0,0,True,
rodpump,advanced,module,m03-the-counterbalance,15,4,3,4,4,0.2667,0.2667,0,2,True,
rodpump,advanced,module,m04-inputs-that-do-nothing,15,3,3,5,4,0.3333,0.4,2,3,True,
rodpump,advanced,module,m05-stress-and-diagnosis,15,4,4,4,3,0.2667,0.2667,0,1,True,
rodpump,advanced,module,m06-the-expert-reading,15,4,4,4,3,0.2667,0.2667,0,1,True,
rodpump,beginner,final,,42,12,15,7,8,0.3571,0.3571,1,7,True,
rodpump,beginner,module,m01-a-well-on-a-beam,15,4,4,3,4,0.2667,0.2667,0,1,True,
rodpump,beginner,module,m02-the-rod-string,15,3,4,4,4,0.2667,0.2667,1,0,True,
rodpump,beginner,module,m03-the-string-has-a-note,15,4,4,4,3,0.2667,0.3,1,2,True,
rodpump,beginner,module,m04-the-linkage,15,4,3,5,3,0.3333,0.3333,2,1,True,
rodpump,beginner,module,m05-the-pump-itself,15,3,3,5,4,0.3333,0.3667,2,3,True,
rodpump,beginner,module,m06-the-associate-reading,15,4,3,4,4,0.2667,0.2667,0,1,True,
rodpump,intermediate,final,,42,11,9,10,12,0.2857,0.2976,3,5,True,
rodpump,intermediate,module,m01-the-card-is-the-design,15,4,3,4,4,0.2667,0.2667,0,1,True,
rodpump,intermediate,module,m02-stretch,15,4,3,4,4,0.2667,0.2667,0,0,True,
rodpump,intermediate,module,m03-the-loads,15,4,2,5,4,0.3333,0.3,2,2,True,
rodpump,intermediate,module,m04-power,15,4,4,3,4,0.2667,0.2667,0,0,True,
rodpump,intermediate,module,m05-what-the-well-makes,15,4,2,5,4,0.3333,0.3333,2,1,True,
rodpump,intermediate,module,m06-the-professional-reading,15,4,3,4,4,0.2667,0.2667,0,2,True,
rotating,advanced,final,,42,11,10,10,11,0.2619,0.3016,3,14,True,
rotating,advanced,module,m01-a-stage-is-not-a-pump,15,2,5,4,4,0.3333,0.3333,1,1,True,
rotating,advanced,module,m02-the-stage-count-and-the-limit-that-governs,15,4,3,4,4,0.2667,0.2667,0,1,True,
rotating,advanced,module,m03-the-train-and-what-buys-the-stages,15,4,4,4,3,0.2667,0.2667,0,0,True,
rotating,advanced,module,m04-the-machine-the-driver-and-the-fuel,15,4,3,4,4,0.2667,0.2667,0,0,True,
rotating,advanced,module,m05-what-a-refusal-is,15,4,3,5,3,0.3333,0.3333,2,1,True,
rotating,advanced,module,m06-the-expert-reading,15,4,3,4,4,0.2667,0.3111,2,3,True,
rotating,beginner,final,,42,11,11,11,9,0.2619,0.2619,0,4,True,
rotating,beginner,module,m01-what-these-engines-size,15,4,4,3,4,0.2667,0.3,3,1,True,
rotating,beginner,module,m02-two-curves-and-no-operating-point,15,4,4,5,2,0.3333,0.3333,2,1,True,
rotating,beginner,module,m03-the-duty-point-solved,15,4,3,5,3,0.3333,0.3333,2,2,True,
rotating,beginner,module,m04-power-head-and-pressure,15,4,4,4,3,0.2667,0.2667,0,1,True,
rotating,beginner,module,m05-where-the-duty-landed,15,4,4,4,3,0.2667,0.2667,0,0,True,
rotating,beginner,module,m06-the-associate-reading,15,4,5,3,3,0.3333,0.3333,1,1,True,
rotating,intermediate,final,,42,12,10,12,8,0.2857,0.2857,2,8,True,
rotating,intermediate,module,m01-npsh-available,15,3,4,5,3,0.3333,0.3333,2,3,True,
rotating,intermediate,module,m02-the-margin-and-the-rule-it-is-judged-against,15,4,3,4,4,0.2667,0.2667,0,0,True,
rotating,intermediate,module,m03-a-speed-change-and-a-trim,15,3,4,5,3,0.3333,0.3333,2,2,True,
rotating,intermediate,module,m04-an-affinity-law-is-not-a-duty-point,15,3,4,4,4,0.2667,0.2667,1,3,True,
rotating,intermediate,module,m05-two-pumps-and-a-water-curve,15,4,4,4,3,0.2667,0.3,0,2,True,
rotating,intermediate,module,m06-the-professional-reading,15,3,4,5,3,0.3333,0.3333,2,3,True,
safetystats,advanced,final,,42,11,14,11,6,0.3333,0.3095,1,7,True,
safetystats,advanced,module,m01-the-u-chart,15,3,3,5,4,0.3333,0.3,2,3,True,
safetystats,advanced,module,m02-signals,15,4,4,4,3,0.2667,0.2667,0,7,True,
safetystats,advanced,module,m03-what-a-signal-means,15,4,4,4,3,0.2667,0.2667,0,2,True,
safetystats,advanced,module,m04-benchmarking,15,4,4,4,3,0.2667,0.2667,0,1,True,
safetystats,advanced,module,m05-the-traps,15,4,4,4,3,0.2667,0.2667,0,3,True,
safetystats,advanced,module,m06-judgement-end-to-end,15,4,3,5,3,0.3333,0.3333,2,3,True,
safetystats,beginner,final,,42,9,10,13,10,0.3095,0.3095,2,0,True,
safetystats,beginner,module,m01-a-rate-is-a-count-over-exposure,15,4,4,4,3,0.2667,0.2667,0,0,True,
safetystats,beginner,module,m02-one-name-several-numbers,15,3,5,4,3,0.3333,0.3333,1,0,True,
safetystats,beginner,module,m03-fatal-severity-and-process-safety,15,4,4,4,3,0.2667,0.2667,0,0,True,
safetystats,beginner,module,m04-sum-then-divide,15,4,3,4,4,0.2667,0.2667,0,0,True,
safetystats,beginner,module,m05-the-rolling-rate,15,4,4,4,3,0.2667,0.2667,0,0,True,
safetystats,beginner,module,m06-one-report-end-to-end,15,4,4,4,3,0.2667,0.2667,0,0,True,
safetystats,intermediate,final,,42,10,15,7,10,0.3571,0.3452,1,1,True,
safetystats,intermediate,module,m01-a-count-is-a-draw,15,4,4,4,3,0.2667,0.2667,0,0,True,
safetystats,intermediate,module,m02-the-exact-interval,15,4,4,4,3,0.2667,0.3,2,4,True,
safetystats,intermediate,module,m03-zero-events,15,4,2,5,4,0.3333,0.3333,2,1,True,
safetystats,intermediate,module,m04-comparing-two-rates,15,4,5,3,3,0.3333,0.3667,1,2,True,
safetystats,intermediate,module,m05-the-p-value-and-its-convention,15,4,5,3,3,0.3333,0.3,0,2,True,
safetystats,intermediate,module,m06-intervals-in-a-report,15,4,4,3,4,0.2667,0.2667,0,1,True,
scal,advanced,final,,42,10,16,9,7,0.381,0.4048,1,14,True,
scal,advanced,module,m01-fitting-the-lab,15,3,6,4,2,0.4,0.4,1,0,True,
scal,advanced,module,m02-normalization-and-transfer,15,3,6,4,2,0.4,0.3333,1,5,True,
scal,advanced,module,m03-the-average-that-drifts,15,3,6,2,4,0.4,0.4056,1,4,True,
scal,advanced,module,m04-gravity-and-the-dip-term,15,4,5,2,4,0.3333,0.3389,0,6,True,
scal,advanced,module,m05-polymer-and-the-design-space,15,3,4,6,2,0.4,0.3167,1,6,True,
scal,advanced,module,m06-the-expert-reading,15,4,4,5,2,0.3333,0.3333,2,1,True,
scal,beginner,final,,42,6,15,14,7,0.3571,0.3214,2,11,True,
scal,beginner,module,m01-two-phases-one-rock,15,3,6,3,3,0.4,0.4333,1,4,True,
scal,beginner,module,m02-relative-permeability,15,3,5,3,4,0.3333,0.3333,1,1,True,
scal,beginner,module,m03-fractional-flow,15,3,4,6,2,0.4,0.4333,2,4,True,
scal,beginner,module,m04-the-welge-tangent,15,2,4,6,3,0.4,0.4333,2,4,True,
scal,beginner,module,m05-recovery-and-time,15,2,6,2,5,0.4,0.3722,1,7,True,
scal,beginner,module,m06-the-associate-reading,15,2,5,6,2,0.4,0.3222,2,5,True,
scal,intermediate,final,,42,10,13,13,6,0.3095,0.3254,2,11,True,
scal,intermediate,module,m01-capillary-pressure,15,3,6,3,3,0.4,0.3,1,3,True,
scal,intermediate,module,m02-the-leverett-collapse,15,2,6,4,3,0.4,0.3667,1,4,True,
scal,intermediate,module,m03-the-nameless-field,15,3,6,4,2,0.4,0.3556,1,4,True,
scal,intermediate,module,m04-fitting-and-averaging,15,3,6,4,2,0.4,0.3722,1,2,True,
scal,intermediate,module,m05-saturation-height,15,4,3,6,2,0.4,0.3111,1,7,True,
scal,intermediate,module,m06-the-professional-reading,15,3,5,5,2,0.3333,0.3333,1,2,True,
seismolord,advanced,final,,42,10,12,10,10,0.2857,0.2738,2,12,True,
seismolord,advanced,module,m01-the-wedge-experiment,15,3,3,5,4,0.3333,0.3,2,4,True,
seismolord,advanced,module,m02-two-reflections-meeting,15,4,4,4,3,0.2667,0.2667,0,3,True,
seismolord,advanced,module,m03-the-tuning-curve,15,4,4,4,3,0.2667,0.2889,1,2,True,
seismolord,advanced,module,m04-frequency-and-resolution,15,4,4,3,4,0.2667,0.3,0,4,True,
seismolord,advanced,module,m05-theory-and-the-grid,15,4,4,4,3,0.2667,0.2667,0,0,True,
seismolord,advanced,module,m06-using-the-wedge,15,4,4,4,3,0.2667,0.2889,2,4,True,
seismolord,beginner,final,,42,16,13,7,6,0.381,0.4087,0,20,True,
seismolord,beginner,module,m01-seismic-and-the-well-tie,15,6,2,5,2,0.4,0.4111,0,6,True,
seismolord,beginner,module,m02-velocity-and-impedance,15,6,4,3,2,0.4,0.4333,0,9,True,
seismolord,beginner,module,m03-depth-to-time,15,6,3,4,2,0.4,0.3333,0,3,True,
seismolord,beginner,module,m04-reflection-coefficients,15,6,4,2,3,0.4,0.4111,0,6,True,
seismolord,beginner,module,m05-wavelets-and-convolution,15,6,5,2,2,0.4,0.3889,1,2,True,
seismolord,beginner,module,m06-reading-the-synthetic,15,6,4,3,2,0.4,0.4,0,1,True,
seismolord,intermediate,final,,42,12,10,10,10,0.2857,0.2857,0,0,True,
seismolord,intermediate,module,m01-from-tie-to-shift,15,4,4,4,3,0.2667,0.2667,0,0,True,
seismolord,intermediate,module,m02-the-correlation-scan,15,3,4,4,4,0.2667,0.2667,1,0,True,
seismolord,intermediate,module,m03-reading-the-scan-curve,15,4,4,4,3,0.2667,0.2667,0,0,True,
seismolord,intermediate,module,m04-tuning-moves-the-amplitude,15,4,4,4,3,0.2667,0.2667,0,0,True,
seismolord,intermediate,module,m05-tuning-moves-the-time,15,4,4,4,3,0.2667,0.2667,0,0,True,
seismolord,intermediate,module,m06-the-shift-workflow,15,4,4,4,3,0.2667,0.2667,0,0,True,
separation,advanced,final,,42,11,13,8,10,0.3095,0.2976,1,4,True,
separation,advanced,module,m01-three-phases-in-one-vessel,15,3,4,4,4,0.2667,0.2667,1,1,True,
separation,advanced,module,m02-droplets-and-verdicts,15,4,4,3,4,0.2667,0.2667,0,2,True,
separation,advanced,module,m03-the-family-of-vessels,15,3,4,4,4,0.2667,0.2667,1,2,True,
separation,advanced,module,m04-judging-a-layout,15,3,4,4,4,0.2667,0.2667,1,1,True,
separation,advanced,module,m05-what-the-method-does-not-know,15,3,4,4,4,0.2667,0.3,1,3,True,
separation,advanced,module,m06-the-expert-reading,15,3,4,4,4,0.2667,0.2667,1,1,True,
separation,beginner,final,,42,11,11,10,10,0.2619,0.2619,0,4,True,
separation,beginner,module,m01-what-a-separator-is-for,15,4,4,4,3,0.2667,0.2667,0,0,True,
separation,beginner,module,m02-the-gas-at-separator-conditions,15,4,3,5,3,0.3333,0.3333,2,0,True,
separation,beginner,module,m03-the-k-value,15,4,4,4,3,0.2667,0.2667,0,2,True,
separation,beginner,module,m04-settling,15,4,4,4,3,0.2667,0.2667,0,1,True,
separation,beginner,module,m05-the-vertical-vessel,15,3,4,5,3,0.3333,0.3333,2,0,True,
separation,beginner,module,m06-the-associate-reading,15,4,4,4,3,0.2667,0.2667,0,0,True,
separation,intermediate,final,,42,12,12,11,7,0.2857,0.2857,0,2,True,
separation,intermediate,module,m01-the-horizontal-vessel,15,4,4,3,4,0.2667,0.2667,0,2,True,
separation,intermediate,module,m02-two-lengths-one-vessel,15,4,4,5,2,0.3333,0.3333,2,0,True,
separation,intermediate,module,m03-gas-capacity,15,4,4,4,3,0.2667,0.2667,0,0,True,
separation,intermediate,module,m04-slug-catchers,15,4,5,4,2,0.3333,0.3333,1,2,True,
separation,intermediate,module,m05-distances-on-a-site,15,4,4,5,2,0.3333,0.3333,2,0,True,
separation,intermediate,module,m06-the-professional-reading,15,4,5,4,2,0.3333,0.3333,1,0,True,
sim,advanced,final,,42,11,14,6,11,0.3333,0.2976,1,7,True,
sim,advanced,module,m01-trajectories,15,4,5,2,4,0.3333,0.3333,1,2,True,
sim,advanced,module,m02-the-history-schedule,15,4,5,2,4,0.3333,0.3,0,4,True,
sim,advanced,module,m03-calibration,15,4,5,2,4,0.3333,0.3333,1,3,True,
sim,advanced,module,m04-validation,15,4,5,2,4,0.3333,0.3333,1,3,True,
sim,advanced,module,m05-reading-results,15,4,5,2,4,0.3333,0.3333,1,2,True,
sim,advanced,module,m06-the-expert-reading,15,4,6,2,3,0.4,0.4,1,2,True,
sim,beginner,final,,42,10,16,8,8,0.381,0.369,1,4,True,
sim,beginner,module,m01-what-a-deck-is,15,3,6,3,3,0.4,0.3667,1,2,True,
sim,beginner,module,m02-the-grid,15,4,6,3,2,0.4,0.4,1,0,True,
sim,beginner,module,m03-the-tables,15,4,6,2,3,0.4,0.4,1,1,True,
sim,beginner,module,m04-initialisation,15,3,6,3,3,0.4,0.4,1,3,True,
sim,beginner,module,m05-wells-and-schedule,15,3,6,2,4,0.4,0.4,1,3,True,
sim,beginner,module,m06-the-associate-reading,15,3,6,3,3,0.4,0.4,1,1,True,
sim,intermediate,final,,42,11,16,7,8,0.381,0.3929,1,7,True,
sim,intermediate,module,m01-where-the-structure-comes-from,15,4,5,2,4,0.3333,0.3333,1,3,True,
sim,intermediate,module,m02-the-volumetric-reconciliation,15,4,4,3,4,0.2667,0.3,0,3,True,
sim,intermediate,module,m03-fluid-provenance,15,4,5,2,4,0.3333,0.3,0,3,True,
sim,intermediate,module,m04-rock-curves-from-the-lab,15,4,5,2,4,0.3333,0.3667,1,4,True,
sim,intermediate,module,m05-wells-on-a-real-field,15,3,6,2,4,0.4,0.4,1,2,True,
sim,intermediate,module,m06-the-professional-reading,15,4,5,2,4,0.3333,0.3333,1,1,True,
stimulation,advanced,final,,42,6,16,14,6,0.381,0.381,1,1,True,
stimulation,advanced,module,m01-the-pad-and-the-ramp,15,3,6,4,2,0.4,0.4,1,0,True,
stimulation,advanced,module,m02-from-slurry-to-pack,15,2,6,5,2,0.4,0.4,1,1,True,
stimulation,advanced,module,m03-conductivity,15,5,6,2,2,0.4,0.4,1,2,True,
stimulation,advanced,module,m04-the-fracture-as-a-skin,15,5,6,2,2,0.4,0.4333,1,2,True,
stimulation,advanced,module,m05-the-unified-design-optimum,15,2,6,5,2,0.4,0.4,1,2,True,
stimulation,advanced,module,m06-the-expert-reading,15,2,6,5,2,0.4,0.4,1,3,True,
stimulation,beginner,final,,42,6,16,14,6,0.381,0.3929,1,4,True,
stimulation,beginner,module,m01-what-this-course-decides,15,2,5,6,2,0.4,0.4333,2,1,True,
stimulation,beginner,module,m02-damage-and-what-it-costs,15,2,6,5,2,0.4,0.4,1,0,True,
stimulation,beginner,module,m03-the-acid-route,15,2,5,6,2,0.4,0.4333,2,4,True,
stimulation,beginner,module,m04-carbonates-and-wormholes,15,2,5,6,2,0.4,0.3667,1,3,True,
stimulation,beginner,module,m05-the-matrix-ceiling,15,2,5,6,2,0.4,0.4,2,2,True,
stimulation,beginner,module,m06-the-associate-reading,15,2,5,6,2,0.4,0.4,2,0,True,
stimulation,intermediate,final,,42,6,16,14,6,0.381,0.381,1,1,True,
stimulation,intermediate,module,m01-a-fracture-is-a-pressure-problem,15,2,5,6,2,0.4,0.4556,2,3,True,
stimulation,intermediate,module,m02-two-two-dimensional-models,15,3,6,4,2,0.4,0.4,1,1,True,
stimulation,intermediate,module,m03-width-net-pressure-and-height,15,2,6,5,2,0.4,0.3667,1,2,True,
stimulation,intermediate,module,m04-material-balance,15,2,6,5,2,0.4,0.4,1,0,True,
stimulation,intermediate,module,m05-where-the-models-stop,15,2,6,5,2,0.4,0.4,1,0,True,
stimulation,intermediate,module,m06-the-professional-reading,15,2,6,5,2,0.4,0.3667,1,1,True,
supply,advanced,final,,42,11,9,10,12,0.2857,0.2956,0,27,True,
supply,advanced,module,m01-one-cargo-every-way,15,3,5,4,3,0.3333,0.3556,1,9,True,
supply,advanced,module,m02-the-landed-cost-walk,15,3,5,4,3,0.3333,0.2889,1,3,True,
supply,advanced,module,m03-ocean-loss-and-the-litre-sold,15,4,4,3,4,0.2667,0.3167,0,11,True,
supply,advanced,module,m04-from-depot-gate-to-nozzle,15,4,4,3,4,0.2667,0.2889,0,5,True,
supply,advanced,module,m05-what-breaks-the-price,15,3,3,5,4,0.3333,0.3556,2,6,True,
supply,advanced,module,m06-the-expert-reading,15,4,4,4,3,0.2667,0.2667,0,4,True,
supply,beginner,final,,42,8,9,14,11,0.3333,0.3532,2,22,True,
supply,beginner,module,m01-what-a-terminal-measures,15,4,4,4,3,0.2667,0.2667,0,2,True,
supply,beginner,module,m02-the-strapping-table,15,4,3,4,4,0.2667,0.3056,3,8,True,
supply,beginner,module,m03-free-water-and-the-gross-volume,15,4,4,3,4,0.2667,0.3278,0,8,True,
supply,beginner,module,m04-the-volume-correction-factor,15,3,4,4,4,0.2667,0.2889,1,6,True,
supply,beginner,module,m05-closing-the-day,15,3,4,5,3,0.3333,0.2889,3,8,True,
supply,beginner,module,m06-the-associate-reading,15,4,3,4,4,0.2667,0.2833,2,3,True,
supply,intermediate,final,,42,12,11,10,9,0.2857,0.2996,2,21,True,
supply,intermediate,module,m01-the-loading-rack-as-a-queue,15,3,2,6,4,0.4,0.3333,2,4,True,
supply,intermediate,module,m02-waiting-time-and-a-full-rack,15,4,5,2,4,0.3333,0.2889,0,3,True,
supply,intermediate,module,m03-the-tank-farm,15,2,4,5,4,0.3333,0.3056,3,4,True,
supply,intermediate,module,m04-throughput-economics,15,4,4,4,3,0.2667,0.3333,1,3,True,
supply,intermediate,module,m05-the-lane-the-fleet-and-the-station,15,3,5,3,4,0.3333,0.3333,3,7,True,
supply,intermediate,module,m06-the-professional-reading,15,2,4,5,4,0.3333,0.3333,2,3,True,
surveillance,advanced,final,,42,12,12,12,6,0.2857,0.2976,1,2,True,
surveillance,advanced,module,m01-one-ratio-read-two-ways,15,2,5,4,4,0.3333,0.3667,1,1,True,
surveillance,advanced,module,m02-the-column-that-is-never-read,15,3,5,4,3,0.3333,0.3333,1,1,True,
surveillance,advanced,module,m03-the-spellings-of-nothing,15,4,4,3,4,0.2667,0.2667,0,0,True,
surveillance,advanced,module,m04-guards-in-the-wrong-place,15,4,4,5,2,0.3333,0.3333,1,5,True,
surveillance,advanced,module,m05-one-rate-two-phases,15,4,3,4,4,0.2667,0.2667,0,1,True,
surveillance,advanced,module,m06-the-expert-reading,15,4,4,5,2,0.3333,0.3,1,1,True,
surveillance,beginner,final,,42,11,11,10,10,0.2619,0.2619,0,2,True,
surveillance,beginner,module,m01-a-ledger-and-a-question,15,4,3,5,3,0.3333,0.3333,2,1,True,
surveillance,beginner,module,m02-the-producing-day-rate,15,4,4,3,4,0.2667,0.2667,0,0,True,
surveillance,beginner,module,m03-the-ratios-a-row-carries,15,4,3,4,4,0.2667,0.2667,0,1,True,
surveillance,beginner,module,m04-from-rows-to-a-field,15,3,5,3,4,0.3333,0.3333,1,2,True,
surveillance,beginner,module,m05-the-field-kpis,15,4,4,4,3,0.2667,0.2667,0,1,True,
surveillance,beginner,module,m06-the-associate-reading,15,4,4,4,3,0.2667,0.2667,0,2,True,
surveillance,intermediate,final,,42,12,12,8,10,0.2857,0.2857,0,6,True,
surveillance,intermediate,module,m01-two-windows-on-one-well,15,4,2,5,4,0.3333,0.3333,2,1,True,
surveillance,intermediate,module,m02-the-seven-exceptions,15,4,5,3,3,0.3333,0.3333,1,0,True,
surveillance,intermediate,module,m03-the-test-that-carries-a-well,15,4,4,3,4,0.2667,0.2667,0,2,True,
surveillance,intermediate,module,m04-one-meter-many-wells,15,4,4,4,3,0.2667,0.2667,0,0,True,
surveillance,intermediate,module,m05-what-the-meter-and-the-model-say,15,4,4,4,3,0.2667,0.3,0,1,True,
surveillance,intermediate,module,m06-the-professional-reading,15,4,4,3,4,0.2667,0.3,1,2,True,
torquedrag,advanced,final,,42,6,9,16,11,0.381,0.381,2,3,True,
torquedrag,advanced,module,m01-compression,15,2,2,6,5,0.4,0.4,2,2,True,
torquedrag,advanced,module,m02-what-the-pipe-has-left,15,2,2,6,5,0.4,0.4,2,0,True,
torquedrag,advanced,module,m03-casing-wear,15,2,2,6,5,0.4,0.4333,2,1,True,
torquedrag,advanced,module,m04-planning-against-it,15,2,2,6,5,0.4,0.4,2,1,True,
torquedrag,advanced,module,m05-when-the-model-stops,15,2,3,6,4,0.4,0.4,2,0,True,
torquedrag,advanced,module,m06-the-expert-reading,15,2,5,6,2,0.4,0.4667,2,3,True,
torquedrag,beginner,final,,42,6,7,16,13,0.381,0.381,2,3,True,
torquedrag,beginner,module,m01-what-torque-and-drag-is,15,2,2,6,5,0.4,0.4333,2,2,True,
torquedrag,beginner,module,m02-the-soft-string-model,15,2,2,6,5,0.4,0.4,2,1,True,
torquedrag,beginner,module,m03-hookload,15,2,2,6,5,0.4,0.4,2,1,True,
torquedrag,beginner,module,m04-the-operations,15,2,2,6,5,0.4,0.4,2,0,True,
torquedrag,beginner,module,m05-reading-the-output,15,2,4,6,3,0.4,0.4,2,0,True,
torquedrag,beginner,module,m06-the-associate-reading,15,2,2,6,5,0.4,0.4,2,1,True,
torquedrag,intermediate,final,,42,6,7,16,13,0.381,0.381,2,0,True,
torquedrag,intermediate,module,m01-the-friction-factor,15,2,2,6,5,0.4,0.4333,2,2,True,
torquedrag,intermediate,module,m02-torque,15,2,2,6,5,0.4,0.4333,2,3,True,
torquedrag,intermediate,module,m03-side-force,15,2,2,6,5,0.4,0.4,2,0,True,
torquedrag,intermediate,module,m04-calibration,15,2,3,6,4,0.4,0.4,2,0,True,
torquedrag,intermediate,module,m05-against-the-oracle,15,2,2,6,5,0.4,0.4,2,2,True,
torquedrag,intermediate,module,m06-the-professional-reading,15,2,3,6,4,0.4,0.3667,2,1,True,
uncertainty,advanced,final,,42,9,15,10,8,0.3571,0.3452,1,2,True,
uncertainty,advanced,module,m01-one-meaning-of-a-p-label,15,3,6,4,2,0.4,0.4,1,2,True,
uncertainty,advanced,module,m02-the-scenario-builder-monte-carlo,15,4,4,3,4,0.2667,0.2667,0,2,True,
uncertainty,advanced,module,m03-two-percentile-rules,15,3,5,3,4,0.3333,0.3333,1,0,True,
uncertainty,advanced,module,m04-edges-that-used-to-break,15,4,5,2,4,0.3333,0.3333,1,3,True,
uncertainty,advanced,module,m05-numbers-to-distrust,15,4,4,3,4,0.2667,0.2667,0,1,True,
uncertainty,advanced,module,m06-the-expert-reading,15,3,5,3,4,0.3333,0.3,1,5,True,
uncertainty,beginner,final,,42,11,11,10,10,0.2619,0.2619,0,6,True,
uncertainty,beginner,module,m01-what-a-screening-model-is,15,3,4,4,4,0.2667,0.3,1,2,True,
uncertainty,beginner,module,m02-the-case-before-the-numbers,15,3,3,5,4,0.3333,0.3333,2,0,True,
uncertainty,beginner,module,m03-the-royalty-and-tax-ledger,15,3,4,4,4,0.2667,0.2667,1,1,True,
uncertainty,beginner,module,m04-value-from-a-ledger,15,4,3,4,4,0.2667,0.2667,0,0,True,
uncertainty,beginner,module,m05-one-number-becomes-three,15,4,2,5,4,0.3333,0.3,2,3,True,
uncertainty,beginner,module,m06-the-associate-reading,15,3,4,4,4,0.2667,0.2667,1,0,True,
uncertainty,intermediate,final,,42,12,10,10,10,0.2857,0.2976,0,7,True,
uncertainty,intermediate,module,m01-percentiles-are-not-endpoints,15,4,4,4,3,0.2667,0.2667,0,3,True,
uncertainty,intermediate,module,m02-sampling-a-distribution,15,4,3,4,4,0.2667,0.3,0,3,True,
uncertainty,intermediate,module,m03-the-breakeven-price,15,4,4,4,3,0.2667,0.2667,0,4,True,
uncertainty,intermediate,module,m04-reading-the-sample,15,4,4,4,3,0.2667,0.2667,0,2,True,
uncertainty,intermediate,module,m05-the-two-sided-tornado,15,4,4,3,4,0.2667,0.2667,0,1,True,
uncertainty,intermediate,module,m06-the-professional-reading,15,4,4,5,2,0.3333,0.3333,2,2,True,
waterflood,advanced,final,,42,10,16,8,8,0.381,0.3452,1,6,True,
waterflood,advanced,module,m01-heterogeneity,15,3,3,6,3,0.4,0.4333,2,5,True,
waterflood,advanced,module,m02-layered-sweep,15,3,2,6,4,0.4,0.4,2,0,True,
waterflood,advanced,module,m03-areal-sweep,15,3,5,3,4,0.3333,0.3556,1,4,True,
waterflood,advanced,module,m04-the-forecast,15,3,6,2,4,0.4,0.4,1,2,True,
waterflood,advanced,module,m05-forecast-against-field,15,4,4,4,3,0.2667,0.3333,0,5,True,
waterflood,advanced,module,m06-the-expert-reading,15,3,6,2,4,0.4,0.4,1,0,True,
waterflood,beginner,final,,42,9,16,10,7,0.381,0.369,1,3,True,
waterflood,beginner,module,m01-what-a-waterflood-is,15,4,5,3,3,0.3333,0.3333,1,0,True,
waterflood,beginner,module,m02-voidage,15,4,3,5,3,0.3333,0.3,2,4,True,
waterflood,beginner,module,m03-reading-vrr,15,4,6,2,3,0.4,0.4,1,0,True,
waterflood,beginner,module,m04-pressure,15,4,5,2,4,0.3333,0.3667,1,1,True,
waterflood,beginner,module,m05-the-ledger-in-practice,15,3,6,3,3,0.4,0.4,1,0,True,
waterflood,beginner,module,m06-the-associate-reading,15,4,4,4,3,0.2667,0.3,1,2,True,
waterflood,intermediate,final,,42,9,16,6,11,0.381,0.369,1,3,True,
waterflood,intermediate,module,m01-allocation,15,4,5,3,3,0.3333,0.3333,1,0,True,
waterflood,intermediate,module,m02-pattern-vrr,15,2,6,5,2,0.4,0.4,1,0,True,
waterflood,intermediate,module,m03-advice,15,4,3,5,3,0.3333,0.3333,2,2,True,
waterflood,intermediate,module,m04-injectivity,15,3,6,2,4,0.4,0.4,1,0,True,
waterflood,intermediate,module,m05-water-arrival,15,4,6,3,2,0.4,0.4,1,0,True,
waterflood,intermediate,module,m06-the-professional-reading,15,4,6,3,2,0.4,0.4,1,0,True,
wellcontrol,advanced,final,,42,6,6,16,14,0.381,0.381,2,3,True,
wellcontrol,advanced,module,m01-maasp,15,2,3,6,4,0.4,0.4333,2,1,True,
wellcontrol,advanced,module,m02-kick-tolerance,15,2,4,6,3,0.4,0.4333,2,2,True,
wellcontrol,advanced,module,m03-the-bubble,15,2,2,6,5,0.4,0.4,2,0,True,
wellcontrol,advanced,module,m04-planning-with-it,15,2,2,6,5,0.4,0.4,2,2,True,
wellcontrol,advanced,module,m05-the-edges-of-the-model,15,2,2,6,5,0.4,0.4333,2,2,True,
wellcontrol,advanced,module,m06-the-expert-reading,15,2,2,6,5,0.4,0.4,2,0,True,
wellcontrol,beginner,final,,42,6,6,16,14,0.381,0.3929,2,5,True,
wellcontrol,beginner,module,m01-what-a-kick-is,15,2,2,6,5,0.4,0.4,2,1,True,
wellcontrol,beginner,module,m02-volumes-and-strokes,15,2,2,6,5,0.4,0.4,2,1,True,
wellcontrol,beginner,module,m03-the-shut-in-pressures,15,2,2,6,5,0.4,0.4,2,1,True,
wellcontrol,beginner,module,m04-the-kill-mud,15,2,2,6,5,0.4,0.4,2,3,True,
wellcontrol,beginner,module,m05-circulating-it-out,15,2,2,6,5,0.4,0.4,2,2,True,
wellcontrol,beginner,module,m06-the-associate-reading,15,2,2,6,5,0.4,0.4,2,0,True,
wellcontrol,intermediate,final,,42,6,6,16,14,0.381,0.381,2,4,True,
wellcontrol,intermediate,module,m01-the-kill-sheet,15,2,2,6,5,0.4,0.4,2,3,True,
wellcontrol,intermediate,module,m02-what-the-influx-is,15,2,2,6,5,0.4,0.4,2,1,True,
wellcontrol,intermediate,module,m03-holding-bottom-hole-pressure,15,2,2,6,5,0.4,0.4,2,1,True,
wellcontrol,intermediate,module,m04-reading-the-sheet-back,15,2,2,6,5,0.4,0.4,2,1,True,
wellcontrol,intermediate,module,m05-against-the-oracle,15,2,2,6,5,0.4,0.4,2,0,True,
wellcontrol,intermediate,module,m06-the-professional-reading,15,2,2,6,5,0.4,0.4,2,1,True,
wellcorrelation,advanced,final,,42,11,11,10,10,0.2619,0.2619,0,1,True,
wellcorrelation,advanced,module,m01-predicting-a-missing-pick,15,4,4,4,3,0.2667,0.2667,0,0,True,
wellcorrelation,advanced,module,m02-the-layer-cake-estimate,15,4,4,4,3,0.2667,0.2667,0,0,True,
wellcorrelation,advanced,module,m03-projecting-from-a-nearer-marker,15,4,4,4,3,0.2667,0.2667,0,0,True,
wellcorrelation,advanced,module,m04-the-spread,15,4,4,3,4,0.2667,0.2667,0,0,True,
wellcorrelation,advanced,module,m05-relief-against-uncertainty,15,4,4,4,3,0.2667,0.2667,0,0,True,
wellcorrelation,advanced,module,m06-the-prediction-workflow,15,4,4,4,3,0.2667,0.2667,0,0,True,
wellcorrelation,beginner,final,,42,16,11,8,7,0.381,0.3829,0,20,True,
wellcorrelation,beginner,module,m01-correlation-and-the-section,15,6,4,2,3,0.4,0.3889,0,6,True,
wellcorrelation,beginner,module,m02-formation-tops,15,6,4,2,3,0.4,0.3833,0,6,True,
wellcorrelation,beginner,module,m03-the-structural-section,15,5,4,2,4,0.3333,0.3444,0,9,True,
wellcorrelation,beginner,module,m04-flattening-and-datums,15,6,2,2,5,0.4,0.3056,0,9,True,
wellcorrelation,beginner,module,m05-zones-and-correlation-lines,15,6,4,3,2,0.4,0.45,0,4,True,
wellcorrelation,beginner,module,m06-the-correlation-workflow,15,6,2,4,3,0.4,0.4,0,0,True,
wellcorrelation,intermediate,final,,42,12,11,10,9,0.2857,0.2857,0,2,True,
wellcorrelation,intermediate,module,m01-from-reading-to-flattening,15,4,4,3,4,0.2667,0.2667,0,0,True,
wellcorrelation,intermediate,module,m02-choosing-a-datum,15,4,4,4,3,0.2667,0.2667,0,0,True,
wellcorrelation,intermediate,module,m03-displayed-depth,15,4,4,4,3,0.2667,0.2667,0,2,True,
wellcorrelation,intermediate,module,m04-growth,15,4,4,3,4,0.2667,0.2667,0,3,True,
wellcorrelation,intermediate,module,m05-missing-tops,15,4,4,4,3,0.2667,0.2667,0,1,True,
wellcorrelation,intermediate,module,m06-the-flattening-workflow,15,4,4,4,3,0.2667,0.2667,0,1,True,
wellcost,advanced,final,,42,6,16,14,6,0.381,0.369,1,2,True,
wellcost,advanced,module,m01-the-cost-time-curve,15,2,6,5,2,0.4,0.4,1,1,True,
wellcost,advanced,module,m02-the-endpoint-identity,15,2,6,5,2,0.4,0.4,1,0,True,
wellcost,advanced,module,m03-uncertainty,15,2,6,5,2,0.4,0.4,1,0,True,
wellcost,advanced,module,m04-why-convexity-bites,15,2,6,5,2,0.4,0.4,1,0,True,
wellcost,advanced,module,m05-reading-a-risked-result,15,2,6,5,2,0.4,0.4,1,0,True,
wellcost,advanced,module,m06-the-expert-reading,15,2,6,5,2,0.4,0.4,1,0,True,
wellcost,beginner,final,,42,6,16,14,6,0.381,0.369,1,3,True,
wellcost,beginner,module,m01-what-this-course-decides,15,2,6,5,2,0.4,0.4,1,0,True,
wellcost,beginner,module,m02-the-activity,15,2,6,5,2,0.4,0.4,1,2,True,
wellcost,beginner,module,m03-the-closed-forms,15,2,6,5,2,0.4,0.4,1,1,True,
wellcost,beginner,module,m04-productive-and-non-productive,15,5,6,2,2,0.4,0.4,1,0,True,
wellcost,beginner,module,m05-rolling-up-a-programme,15,2,6,5,2,0.4,0.4,1,0,True,
wellcost,beginner,module,m06-the-associate-reading,15,2,6,5,2,0.4,0.4,1,0,True,
wellcost,intermediate,final,,42,6,16,14,6,0.381,0.369,1,2,True,
wellcost,intermediate,module,m01-an-afe-is-a-structure,15,2,6,5,2,0.4,0.4,1,1,True,
wellcost,intermediate,module,m02-the-three-cost-bases,15,3,6,4,2,0.4,0.4,1,0,True,
wellcost,intermediate,module,m03-tangible-and-intangible,15,3,6,4,2,0.4,0.4,1,1,True,
wellcost,intermediate,module,m04-contingency,15,2,6,5,2,0.4,0.4,1,2,True,
wellcost,intermediate,module,m05-cost-per-metre,15,2,6,5,2,0.4,0.4,1,0,True,
wellcost,intermediate,module,m06-the-professional-reading,15,2,6,5,2,0.4,0.4,1,1,True,
welldata,advanced,final,,42,12,10,11,9,0.2857,0.2857,0,2,True,
welldata,advanced,module,m01-the-campaign,15,4,4,4,3,0.2667,0.2667,0,2,True,
welldata,advanced,module,m02-counting-curves,15,4,4,4,3,0.2667,0.2667,0,2,True,
welldata,advanced,module,m03-finding-the-exceptions,15,4,4,4,3,0.2667,0.2667,0,0,True,
welldata,advanced,module,m04-aggregates-hide-composition,15,4,4,4,3,0.2667,0.2667,0,0,True,
welldata,advanced,module,m05-the-wrapped-file,15,4,4,4,3,0.2667,0.2667,0,0,True,
welldata,advanced,module,m06-the-campaign-workflow,15,4,4,4,3,0.2667,0.2667,0,0,True,
welldata,beginner,final,,42,16,9,7,10,0.381,0.4087,0,12,True,
welldata,beginner,module,m01-well-data-and-the-registry,15,6,5,2,2,0.4,0.3556,0,5,True,
welldata,beginner,module,m02-the-las-format,15,5,2,3,5,0.3333,0.35,0,7,True,
welldata,beginner,module,m03-depth-units-and-steps,15,6,4,2,3,0.4,0.3889,0,6,True,
welldata,beginner,module,m04-nulls-and-data-quality,15,6,2,3,4,0.4,0.4,0,3,True,
welldata,beginner,module,m05-headers-and-metadata,15,6,4,3,2,0.4,0.4,0,2,True,
welldata,beginner,module,m06-the-qc-workflow,15,6,4,2,3,0.4,0.3833,0,2,True,
welldata,intermediate,final,,42,11,12,9,10,0.2857,0.2857,1,4,True,
welldata,intermediate,module,m01-from-qc-to-import,15,4,4,3,4,0.2667,0.2667,0,3,True,
welldata,intermediate,module,m02-depth-units,15,4,4,4,3,0.2667,0.2667,0,2,True,
welldata,intermediate,module,m03-curve-units,15,4,4,4,3,0.2667,0.2667,0,1,True,
welldata,intermediate,module,m04-curve-kinds,15,4,2,5,4,0.3333,0.3,2,3,True,
welldata,intermediate,module,m05-step-uniformity,15,4,4,4,3,0.2667,0.3333,1,3,True,
welldata,intermediate,module,m06-the-import-workflow,15,4,4,4,3,0.2667,0.2667,0,2,True,
welldesign,advanced,final,,42,6,6,16,14,0.381,0.381,2,2,True,
welldesign,advanced,module,m01-two-wells-in-one-frame,15,2,2,6,5,0.4,0.4,2,0,True,
welldesign,advanced,module,m02-the-separation-factor,15,2,3,6,4,0.4,0.4,2,0,True,
welldesign,advanced,module,m03-what-it-moves-with,15,2,2,6,5,0.4,0.4222,2,2,True,
welldesign,advanced,module,m04-the-reference-frame,15,2,2,6,5,0.4,0.4,2,1,True,
welldesign,advanced,module,m05-reporting-and-its-limits,15,2,2,6,5,0.4,0.4,2,1,True,
welldesign,advanced,module,m06-the-expert-reading,15,2,3,6,4,0.4,0.4,2,0,True,
welldesign,beginner,final,,42,6,6,16,14,0.381,0.381,2,2,True,
welldesign,beginner,module,m01-what-a-survey-is,15,4,2,5,4,0.3333,0.3333,2,1,True,
welldesign,beginner,module,m02-minimum-curvature,15,2,2,6,5,0.4,0.3667,2,1,True,
welldesign,beginner,module,m03-reading-the-survey-table,15,2,2,6,5,0.4,0.4,2,1,True,
welldesign,beginner,module,m04-designing-a-trajectory,15,2,4,6,3,0.4,0.4,2,0,True,
welldesign,beginner,module,m05-compiling-and-checking,15,2,2,6,5,0.4,0.4,2,1,True,
welldesign,beginner,module,m06-the-associate-reading,15,2,2,6,5,0.4,0.4,2,0,True,
welldesign,intermediate,final,,42,6,8,16,12,0.381,0.381,2,3,True,
welldesign,intermediate,module,m01-why-a-position-is-uncertain,15,2,2,6,5,0.4,0.4,2,0,True,
welldesign,intermediate,module,m02-the-iscwsa-model,15,2,2,6,5,0.4,0.4,2,1,True,
welldesign,intermediate,module,m03-reading-the-covariance,15,2,2,6,5,0.4,0.4333,2,2,True,
welldesign,intermediate,module,m04-the-budget,15,2,2,6,5,0.4,0.4,2,1,True,
welldesign,intermediate,module,m05-using-the-number,15,2,2,6,5,0.4,0.4333,2,4,True,
welldesign,intermediate,module,m06-the-professional-reading,15,2,2,6,5,0.4,0.4,2,0,True,
welltest,advanced,final,,42,12,7,12,11,0.2857,0.2738,0,8,True,
welltest,advanced,module,m01-regression,15,4,3,5,3,0.3333,0.2667,0,3,True,
welltest,advanced,module,m02-what-a-fit-cannot-tell-you,15,4,5,2,4,0.3333,0.3,0,3,True,
welltest,advanced,module,m03-rate-history,15,3,3,6,3,0.4,0.4333,2,4,True,
welltest,advanced,module,m04-gas,15,4,5,2,4,0.3333,0.3,1,3,True,
welltest,advanced,module,m05-rate-transient-analysis,15,4,3,4,4,0.2667,0.3,3,4,True,
welltest,advanced,module,m06-the-expert-reading,15,4,4,3,4,0.2667,0.3,0,4,True,
welltest,beginner,final,,42,12,8,11,11,0.2857,0.2738,0,12,True,
welltest,beginner,module,m01-what-a-well-test-is,15,2,2,6,5,0.4,0.3667,2,4,True,
welltest,beginner,module,m02-the-radial-straight-line,15,4,6,2,3,0.4,0.4,1,3,True,
welltest,beginner,module,m03-skin,15,4,6,2,3,0.4,0.3667,1,4,True,
welltest,beginner,module,m04-buildup-horner-and-mdh,15,3,2,6,4,0.4,0.4,2,3,True,
welltest,beginner,module,m05-choosing-the-line,15,4,5,2,4,0.3333,0.3,1,3,True,
welltest,beginner,module,m06-the-associate-reading,15,2,5,4,4,0.3333,0.3333,1,6,True,
welltest,intermediate,final,,42,11,13,6,12,0.3095,0.2857,1,12,True,
welltest,intermediate,module,m01-the-derivative,15,4,5,2,4,0.3333,0.3333,1,0,True,
welltest,intermediate,module,m02-reading-shapes,15,4,4,5,2,0.3333,0.3667,2,1,True,
welltest,intermediate,module,m03-boundaries,15,4,5,2,4,0.3333,0.3667,1,1,True,
welltest,intermediate,module,m04-the-well-itself,15,4,6,2,3,0.4,0.4,1,0,True,
welltest,intermediate,module,m05-heterogeneity-and-data,15,3,4,4,4,0.2667,0.3,3,8,True,
welltest,intermediate,module,m06-the-professional-reading,15,3,6,2,4,0.4,0.3556,1,5,True,
