course,tier,key,unit,expected,tol,class,flags,leak,shipped,source,printed,display_scale,prompt_decimals,rounding_miss,answer_space,guess_p,owner_decision,fix,source_ref,display_ref,evidence
basin,beginner,solid_100,m,38.57953418711555,0.05,none,[],True,,nextgen-panel,"{""decimals"": 8}",1.0,,2.8844482358181267e-09,,,True,,/root/wt-b5-nextgen/src/components/course/panels/basin/BurialHeatExplorer.jsx:124; /root/wt-b5-nextgen/src/content/courses/basin/beginner/m06-the-basin-workflow/l03-the-capstone-walkthrough.md,/root/wt-b5-nextgen/src/components/course/panels/basin/BurialHeatExplorer.jsx:124,"Tile ""Solid thickness in 100 m at surface"" fmt(read.solid100, 8); fmt = v.toFixed(d) (BurialHeatExplorer.jsx:18). Lithology defaults to shale (line 23). Closed-form grain integral is also taught (beginner m02/l04), so a hand-calc is possible. Printed resolution 1e-08 is far inside tol 0.05."
basin,beginner,restored,m,159.79553483785466,0.05,none,[],True,,nextgen-panel,"{""decimals"": 8}",1.0,,2.1453274712257553e-09,,,True,,/root/wt-b5-nextgen/src/components/course/panels/basin/BurialHeatExplorer.jsx:126; /root/wt-b5-nextgen/src/content/courses/basin/beginner/m06-the-basin-workflow/l03-the-capstone-walkthrough.md,/root/wt-b5-nextgen/src/components/course/panels/basin/BurialHeatExplorer.jsx:126,"Tile ""Restored to surface"" fmt(read.restored, 8); burial depth input defaults to 1000 (line 25), so the capstone value shows on open. Printed resolution 1e-08 is far inside tol 0.05."
basin,beginner,phi_2000,v/v,0.22717481230903933,0.001,none,[],True,,nextgen-panel,"{""decimals"": 8}",1.0,,2.3090393208580196e-09,,,True,,/root/wt-b5-nextgen/src/components/course/panels/basin/BurialHeatExplorer.jsx:123; /root/wt-b5-nextgen/src/content/courses/basin/beginner/m06-the-basin-workflow/l03-the-capstone-walkthrough.md,/root/wt-b5-nextgen/src/components/course/panels/basin/BurialHeatExplorer.jsx:123,"Tile ""Porosity at 2000 m"" fmt(read.phi, 8); depth defaults to 2000 (line 24). Also a one-line hand-calc 0.63 exp(-0.00051 x 2000). Printed resolution 1e-08 is far inside tol 0.001."
basin,beginner,t_first,degC,11.666666666666671,0.05,none,[],True,,nextgen-panel,"{""decimals"": 6}",1.0,,3.333333289390339e-07,,,True,,/root/wt-b5-nextgen/src/components/course/panels/basin/BurialHeatExplorer.jsx:128; /root/wt-b5-nextgen/src/content/courses/basin/beginner/m06-the-basin-workflow/l03-the-capstone-walkthrough.md,/root/wt-b5-nextgen/src/components/course/panels/basin/BurialHeatExplorer.jsx:128,"Tile ""Temperature at 50 m"" fmt(BASE.tFirstNode, 6), fixed golden column; hand-calc T = Ts + Qz/k is taught (beginner m04). Printed resolution 1e-06 is far inside tol 0.05."
basin,beginner,t_lowk_base,degC,41.66666666666673,0.05,none,[],True,,nextgen-panel,"{""decimals"": 6}",1.0,,3.3333326854290135e-07,,,True,,/root/wt-b5-nextgen/src/components/course/panels/basin/BurialHeatExplorer.jsx:129; /root/wt-b5-nextgen/src/content/courses/basin/beginner/m06-the-basin-workflow/l03-the-capstone-walkthrough.md,/root/wt-b5-nextgen/src/components/course/panels/basin/BurialHeatExplorer.jsx:129,"Tile ""Temperature at 950 m"" fmt(BASE.tLayer1Bottom, 6); hand-calc 10 + 0.06 x 950 / 1.8. Printed resolution 1e-06 is far inside tol 0.05."
basin,beginner,t_deepest,degC,59.619047619047684,0.05,none,[],True,,nextgen-panel,"{""decimals"": 6}",1.0,,3.809523150266614e-07,,,True,,/root/wt-b5-nextgen/src/components/course/panels/basin/BurialHeatExplorer.jsx:130; /root/wt-b5-nextgen/src/content/courses/basin/beginner/m06-the-basin-workflow/l03-the-capstone-walkthrough.md,/root/wt-b5-nextgen/src/components/course/panels/basin/BurialHeatExplorer.jsx:130,"Tile ""Temperature at 1950 m"" fmt(BASE.tDeepest, 6); hand-calc continues from 43.333 at 1000 m through k 3.5. Printed resolution 1e-06 is far inside tol 0.05."
basin,intermediate,ro_f0,%Ro,0.20189651799465538,0.001,none,[],True,,nextgen-panel,"{""decimals"": 8}",1.0,,2.005344612587834e-09,,,True,,/root/wt-b5-nextgen/src/components/course/panels/basin/KineticsExplorer.jsx:124; /root/wt-b5-nextgen/src/content/courses/basin/intermediate/m06-the-kinetics-workflow/l03-the-capstone-walkthrough.md,/root/wt-b5-nextgen/src/components/course/panels/basin/KineticsExplorer.jsx:124,"Tile ""Ro at zero reaction"" fmt(m.roF0, 8); fmt = v.toFixed(d) (KineticsExplorer.jsx:23). Closed form exp(-1.6) taught in intermediate m02/l02. Printed resolution 1e-08 is far inside tol 0.001."
basin,intermediate,ro_full,%Ro,4.687971627022019,0.005,none,[],True,,nextgen-panel,"{""decimals"": 8}",1.0,,2.9779805288399075e-09,,,True,,/root/wt-b5-nextgen/src/components/course/panels/basin/KineticsExplorer.jsx:125; /root/wt-b5-nextgen/src/content/courses/basin/intermediate/m06-the-kinetics-workflow/l03-the-capstone-walkthrough.md,/root/wt-b5-nextgen/src/components/course/panels/basin/KineticsExplorer.jsx:125,"Tile ""Ro at full reaction"" fmt(m.roFull, 8); closed form exp(-1.6 + 3.7 x 0.85). Printed resolution 1e-08 is far inside tol 0.005."
basin,intermediate,ro_150_r3,%Ro,0.9871413464062039,0.002,none,[],True,,nextgen-panel,"{""decimals"": 8}",1.0,,3.5937961495591253e-09,,,True,,/root/wt-b5-nextgen/src/components/course/panels/basin/KineticsExplorer.jsx:126; /root/wt-b5-nextgen/src/content/courses/basin/intermediate/m06-the-kinetics-workflow/l03-the-capstone-walkthrough.md,/root/wt-b5-nextgen/src/components/course/panels/basin/KineticsExplorer.jsx:126,"Tile ""Ro at 150 degC, rate ${rate}"" fmt(m.roAt(rate,150), 8); rate defaults to 3 (line 26), probe shows 0.98714135 on open. Needs the 20-bin Easy%Ro integrator, so the panel is the source. Printed resolution 1e-08 is far inside tol 0.002."
basin,intermediate,ro_150_r1,%Ro,1.1129254516555198,0.002,none,[],True,,nextgen-panel,"{""decimals"": 8}",1.0,,1.6555197213108386e-09,,,True,,/root/wt-b5-nextgen/src/components/course/panels/basin/KineticsExplorer.jsx:126; /root/wt-b5-nextgen/src/content/courses/basin/intermediate/m06-the-kinetics-workflow/l03-the-capstone-walkthrough.md,/root/wt-b5-nextgen/src/components/course/panels/basin/KineticsExplorer.jsx:126,"Same tile after one click on the rate 1 button; probe state ""1"" shows 1.11292545. Integrator-only quantity. Printed resolution 1e-08 is far inside tol 0.002."
basin,intermediate,tr_10,frac,0.022481215976523083,0.0005,none,[],True,,nextgen-panel,"{""decimals"": 8}",1.0,,4.023476916220625e-09,,,True,,/root/wt-b5-nextgen/src/components/course/panels/basin/KineticsExplorer.jsx:129; /root/wt-b5-nextgen/src/content/courses/basin/intermediate/m06-the-kinetics-workflow/l03-the-capstone-walkthrough.md,/root/wt-b5-nextgen/src/components/course/panels/basin/KineticsExplorer.jsx:129,"Tile ""TR at 10 Ma"" fmt(m.trAt(10), 8); defaults isothermal 100 degC (line 27) and Type II (line 28), probe shows 0.02248122 on open. Printed resolution 1e-08 is far inside tol 0.0005."
basin,intermediate,tr_50,frac,0.05477927380797565,0.0005,none,[],True,,nextgen-panel,"{""decimals"": 8}",1.0,,3.807975650083062e-09,,,True,,/root/wt-b5-nextgen/src/components/course/panels/basin/KineticsExplorer.jsx:130; /root/wt-b5-nextgen/src/content/courses/basin/intermediate/m06-the-kinetics-workflow/l03-the-capstone-walkthrough.md,/root/wt-b5-nextgen/src/components/course/panels/basin/KineticsExplorer.jsx:130,"Tile ""TR at 50 Ma"" fmt(m.trAt(50), 8); probe shows 0.05477927 on open. Printed resolution 1e-08 is far inside tol 0.0005."
basin,advanced,final_ro,%Ro,1.6718288798752388,0.002,none,[],True,,nextgen-panel,"{""decimals"": 8}",1.0,,1.2476131239225197e-10,,,True,,/root/wt-b5-nextgen/src/components/course/panels/basin/ChargeExplorer.jsx:118; /root/wt-b5-nextgen/src/content/courses/basin/advanced/m06-the-charge-workflow/l03-the-capstone-walkthrough.md,/root/wt-b5-nextgen/src/components/course/panels/basin/ChargeExplorer.jsx:118,"Tile ""Final Ro"" fmt(m.finalRo, 8); fmt = v.toFixed(d) (ChargeExplorer.jsx:19). Erosion amount defaults to 600 (line 22), the reference case; value from computeErosionScenario (src/lib/basinTeaching.js:205), asserted to 12 dp in chargeLab.test.js:17. Printed resolution 1e-08 is far inside tol 0.002."
basin,advanced,final_temp,degC,149.76037539670858,0.1,none,[],True,,nextgen-panel,"{""decimals"": 6}",1.0,,3.9670857177043217e-07,,,True,,/root/wt-b5-nextgen/src/components/course/panels/basin/ChargeExplorer.jsx:119; /root/wt-b5-nextgen/src/content/courses/basin/advanced/m06-the-charge-workflow/l03-the-capstone-walkthrough.md,/root/wt-b5-nextgen/src/components/course/panels/basin/ChargeExplorer.jsx:119,"Tile ""Final temperature"" fmt(m.finalTempC, 6); default 600 m run. Forward-model output (transient heat), panel is the source. Printed resolution 1e-06 is far inside tol 0.1."
basin,advanced,final_tr,frac,0.7423743797385286,0.002,none,[],True,,nextgen-panel,"{""decimals"": 8}",1.0,,2.614714000870322e-10,,,True,,/root/wt-b5-nextgen/src/components/course/panels/basin/ChargeExplorer.jsx:120; /root/wt-b5-nextgen/src/content/courses/basin/advanced/m06-the-charge-workflow/l03-the-capstone-walkthrough.md,/root/wt-b5-nextgen/src/components/course/panels/basin/ChargeExplorer.jsx:120,"Tile ""Final TR"" fmt(m.finalTr, 8); default 600 m run. Printed resolution 1e-08 is far inside tol 0.002."
basin,advanced,generated,kg/m2,13946.54641524398,5.0,none,[],True,,nextgen-panel,"{""decimals"": 3}",1.0,,0.0004152439796598628,,,True,,/root/wt-b5-nextgen/src/components/course/panels/basin/ChargeExplorer.jsx:121; /root/wt-b5-nextgen/src/content/courses/basin/advanced/m06-the-charge-workflow/l03-the-capstone-walkthrough.md,/root/wt-b5-nextgen/src/components/course/panels/basin/ChargeExplorer.jsx:121,"Tile ""Generated"" fmt(m.generated, 3); tol 5 kg/m2 vs 0.0005 print resolution. Also potential x TR (tile line 126 prints potential to 4 dp). Printed resolution 0.001 is far inside tol 5."
basin,advanced,expelled,kg/m2,10048.985378825158,5.0,none,[],True,,nextgen-panel,"{""decimals"": 3}",1.0,,0.000378825157895335,,,True,,/root/wt-b5-nextgen/src/components/course/panels/basin/ChargeExplorer.jsx:122; /root/wt-b5-nextgen/src/content/courses/basin/advanced/m06-the-charge-workflow/l03-the-capstone-walkthrough.md,/root/wt-b5-nextgen/src/components/course/panels/basin/ChargeExplorer.jsx:122,"Tile ""Expelled"" fmt(m.expelled, 3); default 600 m run. Lesson identity g(11 Ma) - cap(11 Ma) uses engine values only the lessons state. Printed resolution 0.001 is far inside tol 5."
basin,advanced,ro_delta,%Ro,0.05665081052235643,0.001,none,[],True,,nextgen-panel,"{""decimals"": 8}",1.0,,5.223564289447147e-10,,,True,,/root/wt-b5-nextgen/src/components/course/panels/basin/ChargeExplorer.jsx:123; /root/wt-b5-nextgen/src/content/courses/basin/advanced/m06-the-charge-workflow/l03-the-capstone-walkthrough.md,/root/wt-b5-nextgen/src/components/course/panels/basin/ChargeExplorer.jsx:123,"Tile ""Erosion signature (delta Ro)"" fmt(m.roDelta, 8); the no-event twin runs automatically (basinTeaching.js:211), so the difference is printed directly on open. Printed resolution 1e-08 is far inside tol 0.001."
carbon,beginner,owaza_heater_co2_t,t CO2,16680.088739,0.01,none,[],False,,hand-calc,full,1.0,2,0.0,,,False,,/root/wt-b5-nextgen/src/content/courses/carbon/beginner/m02-carbon-in-co2-out/l04-a-fired-heaters-co2.md,,"356000 x 1.07 x 0.995 x MW_CO2 44.009 / 1000 = 16680.0887; reproduced exactly with the lesson-printed molar mass (l02-molar-masses-from-atomic-weights.md:12). Tol 0.01 is one unit at the two decimals the prompt asks for, above the half unit a correctly rounded entry can be off."
carbon,beginner,owaza_flare_co2_t,t CO2,3290.788818,0.01,none,[],False,,hand-calc,full,1.0,2,0.0,,,False,,/root/wt-b5-nextgen/src/content/courses/carbon/beginner/m03-the-flare-as-an-inventory-line/l03-what-escapes-is-counted-as-methane.md,,"52800 x 1.46 x 0.97 x 44.009 / 1000 = 3290.7888; reproduced exactly. Tol 0.01 is one unit at the two decimals the prompt asks for, above the half unit a correctly rounded entry can be off."
carbon,beginner,owaza_flare_ch4_t,t CH4,37.101684,0.01,none,[],False,,hand-calc,full,1.0,2,0.0,,,False,,/root/wt-b5-nextgen/src/content/courses/carbon/beginner/m03-the-flare-as-an-inventory-line/l03-what-escapes-is-counted-as-methane.md,,"52800 x 1.46 x 0.03 x MW_CH4 16.043 / 1000 = 37.101684; reproduced exactly. Tol 0.01 is one unit at the two decimals the prompt asks for, above the half unit a correctly rounded entry can be off."
carbon,beginner,owaza_flare_ch4_tco2e,tCO2e,1105.630183,0.01,none,[],False,,hand-calc,full,1.0,2,0.0,,,False,,/root/wt-b5-nextgen/src/content/courses/carbon/beginner/m04-global-warming-potentials/l04-one-inventory-on-four-sets.md,,"37.101684 x 29.8 = 1105.63018 (the key rounds the methane to six decimals first; the unrounded product 1105.63017 is 1.4e-5 away, well inside 0.01). Tol 0.01 is one unit at the two decimals the prompt asks for, above the half unit a correctly rounded entry can be off."
carbon,beginner,owaza_scope1_tco2e,tCO2e,24862.76158,0.01,none,[],False,,hand-calc,full,1.0,2,0.0,,,False,,/root/wt-b5-nextgen/src/content/courses/carbon/beginner/m05-lines-factors-and-provenance/l03-the-scope-totals.md,,"Heater CO2 + flare CO2 + (flare CH4 + heater escaped CH4 30.5555 t + 96.5 t) x 29.8 = 24862.7616; reproduced exactly. Tol 0.01 is one unit at the two decimals the prompt asks for, above the half unit a correctly rounded entry can be off."
carbon,beginner,owaza_total_tco2e,tCO2e,31983.56158,0.01,none,[],False,,hand-calc,full,1.0,2,0.0,,,False,,/root/wt-b5-nextgen/src/content/courses/carbon/beginner/m05-lines-factors-and-provenance/l03-the-scope-totals.md,,"Scope 1 + 18400 x 0.387 = 7120.8 gives 31983.5616; reproduced exactly. Tol 0.01 is one unit at the two decimals the prompt asks for, above the half unit a correctly rounded entry can be off."
carbon,intermediate,igrita_excess_air_pct,percent,37.86451,0.0001,none,[],False,,nextgen-panel,"{""decimals"": 4}",1.0,4,1.0000000003174137e-05,,,False,,/root/wt-b5-nextgen/src/components/course/panels/carbon/EfficiencyExplorer.jsx:112 (AirMode; fuel boxes :52 and O2 slider step 0.1 reach the IGRITA fuel and 6.2 percent),"/root/wt-b5-nextgen/src/components/course/panels/carbon/EfficiencyExplorer.jsx:121 F.pct(at.excessAirPercent); /root/wt-b5-nextgen/src/components/course/panels/carbon/carbonLab.js:226 (PRINT table), :230 (fmt = toFixed(PRINT[cls])) pct: 4","The panel shares one fuel state across views (EfficiencyExplorer.jsx:438 excessAirAt(o2, fuel)), so a learner who types the IGRITA fractions and slides to 6.2 reads 37.8645 at 4 decimals; tol 0.0001 is one unit in that place."
carbon,intermediate,igrita_efficiency_lhv_pct,percent,85.021597,0.0001,display,"[""display_miss""]",False,,suite-app,"{""decimals"": 2}",1.0,4,0.0015970000000038453,,,True,"{""display"": ""/opt/petrolord-studio/workspaces/dev1/projects/petrolord-suite/src/components/energyefficiency/CombustionResults.jsx:72 and :120 -> fmt(currentEfficiency.efficiencyPercent, 4) (and targetEfficiency at :121); alternatively add stack and air temperature boxes to the NextGen LossMode (EfficiencyExplorer.jsx:184, which already prints efficiency at F.pct 4 decimals but fixes the stack at 238 C and air at 28 C via heaterAt carbonLab.js:493)""}","/opt/petrolord-studio/workspaces/dev1/projects/petrolord-suite/src/components/energyefficiency/CombustionResults.jsx:72 (Efficiency Studio, named in the prompt for the heating values and the typical cp and latent heat)","/opt/petrolord-studio/workspaces/dev1/projects/petrolord-suite/src/components/energyefficiency/CombustionResults.jsx:72 fmt(currentEfficiency.efficiencyPercent, 2); also :120","The Suite heater card prints efficiency with fmt(v, 2) (toLocaleString, 2 fraction digits), so the best a learner can read is 85.02 against 85.021597 with tol 0.0001. The NextGen LossMode takes fuel, O2 and radiation loss but always uses ISIOKPO_HEATER stack 238 C and air 28 C (EfficiencyExplorer.jsx:193)."
carbon,intermediate,igrita_tuning_saving_gj,GJ a year,7771.999995,1.0,none,[],False,,suite-app,"{""decimals"": 0}",1.0,0,4.999999873689376e-06,,,False,,/opt/petrolord-studio/workspaces/dev1/projects/petrolord-suite/src/components/energyefficiency/CombustionResults.jsx:123 (Energy saved stat),"/opt/petrolord-studio/workspaces/dev1/projects/petrolord-suite/src/components/energyefficiency/CombustionResults.jsx:123 fmt(tuningSaving.annualEnergySavedGJ, 0) GJ/yr","The Studio prints the saving at 0 decimals (7,772 GJ/yr against 7771.999995); tol 1 is a whole unit at the stated precision. The NextGen TuningMode (EfficiencyExplorer.jsx:224) is pinned to the ISIOKPO fuel and temperatures (carbonLab.js:588 tuning uses heaterAt with H), so it cannot reach IGRITA."
carbon,intermediate,igrita_trap_t_per_yr,t a year,469.68800466,0.01,none,[],False,,nextgen-panel,"{""decimals"": 3}",1.0,2,4.6600000018770515e-06,,,False,,"/root/wt-b5-nextgen/src/components/course/panels/carbon/EfficiencyExplorer.jsx:297 (SteamMode; TRAP_BOXES :285 editable, exponent 1.135 button)","/root/wt-b5-nextgen/src/components/course/panels/carbon/EfficiencyExplorer.jsx:319 F.t(tr.tonnesPerYear); /root/wt-b5-nextgen/src/components/course/panels/carbon/carbonLab.js:226 (PRINT table), :230 (fmt = toFixed(PRINT[cls])) t: 3","Orifice 5, upstream 8.213 bar a (7.2 + 1.013, the learner adds the atmosphere as the capstone key does), Cd 0.68, density 4.28, hours 8200 are all boxes; the panel prints tonnes a year to 3 decimals (469.688). Tol 0.01 is one unit at the asked two decimals."
carbon,intermediate,igrita_pinch_hot_utility_kw,kW,51.59,0.01,none,[],False,,hand-calc,full,1.0,2,0.0,,,False,,/root/wt-b5-nextgen/src/content/courses/carbon/intermediate/m05-steam-condensate-and-the-pinch/l05-the-problem-table.md,,"The problem table on the four streams at 12 C is taught step by step (m05 l05) and every product is CP x interval with CPs at two decimals and whole-degree shifts, so the cascade is exact at 51.59; tol 0.01 is one unit at the asked precision."
carbon,intermediate,igrita_pinch_cold_utility_kw,kW,224.13,0.01,none,[],False,,hand-calc,full,1.0,2,0.0,,,False,,/root/wt-b5-nextgen/src/content/courses/carbon/intermediate/m05-steam-condensate-and-the-pinch/l05-the-problem-table.md,,Same problem table; the cold utility closes the balance exactly at 224.13.
carbon,advanced,ikorodu_boiler_tuning_cost_per_t_usd,USD per tCO2e,-159.3835,0.01,none,[],False,,hand-calc,full,1.0,2,0.0,,,False,,/root/wt-b5-nextgen/src/content/courses/carbon/advanced/m01-the-cost-of-a-tonne-abated/l01-capital-recovery.md,/root/wt-b5-nextgen/src/components/course/panels/carbon/AbatementExplorer.jsx:93 F.usdt(x.r.costPerTonne) (4 dp),"(26000 x CRF(0.09, 4) - 118000) / 690 = -159.3835; reproduced exactly. Tol 0.01 is one unit at the asked two decimals."
carbon,advanced,ikorodu_waste_heat_cost_per_t_usd,USD per tCO2e,-21.197011,0.01,none,[],False,,hand-calc,full,1.0,2,0.0,,,False,,/root/wt-b5-nextgen/src/content/courses/carbon/advanced/m01-the-cost-of-a-tonne-abated/l01-capital-recovery.md,/root/wt-b5-nextgen/src/components/course/panels/carbon/AbatementExplorer.jsx:93 F.usdt(x.r.costPerTonne) (4 dp),"(3450000 x CRF(0.09, 18) + 38000 - 520000) / 4150 = -21.1970; reproduced exactly. Tol 0.01 is one unit at the asked two decimals."
carbon,advanced,ikorodu_flare_recovery_net_annual_cost_usd,USD a year,501759.1842,0.01,none,[],False,,hand-calc,full,1.0,2,0.0,,,False,,/root/wt-b5-nextgen/src/content/courses/carbon/advanced/m01-the-cost-of-a-tonne-abated/l01-capital-recovery.md,/root/wt-b5-nextgen/src/components/course/panels/carbon/AbatementExplorer.jsx:93 F.usd(x.r.netAnnualCost) (2 dp),"6100000 x CRF(0.09, 15) + 155000 - 410000 = 501759.1842; reproduced exactly. Tol 0.01 is one unit at the asked two decimals."
carbon,advanced,ikorodu_curve_weighted_average_usd_per_t,USD per tCO2e,12.930882,0.01,none,[],False,,hand-calc,full,1.0,2,0.0,,,False,,/root/wt-b5-nextgen/src/content/courses/carbon/advanced/m02-the-marginal-abatement-cost-curve/l03-the-weighted-average.md,/root/wt-b5-nextgen/src/components/course/panels/carbon/AbatementExplorer.jsx:160 F.usdt(c.weightedAverageCostPerTonne) (4 dp),Sum of the six net annual costs over 13730 t = 12.930882; the lesson defines it that way (l03 line 15). Reproduced exactly. Tol 0.01 is one unit at the asked two decimals.
carbon,advanced,ikorodu_path_final_gap_t,tCO2e,10762.118,0.01,none,[],False,,hand-calc,full,1.0,2,0.0,,,False,,/root/wt-b5-nextgen/src/content/courses/carbon/advanced/m04-targets-and-the-path/l03-the-unabated-gap.md,,"Baseline 65977.48 (boilers + turbines + flare CO2 + (118.4 + 64.2) x 29.8 + 31200 x 0.43), target 0.65 x baseline = 42885.362, 2034 emissions after the five scheduled measures (12330 t) = 53647.48, gap 10762.118; reproduced exactly. Tol 0.01 is one unit at the asked two decimals."
carbon,advanced,ikorodu_saving_cost_per_t_usd,USD per tCO2e,-53.313854,0.01,none,[],False,,hand-calc,full,1.0,2,0.0,,,False,,/root/wt-b5-nextgen/src/content/courses/carbon/advanced/m05-savings-into-the-ledger/l03-the-cost-per-tonne-handed-over.md,/root/wt-b5-nextgen/src/components/course/panels/carbon/AbatementExplorer.jsx:301 F.usdt(sv.ps.costPerTonneCo2e) (4 dp),"(185000 x CRF(0.09, 7) - 9650 x 6.8) / (9650 x 0.0561) = -53.3139; reproduced exactly. Tol 0.01 is one unit at the asked two decimals."
cashflow,beginner,jv_2033_gross_revenue_usd,USD,66419677.183999985,1.0,none,[],False,,suite-app,full,1.0,,0.0,,,False,,src/pages/apps/epe/EpeResultsViewer.jsx:882,"src/pages/apps/epe/EpeResultsViewer.jsx:1084-1093 (CSV, cashFlowColumns :80) and :1107-1127 (Excel KPIs + Cash Flow sheets)","Gross revenue column exported raw (row[c.key]) in CSV/Excel; also a hand-calc 0.8 x (1,024,000 x 76 x 1.015^2 + 921,600 x 3.0 x 1.015^2) = 66,419,677.18 as taught in beginner m04."
cashflow,beginner,jv_2032_tax_usd,USD,19728417.6,1.0,none,[],False,,suite-app,full,1.0,,0.0,,,False,,src/pages/apps/epe/EpeResultsViewer.jsx:899,"src/pages/apps/epe/EpeResultsViewer.jsx:1084-1093 (CSV, cashFlowColumns :80) and :1107-1127 (Excel KPIs + Cash Flow sheets)",Tax column (JV) exported raw by cashFlowColumns :100-103; tol 1 USD against the exported value.
cashflow,beginner,jv_2034_net_cash_flow_usd,USD,22086267.91657759,1.0,none,[],False,,suite-app,full,1.0,,0.0,,,False,,src/pages/apps/epe/EpeResultsViewer.jsx:919,"src/pages/apps/epe/EpeResultsViewer.jsx:1084-1093 (CSV, cashFlowColumns :80) and :1107-1127 (Excel KPIs + Cash Flow sheets)",net_cash_flow column exported raw; on screen fmtCompact prints 22.1M.
cashflow,beginner,jv_payback_years,years,3.4998246420308123,1e-05,none,[],False,,suite-app,full,1.0,,0.0,,,False,,src/pages/apps/epe/EpeResultsViewer.jsx:1485,"src/pages/apps/epe/EpeResultsViewer.jsx:1116-1118 (Excel KPI sheet, raw kpis[k] via KPI_EXPORT_ROWS :131)","Excel KPI sheet carries payback_years (numeric, cashflow.ts:1823) raw; the on-screen Payback card shows kpis.payback, a string built with toFixed(2) (cashflow.ts:1069), 3.50 years, which misses tol 1e-5 by 1.8e-4."
cashflow,beginner,jv_total_boe,boe,5430620.16,1.0,none,[],False,,suite-app,full,1.0,,0.0,,,False,,src/pages/apps/epe/EpeResultsViewer.jsx:159,"src/pages/apps/epe/EpeResultsViewer.jsx:1116-1118 (Excel KPI sheet, raw kpis[k] via KPI_EXPORT_ROWS :131)","total_boe exported raw; also a hand sum 0.8 x (5,902,848 bbl + 5,312,563.2 Mscf / 6) = 5,430,620.16. The PDF report prints it toLocaleString maximumFractionDigits 0 (:1191), 5,430,620, within tol 1."
cashflow,beginner,jv_government_take_pct,percent,75.09574181027746,0.0001,none,[],False,,suite-app,full,1.0,,0.0,,,False,,src/pages/apps/epe/EpeResultsViewer.jsx:1523-1524,"src/pages/apps/epe/EpeResultsViewer.jsx:1116-1118 (Excel KPI sheet, raw kpis[k] via KPI_EXPORT_ROWS :131)","government_take_pct exported raw in the Excel KPI sheet; the on-screen card prints toFixed(1) = 75.1, which misses tol 1e-4."
cashflow,intermediate,jv_npv_real_usd,USD,20656337.21686185,1.0,none,[],False,,suite-app,full,1.0,,0.0,,,False,,src/pages/apps/epe/EpeResultsViewer.jsx:1480-1482,"src/pages/apps/epe/EpeResultsViewer.jsx:1116-1118 (Excel KPI sheet, raw kpis[k] via KPI_EXPORT_ROWS :131)",kpis.npv exported raw; on-screen card uses formatCurrency. Also reproducible from the exported discounted_cash_flow column sum.
cashflow,intermediate,jv_npv_mid_year_usd,USD,20030970.834339857,1.0,none,[],False,,suite-app,full,1.0,,0.0,,,False,,src/pages/apps/epe/EpeRunConsole.jsx:975,"src/pages/apps/epe/EpeResultsViewer.jsx:1116-1118 (Excel KPI sheet, raw kpis[k] via KPI_EXPORT_ROWS :131)",Second run with the Mid-year convention option; kpis.npv exported raw.
cashflow,intermediate,jv_irr_pct,percent,23.719272956750835,0.0001,none,[],False,,suite-app,full,1.0,,0.0,,,False,,src/pages/apps/epe/EpeResultsViewer.jsx:1484,"src/pages/apps/epe/EpeResultsViewer.jsx:1116-1118 (Excel KPI sheet, raw kpis[k] via KPI_EXPORT_ROWS :131)","IRR card prints Number(irr).toFixed(2) = 23.72, off by 7.3e-4 against tol 1e-4; Excel KPI sheet exports kpis.irr raw."
cashflow,intermediate,jv_discounted_payback_years,years,3.9696530221864026,0.0001,none,[],False,,suite-app,full,1.0,,0.0,,,False,,src/pages/apps/epe/EpeResultsViewer.jsx:1541-1542,"src/pages/apps/epe/EpeResultsViewer.jsx:1116-1118 (Excel KPI sheet, raw kpis[k] via KPI_EXPORT_ROWS :131)","On screen `${Number(discounted_payback_years).toFixed(2)} yrs` = 3.97, off by 3.5e-4 against tol 1e-4; Excel exports it raw."
cashflow,intermediate,jv_dpi,ratio,0.17502648916650668,1e-06,none,[],False,,suite-app,full,1.0,,0.0,,,False,,src/pages/apps/epe/EpeResultsViewer.jsx:1531,"src/pages/apps/epe/EpeResultsViewer.jsx:1116-1118 (Excel KPI sheet, raw kpis[k] via KPI_EXPORT_ROWS :131)",On screen Number(dpi).toFixed(2) = 0.18 against tol 1e-6; Excel KPI sheet exports dpi raw (0.175026...).
cashflow,intermediate,jv_breakeven_oil_price_usd_bbl,USD/bbl,66.10100889205933,0.001,tolerance,[],False,"{""migration"": ""20261022_b5_graded_tolerances.sql"", ""tol"": [0.001, 0.005]}",suite-app,full,1.0,,0.0,,,True,"{""new_tol"": 0.005}",src/pages/apps/epe/EpeResultsViewer.jsx:1521-1522,"src/pages/apps/epe/EpeResultsViewer.jsx:1116-1118 (Excel KPI sheet, raw kpis[k] via KPI_EXPORT_ROWS :131)",Expected 66.101009; the prompt says 'to the cent' and 66.10 fails (|diff| 0.00101 > 0.001). On-screen card prints toFixed(1) = 66.1; Excel exports it raw.
cashflow,advanced,pia_2032_price_royalty_usd,USD,951123.1830656304,1.0,none,[],False,,hand-calc,full,1.0,,0.0,,,False,,/root/wt-b5-nextgen/src/content/courses/cashflow/advanced/m02-the-pia-royalties/l03-the-price-royalty-and-its-anchors.md,,"Suite never renders or exports price_royalty (cashFlowColumns :80 has only the combined royalty). Hand-calc as taught: 2032 price 77.14, anchors 50 and 100 x 1.02^11, rate 0.05 x (77.14-62.169)/62.169 = 0.012041 on 0.8 x 1,280,000 x 77.14 of oil revenue = 951,123.18."
cashflow,advanced,pia_2032_prod_alw_eligible_bbl,bbl,787500.0,1.0,none,[],False,,hand-calc,integer,1.0,,0.0,,,False,,/root/wt-b5-nextgen/src/content/courses/cashflow/advanced/m03-hydrocarbon-tax/l03-the-allowance-and-its-volume-cap.md,,"Not rendered or exported by the Suite. 100,000,000 - 97,612,500 - 1,600,000 = 787,500 bbl, the cap arithmetic taught in m03/l03; integer quantity, tol 1."
cashflow,advanced,pia_2031_cpr_deferred_usd,USD,3942400.0,1.0,none,[],False,,hand-calc,full,1.0,,0.0,,,False,,/root/wt-b5-nextgen/src/content/courses/cashflow/advanced/m03-hydrocarbon-tax/l02-the-cost-price-ratio-cap.md,,"Not rendered or exported by the Suite (cpr_deferred_to_next absent from cashFlowColumns). Hand-calc: cap 0.35 x 100,736,000 = 35,257,600; claims opex 15,200,000 + allowance 24,000,000 = 39,200,000; deferred 3,942,400."
cashflow,advanced,pia_total_hct_usd,USD,51541932.563462615,1.0,none,[],False,,suite-app,full,1.0,,0.0,,,False,,src/pages/apps/epe/EpeResultsViewer.jsx:892,"src/pages/apps/epe/EpeResultsViewer.jsx:1084-1093 (CSV, cashFlowColumns :80) and :1107-1127 (Excel KPIs + Cash Flow sheets)",Sum of the exported hct_tax column (full precision); on-screen PIA ledger row and PDF total print fmtCompact (51.5M).
cashflow,advanced,pia_2033_dev_levy_usd,USD,1331296.587088759,1.0,none,[],False,,suite-app,full,1.0,,0.0,,,False,,src/pages/apps/epe/EpeResultsViewer.jsx:895,"src/pages/apps/epe/EpeResultsViewer.jsx:1084-1093 (CSV, cashFlowColumns :80) and :1107-1127 (Excel KPIs + Cash Flow sheets)",dev_levy_tax column exported raw; on screen fmtCompact 1.3M.
cashflow,advanced,pia_npv_real_usd,USD,-46086957.32549152,1.0,none,[],False,,suite-app,full,1.0,,0.0,,,False,,src/pages/apps/epe/EpeResultsViewer.jsx:1480-1482,"src/pages/apps/epe/EpeResultsViewer.jsx:1116-1118 (Excel KPI sheet, raw kpis[k] via KPI_EXPORT_ROWS :131)",kpis.npv exported raw in the Excel KPI sheet; on-screen card is formatCurrency.
casingtubing,beginner,burst_rating_Pa,Pa,38971486.295327105,50.0,none,[],False,"{""wave"": ""w4a"", ""route"": ""typed-case panel print (W4a)""}",nextgen-panel,"{""decimals"": 0}",1.0,,0.2953271046280861,,,False,,"src/components/course/panels/casingtubing/RatingExplorer.jsx One pipe view: row 13-3/8 68, grade C-90, connection STC and axial fraction 0.55 all selectable",src/components/course/panels/casingtubing/RatingExplorer.jsx Tile 'Burst' Pa() whole pascals,"Selecting 13-3/8 68, C-90, STC and 0.55 in the One pipe view prints this rating in whole pascals, within tol 50 of the key (panelCapstoneGuard.test.js 'THE ROUTE'). The view opens on 9-5/8 47 P-110 BTC at 0.4, which lands on no graded answer."
casingtubing,beginner,body_yield_N,N,7784690.730872745,50.0,none,[],False,,nextgen-panel,"{""decimals"": 1}",0.001,,9.269127255305648,,,False,,/root/wt-b5-nextgen/src/components/course/panels/casingtubing/RatingExplorer.jsx:63,"/root/wt-b5-nextgen/src/components/course/panels/casingtubing/RatingExplorer.jsx:18 kN = fmt(v/1e3, 1)","Body yield tile prints 7,784.7 kN = 7784700 N, 9.3 N from expected; half a printed unit (50 N) equals tol 50, so the rounded panel value always passes. Also hand-calc (Yp x steel area, beginner m02 l03)."
casingtubing,beginner,joint_strength_N,N,5838518.048154559,50.0,none,[],False,,nextgen-panel,"{""decimals"": 1}",0.001,,18.048154558986425,,,False,,/root/wt-b5-nextgen/src/components/course/panels/casingtubing/RatingExplorer.jsx:64,"/root/wt-b5-nextgen/src/components/course/panels/casingtubing/RatingExplorer.jsx:18 kN = fmt(v/1e3, 1)","Joint strength tile prints 5,838.5 kN (18 N off) with STC 0.75 selectable (RatingExplorer.jsx:56); tol 50 N = half a printed unit. Also hand-calc 0.75 x body yield (beginner m02 l04 table)."
casingtubing,beginner,collapse_Pa,Pa,15994736.328453356,50.0,none,[],False,"{""wave"": ""w4a"", ""route"": ""typed-case panel print (W4a)""}",nextgen-panel,"{""decimals"": 0}",1.0,,0.3284533564001322,,,False,,"src/components/course/panels/casingtubing/RatingExplorer.jsx One pipe view: row 13-3/8 68, grade C-90, connection STC and axial fraction 0.55 all selectable",src/components/course/panels/casingtubing/RatingExplorer.jsx Tile 'Collapse' Pa() whole pascals,"Selecting 13-3/8 68, C-90, STC and 0.55 in the One pipe view prints this rating in whole pascals, within tol 50 of the key (panelCapstoneGuard.test.js 'THE ROUTE'). The view opens on 9-5/8 47 P-110 BTC at 0.4, which lands on no graded answer."
casingtubing,beginner,collapse_at_55pct_tension_Pa,Pa,13362352.096477188,50.0,none,[],False,"{""wave"": ""w4a"", ""route"": ""typed-case panel print (W4a)""}",nextgen-panel,"{""decimals"": 0}",1.0,,0.09647718816995621,,,False,,"src/components/course/panels/casingtubing/RatingExplorer.jsx One pipe view: row 13-3/8 68, grade C-90, connection STC and axial fraction 0.55 all selectable",src/components/course/panels/casingtubing/RatingExplorer.jsx Tile 'Collapse under tension' Pa() whole pascals,"Selecting 13-3/8 68, C-90, STC and 0.55 in the One pipe view prints this rating in whole pascals, within tol 50 of the key (panelCapstoneGuard.test.js 'THE ROUTE'). The view opens on 9-5/8 47 P-110 BTC at 0.4, which lands on no graded answer."
casingtubing,beginner,dt_plastic_transition_boundary,-,21.687209920387204,5e-07,none,[],False,"{""wave"": ""w4a"", ""route"": ""typed-case panel print (W4a)""}",nextgen-panel,"{""decimals"": 10}",1.0,,1.2796874671039404e-11,,,False,,"src/components/course/panels/casingtubing/RatingExplorer.jsx One pipe view: row 13-3/8 68, grade C-90, connection STC and axial fraction 0.55 all selectable","src/components/course/panels/casingtubing/RatingExplorer.jsx One pipe view boundaries sentence fmt(r.boundaries.dtPt, 10)","Selecting grade C-90 in the One pipe view prints the plastic to transition boundary to 10 dp, within tol 5e-7 of the key (panelCapstoneGuard.test.js 'THE ROUTE'). The census table keeps 4 dp. The view opens on 9-5/8 47 P-110 BTC at 0.4, which lands on no graded answer."
casingtubing,intermediate,gaskick_sec1_burst_sf,-,1.712954075413236,5e-06,none,[],False,,hand-calc,full,1.0,,0.0,,,False,,/root/wt-b5-nextgen/src/content/courses/casingtubing/intermediate/m02-the-burst-cases/l01-the-gas-kick.md; /root/wt-b5-nextgen/src/content/courses/casingtubing/intermediate/m06-the-professional-reading/l02-working-the-capstone.md,,"Reproduced exactly: 0.875 x 2 x 95 ksi x 0.545/9.625 over (1950 g 2200 - 1900 x 2200) at 0 m = 1.7129540754. LoadCaseExplorer.jsx has no inputs and runs the PUBLISHED string only (runCase(kind) at :28, runAllCases() at :97), so the capstone lesson's 'Run all seven cases on the capstone string in the panel' cannot be done; every formula is taught (intermediate m02-m04: columns, buoyancy 1-rho/7850, 5C3 A/B/C for the plastic regime, adjusted yield, Lame, von Mises, bending E r kappa) and the scan is a 51-row spreadsheet."
casingtubing,intermediate,pressuretest_sec2_burst_sf,-,1.3040311472977943,5e-06,none,[],False,,hand-calc,full,1.0,,0.0,,,False,,/root/wt-b5-nextgen/src/content/courses/casingtubing/intermediate/m02-the-burst-cases/l03-the-pressure-test.md,,"Reproduced exactly at 2200 m: C-90 47# 0.875 Barlow over (28e6 + 1620 g z - 1025 g z) = 1.3040311473. LoadCaseExplorer.jsx has no inputs and runs the PUBLISHED string only (runCase(kind) at :28, runAllCases() at :97), so the capstone lesson's 'Run all seven cases on the capstone string in the panel' cannot be done; every formula is taught (intermediate m02-m04: columns, buoyancy 1-rho/7850, 5C3 A/B/C for the plastic regime, adjusted yield, Lame, von Mises, bending E r kappa) and the scan is a 51-row spreadsheet."
casingtubing,intermediate,fullevac_sec2_collapse_sf,-,0.9852464388609451,5e-06,none,[],False,,hand-calc,full,1.0,,0.0,,,False,,"/root/wt-b5-nextgen/src/content/courses/casingtubing/intermediate/m03-the-collapse-cases/l01-full-evacuation.md, l05-tension-inside-the-collapse-check.md",,"C-90 47# D/t 20.39 is PLASTIC (below dtPt 21.69), whose A, B, C are written in beginner m03 l03; axial derating via the taught adjusted yield. Spreadsheet scan over the 23 section-2 grid points. LoadCaseExplorer.jsx has no inputs and runs the PUBLISHED string only (runCase(kind) at :28, runAllCases() at :97), so the capstone lesson's 'Run all seven cases on the capstone string in the panel' cannot be done; every formula is taught (intermediate m02-m04: columns, buoyancy 1-rho/7850, 5C3 A/B/C for the plastic regime, adjusted yield, Lame, von Mises, bending E r kappa) and the scan is a 51-row spreadsheet."
casingtubing,intermediate,partialevac_sec2_collapse_sf,-,2.046281065326578,5e-06,none,[],False,,hand-calc,full,1.0,,0.0,,,False,,/root/wt-b5-nextgen/src/content/courses/casingtubing/intermediate/m03-the-collapse-cases/l02-partial-evacuation-and-the-level.md,,"Level (1-0.7) x 2200 = 660 m, packer fluid 1200 below it; same plastic-regime scan as field 3. LoadCaseExplorer.jsx has no inputs and runs the PUBLISHED string only (runCase(kind) at :28, runAllCases() at :97), so the capstone lesson's 'Run all seven cases on the capstone string in the panel' cannot be done; every formula is taught (intermediate m02-m04: columns, buoyancy 1-rho/7850, 5C3 A/B/C for the plastic regime, adjusted yield, Lame, von Mises, bending E r kappa) and the scan is a 51-row spreadsheet."
casingtubing,intermediate,runningaxial_sec2_tension_sf,-,3.3408019033052354,5e-06,none,[],False,,hand-calc,full,1.0,,0.0,,,False,,"/root/wt-b5-nextgen/src/content/courses/casingtubing/intermediate/m04-axial-and-triaxial/l01-buoyed-weight.md, l02-overpull-and-the-running-case.md",,"Joint strength (0.75 STC) over buoyed 53.5 lb/ft weight below the first section-2 grid point (1232 m, stated in prompt) plus 620000 N overpull; all taught. LoadCaseExplorer.jsx has no inputs and runs the PUBLISHED string only (runCase(kind) at :28, runAllCases() at :97), so the capstone lesson's 'Run all seven cases on the capstone string in the panel' cannot be done; every formula is taught (intermediate m02-m04: columns, buoyancy 1-rho/7850, 5C3 A/B/C for the plastic regime, adjusted yield, Lame, von Mises, bending E r kappa) and the scan is a 51-row spreadsheet."
casingtubing,intermediate,pressuretest_sec2_triax_sf,-,1.4356806349563185,5e-06,none,[],False,,hand-calc,full,1.0,,0.0,,,False,,"/root/wt-b5-nextgen/src/content/courses/casingtubing/intermediate/m04-axial-and-triaxial/l03-lame-at-the-wall.md, l04-von-mises-and-the-bending-term.md",,"Lame at bore and OD, von Mises with bending E x ro x dogleg added and subtracted, min over section-2 grid points; formulas and E written in the lessons. LoadCaseExplorer.jsx has no inputs and runs the PUBLISHED string only (runCase(kind) at :28, runAllCases() at :97), so the capstone lesson's 'Run all seven cases on the capstone string in the panel' cannot be done; every formula is taught (intermediate m02-m04: columns, buoyancy 1-rho/7850, 5C3 A/B/C for the plastic regime, adjusted yield, Lame, von Mises, bending E r kappa) and the scan is a 51-row spreadsheet."
casingtubing,advanced,piston_N,N,136910.1070172768,0.5,none,[],False,,hand-calc,full,1.0,,0.0,,,False,,/root/wt-b5-nextgen/src/content/courses/casingtubing/advanced/m02-the-three-forces/l01-piston.md,,"(Ap-Ai) x 32e6 - (Ap-Ao) x 6e6 reproduced exactly (136910.107). Tubing explorer (TubingExplorer.jsx:36) is fixed to the published 3-1/2 in tubing at 1150 kg/m3 so it cannot run the capstone; the Lubinski forms, E 206.8e9, alpha 1.2e-5 and 0.6 ballooning factor are written in advanced m02/m03, and Ai/Ao/Ap from the prompt diameters (seal bore 5 in)."
casingtubing,advanced,ballooning_N,N,115469.85263765803,0.5,none,[],False,,hand-calc,full,1.0,,0.0,,,False,,/root/wt-b5-nextgen/src/content/courses/casingtubing/advanced/m02-the-three-forces/l02-ballooning.md,,"0.6 x (32e6 Ai - 6e6 Ao) reproduced exactly. Tubing explorer (TubingExplorer.jsx:36) is fixed to the published 3-1/2 in tubing at 1150 kg/m3 so it cannot run the capstone; the Lubinski forms, E 206.8e9, alpha 1.2e-5 and 0.6 ballooning factor are written in advanced m02/m03, and Ai/Ao/Ap from the prompt diameters (seal bore 5 in)."
casingtubing,advanced,thermal_N,N,-576442.5921194464,0.5,none,[],False,,hand-calc,full,1.0,,0.0,,,False,,/root/wt-b5-nextgen/src/content/courses/casingtubing/advanced/m02-the-three-forces/l03-thermal.md,,"-E x A x alpha x 100 reproduced exactly (-576442.592). Tubing explorer (TubingExplorer.jsx:36) is fixed to the published 3-1/2 in tubing at 1150 kg/m3 so it cannot run the capstone; the Lubinski forms, E 206.8e9, alpha 1.2e-5 and 0.6 ballooning factor are written in advanced m02/m03, and Ai/Ao/Ap from the prompt diameters (seal bore 5 in)."
casingtubing,advanced,total_force_N,N,-324062.63246451155,0.5,none,[],False,,hand-calc,full,1.0,,0.0,,,False,,/root/wt-b5-nextgen/src/content/courses/casingtubing/advanced/m02-the-three-forces/l05-adding-them-up-at-the-packer.md,,"Sum of fields 1-3, reproduced exactly. Tubing explorer (TubingExplorer.jsx:36) is fixed to the published 3-1/2 in tubing at 1150 kg/m3 so it cannot run the capstone; the Lubinski forms, E 206.8e9, alpha 1.2e-5 and 0.6 ballooning factor are written in advanced m02/m03, and Ai/Ao/Ap from the prompt diameters (seal bore 5 in)."
casingtubing,advanced,helical_limit_N,N,264203.613922147,0.5,none,[],False,"{""migration"": ""20261023b_ro_capstone_casingtubing.sql"", ""prompt"": ""the prompt and advanced m06 l02 state g = 9.80665 m/s2""}",hand-calc,full,1.0,,0.0,,,False,,"/root/wt-b5-nextgen/src/content/courses/casingtubing/advanced/m04-buckling/l01-a-string-in-compression-in-a-hole.md, l02-sinusoidal-and-helical.md, l03-the-radial-clearance.md",,"2(2 sqrt2 - 1) sqrt(E I w / r) with r = (0.1570736 - 0.1143)/2, inclination 90, w = 12.75 x 1.4881639 x g x (1 - 1080/7850): reproduced exactly with g = 9.80665. Tubing explorer (TubingExplorer.jsx:36) is fixed to the published 3-1/2 in tubing at 1150 kg/m3 so it cannot run the capstone; the Lubinski forms, E 206.8e9, alpha 1.2e-5 and 0.6 ballooning factor are written in advanced m02/m03, and Ai/Ao/Ap from the prompt diameters (seal bore 5 in)."
casingtubing,advanced,total_length_change_m,m,2.158758783053055,5e-06,none,[],False,,hand-calc,full,1.0,,0.0,,,False,,/root/wt-b5-nextgen/src/content/courses/casingtubing/advanced/m03-length-and-what-holds-it/l02-the-three-length-terms.md,,"-F_p L/(EA) - (0.6 L/E)(dPi Ai - dPo Ao)/A + alpha L dT reproduced exactly (2.1587588). Tubing explorer (TubingExplorer.jsx:36) is fixed to the published 3-1/2 in tubing at 1150 kg/m3 so it cannot run the capstone; the Lubinski forms, E 206.8e9, alpha 1.2e-5 and 0.6 ballooning factor are written in advanced m02/m03, and Ai/Ao/Ap from the prompt diameters (seal bore 5 in)."
cementing,beginner,annulus_slurry_m3,m3,42.83199302556888,5e-07,none,[],False,,hand-calc,full,1.0,,0.0,,,False,,"/root/wt-b5-nextgen/src/content/courses/cementing/beginner/m06-the-associate-reading/l02-working-the-capstone.md:39 (order), beginner m02-m04 capacity rows","/root/wt-b5-nextgen/src/components/course/panels/cementing/VolumeExplorer.jsx:48 (fmt 6 dp, teaching wells only)","pi/4(0.315341^2-0.244475^2) x 100 + 1.3 x pi/4(0.31115^2-0.244475^2) x 1050 = 42.83199302556888, reproduced exactly."
cementing,beginner,shoe_track_m3,m3,1.8328970170415964,5e-07,none,[],False,,hand-calc,full,1.0,,0.0,,,False,,/root/wt-b5-nextgen/src/content/courses/cementing/beginner/m06-the-associate-reading/l02-working-the-capstone.md,/root/wt-b5-nextgen/src/components/course/panels/cementing/VolumeExplorer.jsx:49,"pi/4 x 0.2204974^2 x 48 = 1.8328970170416, reproduced."
cementing,beginner,slurry_m3,m3,44.66489004261047,5e-07,none,[],False,,hand-calc,full,1.0,,0.0,,,False,,/root/wt-b5-nextgen/src/content/courses/cementing/beginner/m06-the-associate-reading/l02-working-the-capstone.md,/root/wt-b5-nextgen/src/components/course/panels/cementing/VolumeExplorer.jsx:50,"Field 1 + field 2 = 44.66489004261047, reproduced exactly."
cementing,beginner,displacement_m3,m3,51.626599313338296,5e-07,none,[],False,,hand-calc,full,1.0,,0.0,,,False,,/root/wt-b5-nextgen/src/content/courses/cementing/beginner/m06-the-associate-reading/l02-working-the-capstone.md,/root/wt-b5-nextgen/src/components/course/panels/cementing/VolumeExplorer.jsx:53,"pi/4 x 0.2204974^2 x 1352 = 51.6265993133383, reproduced (diff 4e-15)."
cementing,beginner,sacks,-,1111.0669164828475,0.0005,none,[],False,,hand-calc,full,1.0,,0.0,,,False,,/root/wt-b5-nextgen/src/content/courses/cementing/beginner/m06-the-associate-reading/l02-working-the-capstone.md,/root/wt-b5-nextgen/src/components/course/panels/cementing/VolumeExplorer.jsx:55 (fmt 3 dp),"44.66489004261047 / 0.0402 = 1111.0669164828475; tol 5e-4 is about half a unit in the third decimal, fine for full-precision hand-calc."
cementing,beginner,open_hole_effective_bore_m,m,0.32852429371737485,5e-07,none,[],False,,hand-calc,full,1.0,,0.0,,,False,,/root/wt-b5-nextgen/src/content/courses/cementing/beginner/m06-the-associate-reading/l02-working-the-capstone.md:41-43,/root/wt-b5-nextgen/src/components/course/panels/cementing/VolumeExplorer.jsx:118 (fmt 9 dp),"sqrt(4 x 1.3 x pi/4(0.31115^2-0.244475^2)/pi + 0.244475^2) = 0.32852429371737485, reproduced exactly; method stated in the prompt."
cementing,intermediate,end_pump_pressure_pa,Pa,6233731.747831926,50.0,display,[],False,,unobtainable,"{""decimals"": 6}",1e-06,,0.25216807425022125,,,True,"{""display"": ""/root/wt-b5-nextgen/src/components/course/panels/cementing/PlacementExplorer.jsx:27-49 -> add a 'Your job' mode with editable casing OD/ID, float collar, hole sections, TOC, excess, fluid densities, four Fann sets, rate and ECD limit (run through simulatePlacement / minRateNoFreeFall / maxRateUnderEcd); the existing formatters (MPa at 6 dp = 1 Pa, ECD at 4 dp, rates at 8 dp) already clear every tol""}","/root/wt-b5-nextgen/src/content/courses/cementing/intermediate/m06-the-professional-reading/l02-working-the-capstone.md:62 (""Do the six in the panel"")",/root/wt-b5-nextgen/src/components/course/panels/cementing/PlacementExplorer.jsx:73 (teaching wells only),"Engine-only: simulatePlacement is a 60-step time march with Herschel-Bulkley fits of each Fann set (engines/drilling/cementing.js); no closed form is taught. The Professional panel (PlacementExplorer.jsx:47-49) exposes only well, programme and pump rate on the teaching wells, so the capstone fluids, densities and Fann sets cannot be entered. The Suite CementingStudio is not named by the prompt and prints pressure at 0 dp in its own units and no rate-window bisection."
cementing,intermediate,float_diff_pa,Pa,4969584.9998046905,50.0,display,[],False,,unobtainable,"{""decimals"": 6}",1e-06,,0.00019531045109033585,,,True,"{""display"": ""/root/wt-b5-nextgen/src/components/course/panels/cementing/PlacementExplorer.jsx:27-49 -> add a 'Your job' mode with editable casing OD/ID, float collar, hole sections, TOC, excess, fluid densities, four Fann sets, rate and ECD limit (run through simulatePlacement / minRateNoFreeFall / maxRateUnderEcd); the existing formatters (MPa at 6 dp = 1 Pa, ECD at 4 dp, rates at 8 dp) already clear every tol""}","/root/wt-b5-nextgen/src/content/courses/cementing/intermediate/m06-the-professional-reading/l02-working-the-capstone.md:62 (""Do the six in the panel"")",/root/wt-b5-nextgen/src/components/course/panels/cementing/PlacementExplorer.jsx:74 (teaching wells only),"Engine-only: simulatePlacement is a 60-step time march with Herschel-Bulkley fits of each Fann set (engines/drilling/cementing.js); no closed form is taught. The Professional panel (PlacementExplorer.jsx:47-49) exposes only well, programme and pump rate on the teaching wells, so the capstone fluids, densities and Fann sets cannot be entered. The Suite CementingStudio is not named by the prompt and prints pressure at 0 dp in its own units and no rate-window bisection."
cementing,intermediate,max_ecd_prev_shoe_kgm3,kg/m3,1576.3692813689117,0.005,display,[],False,,unobtainable,"{""decimals"": 4}",1.0,,1.8631088323672884e-05,,,True,"{""display"": ""/root/wt-b5-nextgen/src/components/course/panels/cementing/PlacementExplorer.jsx:27-49 -> add a 'Your job' mode with editable casing OD/ID, float collar, hole sections, TOC, excess, fluid densities, four Fann sets, rate and ECD limit (run through simulatePlacement / minRateNoFreeFall / maxRateUnderEcd); the existing formatters (MPa at 6 dp = 1 Pa, ECD at 4 dp, rates at 8 dp) already clear every tol""}","/root/wt-b5-nextgen/src/content/courses/cementing/intermediate/m06-the-professional-reading/l02-working-the-capstone.md:62 (""Do the six in the panel"")",/root/wt-b5-nextgen/src/components/course/panels/cementing/PlacementExplorer.jsx:76 (teaching wells only),"Engine-only: simulatePlacement is a 60-step time march with Herschel-Bulkley fits of each Fann set (engines/drilling/cementing.js); no closed form is taught. The Professional panel (PlacementExplorer.jsx:47-49) exposes only well, programme and pump rate on the teaching wells, so the capstone fluids, densities and Fann sets cannot be entered. The Suite CementingStudio is not named by the prompt and prints pressure at 0 dp in its own units and no rate-window bisection."
cementing,intermediate,min_rate_no_free_fall_m3s,m3/s,0.12974748005989847,5e-07,display,[],False,,unobtainable,"{""decimals"": 8}",1.0,,5.989847506882029e-11,,,True,"{""display"": ""/root/wt-b5-nextgen/src/components/course/panels/cementing/PlacementExplorer.jsx:27-49 -> add a 'Your job' mode with editable casing OD/ID, float collar, hole sections, TOC, excess, fluid densities, four Fann sets, rate and ECD limit (run through simulatePlacement / minRateNoFreeFall / maxRateUnderEcd); the existing formatters (MPa at 6 dp = 1 Pa, ECD at 4 dp, rates at 8 dp) already clear every tol""}","/root/wt-b5-nextgen/src/content/courses/cementing/intermediate/m06-the-professional-reading/l02-working-the-capstone.md:62 (""Do the six in the panel"")",/root/wt-b5-nextgen/src/components/course/panels/cementing/PlacementExplorer.jsx:184 (teaching wells only),"Engine-only: simulatePlacement is a 60-step time march with Herschel-Bulkley fits of each Fann set (engines/drilling/cementing.js); no closed form is taught. The Professional panel (PlacementExplorer.jsx:47-49) exposes only well, programme and pump rate on the teaching wells, so the capstone fluids, densities and Fann sets cannot be entered. The Suite CementingStudio is not named by the prompt and prints pressure at 0 dp in its own units and no rate-window bisection."
cementing,intermediate,max_rate_under_ecd_limit_m3s,m3/s,0.04354109120904704,5e-07,display,[],False,,unobtainable,"{""decimals"": 8}",1.0,,1.2090470430381473e-09,,,True,"{""display"": ""/root/wt-b5-nextgen/src/components/course/panels/cementing/PlacementExplorer.jsx:27-49 -> add a 'Your job' mode with editable casing OD/ID, float collar, hole sections, TOC, excess, fluid densities, four Fann sets, rate and ECD limit (run through simulatePlacement / minRateNoFreeFall / maxRateUnderEcd); the existing formatters (MPa at 6 dp = 1 Pa, ECD at 4 dp, rates at 8 dp) already clear every tol""}","/root/wt-b5-nextgen/src/content/courses/cementing/intermediate/m06-the-professional-reading/l02-working-the-capstone.md:62 (""Do the six in the panel"")",/root/wt-b5-nextgen/src/components/course/panels/cementing/PlacementExplorer.jsx:185 (teaching wells only),"Engine-only: simulatePlacement is a 60-step time march with Herschel-Bulkley fits of each Fann set (engines/drilling/cementing.js); no closed form is taught. The Professional panel (PlacementExplorer.jsx:47-49) exposes only well, programme and pump rate on the teaching wells, so the capstone fluids, densities and Fann sets cannot be entered. The Suite CementingStudio is not named by the prompt and prints pressure at 0 dp in its own units and no rate-window bisection."
cementing,intermediate,rate_window_width_m3s,m3/s,-0.08620638885085144,5e-07,display,[],False,,unobtainable,"{""decimals"": 8}",1.0,,1.1491485540915392e-09,,,True,"{""display"": ""/root/wt-b5-nextgen/src/components/course/panels/cementing/PlacementExplorer.jsx:27-49 -> add a 'Your job' mode with editable casing OD/ID, float collar, hole sections, TOC, excess, fluid densities, four Fann sets, rate and ECD limit (run through simulatePlacement / minRateNoFreeFall / maxRateUnderEcd); the existing formatters (MPa at 6 dp = 1 Pa, ECD at 4 dp, rates at 8 dp) already clear every tol""}","/root/wt-b5-nextgen/src/content/courses/cementing/intermediate/m06-the-professional-reading/l02-working-the-capstone.md:62 (""Do the six in the panel"")",/root/wt-b5-nextgen/src/components/course/panels/cementing/PlacementExplorer.jsx:186 (teaching wells only),"Engine-only: simulatePlacement is a 60-step time march with Herschel-Bulkley fits of each Fann set (engines/drilling/cementing.js); no closed form is taught. The Professional panel (PlacementExplorer.jsx:47-49) exposes only well, programme and pump rate on the teaching wells, so the capstone fluids, densities and Fann sets cannot be entered. The Suite CementingStudio is not named by the prompt and prints pressure at 0 dp in its own units and no rate-window bisection."
cementing,advanced,min_standoff,-,0.8556417628346304,5e-07,redesign,[],False,,unobtainable,,1.0,,,,,True,"{""redesign"": ""No new quantity: state E x I = 12266792.85346564 N m2 (or E = 206.8 GPa and I = pi/64 (OD^4 - ID^4)) in the prompt; the field then becomes hand-calc from m02/l04 and m03/l01.""}",/root/wt-b5-nextgen/src/content/courses/cementing/advanced/m06-the-expert-reading/l02-working-the-capstone.md:34,/root/wt-b5-nextgen/src/components/course/panels/cementing/StandoffExplorer.jsx:58-64 (teaching wells only),"Closed form per interval (1 - W/k/c - w sin40 L^4/(384 EI)/c) reproduces 0.8556417628346304 exactly with E = 206.8 GPa, but the lessons give E x I only as a number for 7 inch casing (advanced/m03/l01-mid-span-sag.md:27) and never E or the I formula; E = 200 or 207 GPa moves the answer by 1e-3 or 3e-5 against tol 5e-7. The panel cannot take the 9-5/8 casing."
cementing,advanced,standoff_at_centralizer_at_min,-,0.8841171967314949,5e-07,none,[],False,,hand-calc,full,1.0,,0.0,,,False,,/root/wt-b5-nextgen/src/content/courses/cementing/advanced/m02-the-centralizer/l04-deflection-at-the-centralizer.md,/root/wt-b5-nextgen/src/components/course/panels/cementing/StandoffExplorer.jsx (teaching wells only),"(c - W/k)/c with W = 572.32266 x 10.5 x sin40, k = 11000/(0.33 c), c = (0.31115-0.244475)/2 gives 0.8841171967314949 exactly; the four-line chain is taught in m02/l04 and needs no stiffness."
cementing,advanced,required_spacing_m,m,15.99770776601963,5e-07,redesign,[],False,,unobtainable,,1.0,,,,,True,"{""redesign"": ""Same prompt amendment as min_standoff (state E x I); then a spreadsheet bisection the lesson already asks for reaches it.""}","/root/wt-b5-nextgen/src/content/courses/cementing/advanced/m06-the-expert-reading/l02-working-the-capstone.md:34 (""Then 3, by bisection"")","/root/wt-b5-nextgen/src/components/course/panels/cementing/StandoffExplorer.jsx:137 (fmt 6 dp, teaching wells only)","Spreadsheet bisection of 0.67 = mid-span standoff(L) reproduces 15.99770776601963 (diff 2e-11), but it needs the same unstated E x I as min_standoff."
cementing,advanced,buoyed_weight_n_per_m,N/m,572.3226608514,0.0005,none,[],False,,hand-calc,full,1.0,,0.0,,,False,,/root/wt-b5-nextgen/src/content/courses/cementing/advanced/m02-the-centralizer/l02-the-lateral-load.md:15,/root/wt-b5-nextgen/src/components/course/panels/cementing/StandoffExplorer.jsx:142,"69.9437033 x 9.80665 x (1 - 1300/7850) = 572.3226608514, reproduced exactly; formula taught in m02/l02."
cementing,advanced,min_standoff_rigid,-,0.6424096181525695,5e-07,none,[],False,"{""migration"": ""20261023b_ro_capstone_cementing.sql"", ""prompt"": ""the prompt and advanced m06 l02 now say field 5 is the smallest rigid standoff over both bores (blade ratio of each bore less that interval's sag, zero where vertical), which is what the engine grades; no regrade, the engine is physically right""}",hand-calc,full,1.0,,0.0,,,False,"{""redesign"": ""No value change: correct the prompt and lesson trap to say the rigid minimum is set by the WIDER cased bore above 350 m, where the pipe is vertical and there is no sag, so it is the blade ratio against 0.315341. Alternatively regrade as the open hole minimum (0.6543142173967237) if the intent was the sag lesson.""}","/root/wt-b5-nextgen/src/content/courses/cementing/advanced/m06-the-expert-reading/l02-working-the-capstone.md:34,44",,"The graded 0.6424096181525695 is EXACTLY the cased-hole blade ratio (0.29-0.244475)/(0.315341-0.244475): the minimum sits in the vertical 13-3/8 inch section where sin(inc)=0 and the sag is zero. The prompt and lesson say the opposite ('Field 5 is not the blade ratio: the sag is subtracted from it', l02:44; 'from the blade ratio less the sag', l02:34); following them in the open hole gives 0.65431, which fails."
cementing,advanced,centralizer_spring_rate_n_per_m,N/m,999875.0156230475,0.005,none,[],False,,hand-calc,full,1.0,,0.0,,,False,,/root/wt-b5-nextgen/src/content/courses/cementing/advanced/m02-the-centralizer/l03-the-spring-rate.md:58,/root/wt-b5-nextgen/src/components/course/panels/cementing/StandoffExplorer.jsx:140 (fmt 3 dp),"11000 / (0.33 x (0.31115-0.244475)/2) = 999875.0156230474 (diff 1e-10); tol 0.005 N/m is 5e-9 relative, fine at full precision."
completion,beginner,bottom_md_m,m,2600.65,5e-07,none,[],False,,hand-calc,full,1.0,,0.0,,,False,,src/content/courses/completion/beginner/m06-the-associate-reading/l02-working-the-capstone.md,src/components/course/panels/completion/StringExplorer.jsx:94,Sum of the fourteen lengths from a surface hanger = 2600.65 exactly; the prompt states the identity. tol 5e-7 is fine for an exact two-decimal sum.
completion,beginner,packer_bottom_md_m,m,2594.4,5e-07,none,[],False,,hand-calc,full,1.0,,0.0,,,False,,src/content/courses/completion/beginner/m06-the-associate-reading/l02-working-the-capstone.md,,Running sum through the packer row = 2594.4 exactly; a terminating decimal the learner types in full.
completion,beginner,drift_liner_m,m,0.1516126,5e-08,none,[],True,,hand-calc,full,1.0,,0.0,,,False,,src/content/courses/completion/beginner/m02-api-drift,src/components/course/panels/completion/ClearanceExplorer.jsx:175,(6.094 - 0.125) x 0.0254 = 0.1516126 exactly (7 decimals); tol 5e-8 is half a unit of the 7th decimal and the value is exact at 7 decimals.
completion,beginner,drift_surface_casing_m,m,0.31137224999999996,5e-08,tolerance,[],True,"{""migration"": ""20261022_b5_graded_tolerances.sql"", ""tol"": [5e-08, 1e-07]}",hand-calc,full,1.0,,0.0,,,False,"{""new_tol"": 1e-07}",src/content/courses/completion/beginner/m02-api-drift,src/components/course/panels/completion/StringExplorer.jsx:68,"(12.415 - 5/32) x 0.0254 = 0.31137225 exactly, an 8-decimal value sitting exactly on the 7-decimal rounding boundary; stored expected 0.31137224999999996, tol 5e-8. The panel prints drifts to 7 decimals (fmt(r.driftM, 7)) and shows 0.3113722, which passes by 4e-17; a learner who rounds half up to 0.3113723 fails by 4e-17."
completion,beginner,string_capacity_m3,m3,7.852067852872123,5e-07,none,[],False,,hand-calc,full,1.0,,0.0,,,False,,src/content/courses/completion/beginner/m06-the-associate-reading/l02-working-the-capstone.md,src/components/course/panels/completion/ClearanceExplorer.jsx:108,Sum of pi/4 x ID^2 x L over 14 rows; 7.852067852872 rounds to 7.852068 at the panel's 6-decimal volume convention (diff 1.5e-7 <= 5e-7).
completion,beginner,string_displacement_m3,m3,17.767445424211306,5e-07,none,[],False,,hand-calc,full,1.0,,0.0,,,False,,src/content/courses/completion/beginner/m06-the-associate-reading/l02-working-the-capstone.md,src/components/course/panels/completion/ClearanceExplorer.jsx:109,"Sum of pi/4 x OD^2 x L; 17.767445424 rounds to 17.767445 at 6 decimals (diff 4.2e-7 <= 5e-7, close to the edge)."
completion,intermediate,worst_clearance_m,m,0.0023875999999999897,5e-08,none,[],False,,hand-calc,full,1.0,,0.0,,,False,,src/content/courses/completion/intermediate/m06-the-professional-reading/l02-working-the-capstone.md,src/components/course/panels/completion/ClearanceExplorer.jsx:66,Liner drift 0.1516126 - packer OD 5.875 x 0.0254 (0.149225) = 0.0023876 exactly; tol 5e-8 is half a unit of the 7th decimal of an exact value.
completion,intermediate,spm_clearance_m,m,0.024612599999999984,5e-08,none,[],False,,hand-calc,full,1.0,,0.0,,,False,,src/content/courses/completion/intermediate/m06-the-professional-reading/l02-working-the-capstone.md,src/components/course/panels/completion/ClearanceExplorer.jsx:66,Governing drift is the liner drift 0.1516126 (liner top 2000 m is above the mandrel) less 5.0 x 0.0254 = 0.0246126 exactly.
completion,intermediate,through_bore_min_id_m,m,0.056007,5e-08,none,[],False,,hand-calc,full,1.0,,0.0,,,False,,src/content/courses/completion/intermediate/m06-the-professional-reading/l02-working-the-capstone.md,src/components/course/panels/completion/ClearanceExplorer.jsx:105,XN bore 2.205 x 0.0254 = 0.056007 exactly; panel prints through bore to 6 decimals.
completion,intermediate,through_bore_at_packer_id_m,m,0.0587502,5e-08,none,[],False,,hand-calc,full,1.0,,0.0,,,False,,src/content/courses/completion/intermediate/m06-the-professional-reading/l02-working-the-capstone.md,src/components/course/panels/completion/ClearanceExplorer.jsx:105,"X nipple bore 2.313 x 0.0254 = 0.0587502 exactly (7 decimals); exact value, tol 5e-8."
completion,intermediate,annulus_above_packer_m3,m3,67.27585926805148,5e-07,none,[],False,,hand-calc,full,1.0,,0.0,,,False,,src/content/courses/completion/intermediate/m06-the-professional-reading/l02-working-the-capstone.md,,Exposed-profile annulus sum over three strings with pi; 67.275859268 rounds to 67.275859 at 6 decimals (diff 2.7e-7 <= 5e-7).
completion,intermediate,below_packer_m3,m3,5.715910666870907,5e-07,none,[],False,,hand-calc,full,1.0,,0.0,,,False,,src/content/courses/completion/intermediate/m06-the-professional-reading/l02-working-the-capstone.md,,"Full casing bore x length below the packer less the tail steel, with pi; 5.715910667 rounds to 5.715911 (diff 3.3e-7 <= 5e-7)."
completion,advanced,available_elongation_m,m,3.07,5e-07,none,[],False,,hand-calc,full,1.0,,0.0,,,False,,src/content/courses/completion/advanced/m06-the-expert-reading/l02-working-the-capstone.md,,"5.35 - 2.28 = 3.07, a two-decimal exact subtraction taught in the capstone lesson."
completion,advanced,remaining_elongation_m,m,2.42,5e-07,none,[],False,,hand-calc,full,1.0,,0.0,,,False,,src/content/courses/completion/advanced/m06-the-expert-reading/l02-working-the-capstone.md,,3.07 - 0.65 = 2.42 exact.
completion,advanced,remaining_contraction_m,m,-0.8700000000000001,5e-07,none,[],False,,hand-calc,full,1.0,,0.0,,,False,,src/content/courses/completion/advanced/m06-the-expert-reading/l02-working-the-capstone.md,,2.28 - 3.15 = -0.87 exact; sign is stated in the prompt as part of the answer.
completion,advanced,min_insertion_both_pass_m,m,3.5500000000000003,5e-07,none,[],False,,nextgen-panel,"{""decimals"": 4}",1.0,,4.440892098500626e-16,,,False,,src/components/course/panels/completion/SpaceoutExplorer.jsx:68,src/components/course/panels/completion/SpaceoutExplorer.jsx:68,"SpaceoutExplorer accepts PBR 5.35, elongation 0.65, contraction -3.15, margin 0.4 and prints 'Shallowest landing' = 3.55 (fmt 4 decimals); also 3.15 + 0.4 by hand."
completion,advanced,max_insertion_both_pass_m,m,4.299999999999999,5e-07,none,[],False,,nextgen-panel,"{""decimals"": 4}",1.0,,8.881784197001252e-16,,,False,,src/components/course/panels/completion/SpaceoutExplorer.jsx:69,src/components/course/panels/completion/SpaceoutExplorer.jsx:69,Panel 'Deepest landing' = 4.30; by hand 5.35 - 0.65 - 0.4 = 4.30.
completion,advanced,min_pbr_length_m,m,4.6000000000000005,5e-07,none,[],False,,nextgen-panel,"{""decimals"": 4}",1.0,,8.881784197001252e-16,,,False,,src/components/course/panels/completion/SpaceoutExplorer.jsx:114,src/components/course/panels/completion/SpaceoutExplorer.jsx:114,Panel 'Shortest usable PBR' = 4.6; by hand 0.65 + 3.15 + 2 x 0.4 = 4.60.
compliance,beginner,ekpe_emissions_permit_next_action_days,days,65.0,0.5,none,[],False,,hand-calc,integer,1.0,0,0.0,,,False,,src/content/courses/compliance/beginner/m02-an-obligations-status/l04-the-earlier-of-two-dates.md:3,src/content/courses/compliance/beginner/m02-an-obligations-status/l04-the-earlier-of-two-dates.md:3,"Next action date = earlier of due 2027-02-28 and expiry 2026-12-19 (taught in l04), 2026-10-15 to 2026-12-19 = 65 days; integer quantity, tol 0.5 accepts exactly 65."
compliance,beginner,ekpe_community_report_next_due_days,days,197.0,0.5,none,[],False,,hand-calc,integer,1.0,0,0.0,,,False,,src/content/courses/compliance/beginner/m04-rolling-the-schedule-forward/l01-from-the-date-that-was-due.md:3,src/content/courses/compliance/beginner/m04-rolling-the-schedule-forward/l01-from-the-date-that-was-due.md:3,"rollForward from the date that was due (2026-10-31, semi-annual) to 2027-04-30 (month-end pull-back taught in m04/l02); 197 whole days, integer with tol 0.5."
compliance,beginner,ekpe_waste_return_period_start_days,days,-107.0,0.5,none,[],False,,hand-calc,integer,1.0,0,0.0,,,False,,src/content/courses/compliance/beginner/m04-rolling-the-schedule-forward/l03-two-frequencies-with-no-next-date.md:14,src/content/courses/compliance/beginner/m04-rolling-the-schedule-forward/l03-two-frequencies-with-no-next-date.md:14,"periodStart for a semi-annual due 2026-12-31 is taught with a worked table (l03:14-16, m03/l04-l05); the day count -107 is an exact integer."
compliance,beginner,ekpe_abstraction_next_action_after_filing_days,days,66.0,0.5,none,[],False,,hand-calc,integer,1.0,0,0.0,,,False,,src/content/courses/compliance/beginner/m04-rolling-the-schedule-forward/l01-from-the-date-that-was-due.md:3,src/content/courses/compliance/beginner/m04-rolling-the-schedule-forward/l01-from-the-date-that-was-due.md:3,"Roll the quarterly due 2026-09-20 forward to 2026-12-20, then the earlier of that and expiry 2026-12-28 (m02/l04) gives 2026-12-20 = 66 days; integer, tol 0.5."
compliance,beginner,ekpe_slug_catcher_procedure_review_days,days,289.0,0.5,none,[],False,,hand-calc,integer,1.0,0,0.0,,,False,,src/content/courses/compliance/beginner/m05-controlled-documents/l02-the-review-date-earned-at-issue.md:1,src/content/courses/compliance/beginner/m05-controlled-documents/l02-the-review-date-earned-at-issue.md:1,"Review date is earned at issue (2025-01-31 + 30 months, month-end pulled back), the correction date does not move it (l02); 289 days, integer."
compliance,beginner,ekpe_emergency_plan_review_days,days,-380.0,0.5,none,[],False,,hand-calc,integer,1.0,0,0.0,,,False,,src/content/courses/compliance/beginner/m05-controlled-documents/l02-the-review-date-earned-at-issue.md:1,src/content/courses/compliance/beginner/m05-controlled-documents/l02-the-review-date-earned-at-issue.md:1,"2024-05-31 + 16 months = 2025-09-30 (month end pulled back); -380 days, integer with tol 0.5."
compliance,intermediate,utapate_itp_progress_pct,percent,67.0,0.5,none,[],False,,hand-calc,integer,1.0,0,0.0,101,0.0099,False,,src/content/courses/compliance/intermediate/m01-the-inspection-and-test-plan/l05-progress-counted-from-the-points.md:33,src/content/courses/compliance/intermediate/m01-the-inspection-and-test-plan/l05-progress-counted-from-the-points.md:33,"planProgress = resolved/total rounded half up, the rule stated with four worked cases at l05:33; a learner computes the exact fraction and rounds, so tol 0.5 on the integer 67 is honest."
compliance,intermediate,utapate_itp_progress_after_requests_pct,percent,80.0,0.5,none,[],False,,hand-calc,integer,1.0,0,0.0,101,0.0099,False,,src/content/courses/compliance/intermediate/m01-the-inspection-and-test-plan/l04-setting-a-hold-point-aside.md:1,src/content/courses/compliance/intermediate/m01-the-inspection-and-test-plan/l04-setting-a-hold-point-aside.md:1,"Each request is put to the gate rules taught in m01/l02-l04 and m02/l04 (waive needs a reason, set-aside needs date/name/reason, removal of a hold point refused, etc.), then planProgress half up (l05:33) gives 80."
compliance,intermediate,utapate_oldest_open_ncr_days,days,162.0,0.5,none,[],False,,hand-calc,integer,1.0,0,0.0,,,False,,src/content/courses/compliance/intermediate/m03-the-nonconformance/l04-ageing-and-its-four-bands.md:3,src/content/courses/compliance/intermediate/m03-the-nonconformance/l04-ageing-and-its-four-bands.md:3,"ncrAgeDays = as-of minus raised while open (l04:3); NCR-2026-044 raised 2026-05-06 gives 162, an integer."
compliance,intermediate,utapate_mean_open_ncr_age_days,days,79.0,0.5,none,[],False,,hand-calc,integer,1.0,0,0.0,,,False,,src/content/courses/compliance/intermediate/m03-the-nonconformance/l05-what-the-dashboard-counts.md:1,src/content/courses/compliance/intermediate/m03-the-nonconformance/l05-what-the-dashboard-counts.md:1,"Mean of the four open ages (162, 88, 23, 41) = 78.5, rounded half up to 79 as the prompt states; tol 0.5 also admits the unrounded 78.5."
compliance,intermediate,utapate_checklist_progress_pct,percent,74.0,0.5,none,[],False,,hand-calc,integer,1.0,0,0.0,101,0.0099,False,,src/content/courses/compliance/intermediate/m04-the-checklist/l02-no-checklist-is-no-percentage.md:24,src/content/courses/compliance/intermediate/m04-the-checklist/l02-no-checklist-is-no-percentage.md:24,"checklistProgress: answered the engine accepts (N/A needs a reason, so 13+3+2+2 = 20) over 27, half up = 74 (rule at l02:24)."
compliance,intermediate,utapate_programme_delivered_pct,percent,55.0,0.5,none,[],False,,hand-calc,integer,1.0,0,0.0,101,0.0099,False,,src/content/courses/compliance/intermediate/m05-the-audit-and-the-programme/l05-a-programme-is-delivered-by-its-reports.md:22,src/content/courses/compliance/intermediate/m05-the-audit-and-the-programme/l05-a-programme-is-delivered-by-its-reports.md:22,"programmeProgress = reported (Closed+Reported = 6) over total 11 (cancelled stay in the denominator, the ABAM case prints 3 of 8 = 38) = 54.5, half up 55; tol 0.5 also admits the unrounded 54.5."
compliance,advanced,obeakpu_clause_812_last_examined_days,days,-204.0,0.5,none,[],False,,hand-calc,integer,1.0,0,0.0,,,False,,src/content/courses/compliance/advanced/m03-coverage-over-the-cycle/l05-the-latest-examination-that-counts.md:1,src/content/courses/compliance/advanced/m03-coverage-over-the-cycle/l05-the-latest-examination-that-counts.md:1,"Only reported/closed internal audits count (m03/l01-l02): OSA-2026-001 on 2026-03-25 counts, OSA-2026-002 (In progress) and OSA-2026-S02 (Surveillance) do not; -204 days."
compliance,advanced,obeakpu_clause_93_last_examined_days,days,-575.0,0.5,none,[],False,,hand-calc,integer,1.0,0,0.0,,,False,,src/content/courses/compliance/advanced/m03-coverage-over-the-cycle/l05-the-latest-examination-that-counts.md:1,src/content/courses/compliance/advanced/m03-coverage-over-the-cycle/l05-the-latest-examination-that-counts.md:1,"The Not examined record does not count, so the last counting examination is OSA-2025-001 on 2025-03-19 = -575 days (m03/l03, l05)."
compliance,advanced,obeakpu_closed_major_finding_age_days,days,105.0,0.5,none,[],False,,hand-calc,integer,1.0,0,0.0,,,False,,src/content/courses/compliance/advanced/m04-findings-and-root-causes/l04-a-findings-age-stops-at-closure.md:1,src/content/courses/compliance/advanced/m04-findings-and-root-causes/l04-a-findings-age-stops-at-closure.md:1,"Age stops at the closed date: 2026-01-19 to 2026-05-04 = 105 days, integer."
compliance,advanced,obeakpu_evidenced_claims,clauses,35.0,0.5,none,[],False,,hand-calc,integer,1.0,0,0.0,7,0.14,False,,src/content/courses/compliance/advanced/m01-a-claim-is-evidence/l02-evidence-a-date-and-a-name.md:35,src/content/courses/compliance/advanced/m01-a-claim-is-evidence/l02-evidence-a-date-and-a-name.md:35,"Evidenced claim = evidence reference + date + assessor (l02); 39 applicable clauses minus 6.1.3, 7.2, 7.4.3, 5.4 = 35."
compliance,advanced,obeakpu_certificate_days,days,-49.0,0.5,none,[],False,,hand-calc,integer,1.0,0,0.0,,,False,,src/content/courses/compliance/advanced/m05-certification-readiness/l03-the-certificate-and-its-window.md:1,src/content/courses/compliance/advanced/m05-certification-readiness/l03-the-certificate-and-its-window.md:1,"Days to certificate expiry 2026-08-27 from 2026-10-15 = -49, the readiness count taught in m05/l03-l04."
compliance,advanced,obeakpu_clauses_covered,clauses,32.0,0.5,none,[],False,,hand-calc,integer,1.0,0,0.0,40,0.025,False,,src/content/courses/compliance/advanced/m03-coverage-over-the-cycle/l03-never-examined-and-examined-too-long-ago.md:34,src/content/courses/compliance/advanced/m03-coverage-over-the-cycle/l03-never-examined-and-examined-too-long-ago.md:34,"Covered = applicable clause with a counting internal examination inside the 3 year cycle (m03/l01-l05); 32, an integer count over a register of 39."
consequence,beginner,okan_condensate_leak_mass_rate_kg_s,kg/s,15.977366614918033,5e-07,none,[],False,,nextgen-panel,"{""decimals"": 6}",1.0,6,3.8508196631426017e-07,,,False,,"/root/wt-b5-nextgen/src/components/course/panels/consequence/ReleaseExplorer.jsx:61 (Outflow view, liquid Mass rate tile)",/root/wt-b5-nextgen/src/components/course/panels/consequence/panelBits.jsx:6 six = toFixed(6),"Liquid inputs (Cd, hole, density, head, pressure above liquid) are all editable; tile prints six(l.massRateKgS). Reproduced exactly (difference 0) by the vendored engine on the prompt inputs typed into the panel; tol 5e-7 is half a unit of the six decimals the panel prints and the prompt asks for."
consequence,beginner,okan_gas_riser_choked_mass_rate_kg_s,kg/s,14.283249549626326,5e-07,none,[],False,,nextgen-panel,"{""decimals"": 6}",1.0,6,4.5037367435440956e-07,,,False,,"/root/wt-b5-nextgen/src/components/course/panels/consequence/ReleaseExplorer.jsx:79 (Outflow view, gas Mass rate tile)",/root/wt-b5-nextgen/src/components/course/panels/consequence/panelBits.jsx:6 six = toFixed(6),"Gas hole, upstream P, T, molar mass, gamma editable; ambient defaults to 101325 Pa as stated. Reproduced exactly (difference 0) by the vendored engine on the prompt inputs typed into the panel; tol 5e-7 is half a unit of the six decimals the panel prints and the prompt asks for."
consequence,beginner,okan_vent_subsonic_mass_rate_kg_s,kg/s,0.32964112031469717,5e-07,none,[],False,,nextgen-panel,"{""decimals"": 6}",1.0,6,1.2031469714957055e-07,,,False,,"/root/wt-b5-nextgen/src/components/course/panels/consequence/ReleaseExplorer.jsx:79 (Outflow view, gas Mass rate tile)",/root/wt-b5-nextgen/src/components/course/panels/consequence/panelBits.jsx:6 six = toFixed(6),Same gas view at 128000 Pa (subsonic regime shown beside it). Reproduced exactly (difference 0) by the vendored engine on the prompt inputs typed into the panel; tol 5e-7 is half a unit of the six decimals the panel prints and the prompt asks for.
consequence,beginner,okan_deck_spill_equivalent_diameter_m,m,43.097932739717095,5e-07,none,[],False,,nextgen-panel,"{""decimals"": 6}",1.0,6,2.6028290278645727e-07,,,False,,"/root/wt-b5-nextgen/src/components/course/panels/consequence/ReleaseExplorer.jsx:133 (Pool view, Equivalent diameter tile)",/root/wt-b5-nextgen/src/components/course/panels/consequence/panelBits.jsx:6 six = toFixed(6),Typing a pool thickness switches to an unconfined pool; prints six(p.equivalentDiameterM). Reproduced exactly (difference 0) by the vendored engine on the prompt inputs typed into the panel; tol 5e-7 is half a unit of the six decimals the panel prints and the prompt asks for.
consequence,beginner,okan_plume_receptor_concentration_ppm,ppm,23.850025569186073,5e-07,none,[],False,,nextgen-panel,"{""decimals"": 6}",1.0,6,4.3081392675503594e-07,,,False,,"/root/wt-b5-nextgen/src/components/course/panels/consequence/ReleaseExplorer.jsx:195 (Plume view, Concentration ppm tile)",/root/wt-b5-nextgen/src/components/course/panels/consequence/panelBits.jsx:6 six = toFixed(6),"x, y, z, release height, class, molar mass editable; engine converts at 298.15 K and 101325 Pa by default, matching 'convert at 25 C'. Reproduced exactly (difference 0) by the vendored engine on the prompt inputs typed into the panel; tol 5e-7 is half a unit of the six decimals the panel prints and the prompt asks for."
consequence,beginner,okan_plume_far_distance_m,m,1545.6774602801656,5e-07,none,[],False,,nextgen-panel,"{""decimals"": 6}",1.0,6,2.801655227813171e-07,,,False,,"/root/wt-b5-nextgen/src/components/course/panels/consequence/ReleaseExplorer.jsx:204 (Plume view, Far distance tile)",/root/wt-b5-nextgen/src/components/course/panels/consequence/panelBits.jsx:6 six = toFixed(6),"Class E, target 21 mg/m3, receptor 1.7 m, release 12 m typed into the same view; root found by the engine. Reproduced exactly (difference 0) by the vendored engine on the prompt inputs typed into the panel; tol 5e-7 is half a unit of the six decimals the panel prints and the prompt asks for."
consequence,intermediate,yokri_flame_length_with_wind_m,m,20.618159361645755,5e-07,none,[],False,,nextgen-panel,"{""decimals"": 6}",1.0,6,3.61645756896678e-07,,,False,,/root/wt-b5-nextgen/src/components/course/panels/consequence/FireExplorer.jsx:62 (Flame view),/root/wt-b5-nextgen/src/components/course/panels/consequence/panelBits.jsx:6 six = toFixed(6),"Fuel kerosene (Babrauskas 0.039), D, wind editable; air density is the engine default 1.2 (not a panel input but equals the prompt). Reproduced exactly (difference 0) by the vendored engine on the prompt inputs typed into the panel; tol 5e-7 is half a unit of the six decimals the panel prints and the prompt asks for."
consequence,intermediate,yokri_flame_tilt_deg,degrees,53.02368839919855,5e-07,none,[],False,,nextgen-panel,"{""decimals"": 6}",1.0,6,3.9919854799563836e-07,,,False,,/root/wt-b5-nextgen/src/components/course/panels/consequence/FireExplorer.jsx:63 (Flame view),/root/wt-b5-nextgen/src/components/course/panels/consequence/panelBits.jsx:6 six = toFixed(6),"D, wind, kinematic viscosity editable; prints six(tl.tiltDeg). Reproduced exactly (difference 0) by the vendored engine on the prompt inputs typed into the panel; tol 5e-7 is half a unit of the six decimals the panel prints and the prompt asks for."
consequence,intermediate,yokri_surface_emissive_power_mudan_w_m2,W/m2,22738.722971011157,5e-07,none,[],False,,nextgen-panel,"{""decimals"": 6}",1.0,6,1.1157681001350284e-08,,,False,,"/root/wt-b5-nextgen/src/components/course/panels/consequence/FireExplorer.jsx:64 (Flame view, method = from the diameter (Mudan))",/root/wt-b5-nextgen/src/components/course/panels/consequence/panelBits.jsx:6 six = toFixed(6),Method selector switches the SEP tile; prints six(). Reproduced exactly (difference 0) by the vendored engine on the prompt inputs typed into the panel; tol 5e-7 is half a unit of the six decimals the panel prints and the prompt asks for.
consequence,intermediate,yokri_surface_emissive_power_actual_w_m2,W/m2,37784.162897552,5e-07,none,[],False,,nextgen-panel,"{""decimals"": 6}",1.0,6,4.480025381781161e-07,,,False,,"/root/wt-b5-nextgen/src/components/course/panels/consequence/FireExplorer.jsx:64 (Flame view, method = radiative fraction with soot)",/root/wt-b5-nextgen/src/components/course/panels/consequence/panelBits.jsx:6 six = toFixed(6),Chained internally from the unrounded flame length; prints six(). Reproduced exactly (difference 0) by the vendored engine on the prompt inputs typed into the panel; tol 5e-7 is half a unit of the six decimals the panel prints and the prompt asks for.
consequence,intermediate,yokri_view_factor_max,dimensionless,0.04602429827467467,5e-13,display,[],False,,nextgen-panel,"{""decimals"": 12}",1.0,12,3.253300406846904e-13,,,True,"{""display"": ""/root/wt-b5-nextgen/src/components/course/panels/consequence/FireExplorer.jsx:146 -> make the Heat view take the Flame view's pool inputs (fuel, diameter, wind, viscosity, heat of combustion, radiative and soot fractions) instead of erhaArgs(), so it prints Fmax (twelve) and the heat flux (six) from the unrounded chain; alternatively print flame length and tilt to twelve decimals at FireExplorer.jsx:62-63""}","/root/wt-b5-nextgen/src/components/course/panels/consequence/FireExplorer.jsx:115 (View view, Fmax tile; inputs typed at :103-106)",/root/wt-b5-nextgen/src/components/course/panels/consequence/panelBits.jsx:7 twelve = toFixed(12),"The View view takes flame length and tilt as TYPED numbers, and the Flame view prints them to six decimals only. Running the engine on the printed L = 20.618159 m and tilt = 53.023688 deg gives Fmax 0.046024297336 against expected 0.046024298275 (difference 9.4e-10, tol 5e-13). The Heat view that chains unrounded is hard-wired to ERHA (FireExplorer.jsx:146 erhaArgs()), so it cannot be set to YOKRI."
consequence,intermediate,yokri_solid_flame_heat_flux_w_m2,W/m2,1330.3270311907092,5e-07,display,[],False,,nextgen-panel,"{""decimals"": 6}",1.0,6,1.9070921553066e-07,,,True,"{""display"": ""/root/wt-b5-nextgen/src/components/course/panels/consequence/FireExplorer.jsx:146 -> Heat view driven by the learner's pool inputs (same change as yokri_view_factor_max), printing six(r.heatFluxWM2) for YOKRI directly""}","/root/wt-b5-nextgen/src/components/course/panels/consequence/FireExplorer.jsx:161 (Heat view, ERHA only) / hand calc q = tau SEP Fmax",/root/wt-b5-nextgen/src/components/course/panels/consequence/panelBits.jsx:6 six = toFixed(6),"The Heat view is fixed to ERHA (FireExplorer.jsx:146 base = erhaArgs(); only distance and tau are editable), so YOKRI's flux must be multiplied by hand from the printed SEP and the View view's Fmax. With the Fmax the panel yields (see view factor), 0.765 x 37784.162898 x 0.046024297336 = 1330.327004 against expected 1330.327031 (difference 2.7e-5, tol 5e-7). With an exact Fmax the hand product would pass (2.5e-8)."
consequence,advanced,pennington_blast_overpressure_pa,Pa,9394.478439157123,5e-07,none,[],False,,nextgen-panel,"{""decimals"": 6}",1.0,6,1.5712248568888754e-07,,,False,,/root/wt-b5-nextgen/src/components/course/panels/consequence/HarmExplorer.jsx:58 (Blast view),/root/wt-b5-nextgen/src/components/course/panels/consequence/panelBits.jsx:6 six = toFixed(6),TNT charge and distance typed; prints six(f.overpressurePa). Reproduced exactly (difference 0) by the vendored engine on the prompt inputs typed into the panel; tol 5e-7 is half a unit of the six decimals the panel prints and the prompt asks for.
consequence,advanced,pennington_blast_distance_for_overpressure_m,m,86.70704808709807,5e-07,none,[],False,,nextgen-panel,"{""decimals"": 6}",1.0,6,8.709807275408821e-08,,,False,,"/root/wt-b5-nextgen/src/components/course/panels/consequence/HarmExplorer.jsx:61 (Blast view, inverse)",/root/wt-b5-nextgen/src/components/course/panels/consequence/panelBits.jsx:6 six = toFixed(6),Charge and target overpressure typed; prints six(inv.distanceM). Reproduced exactly (difference 0) by the vendored engine on the prompt inputs typed into the panel; tol 5e-7 is half a unit of the six decimals the panel prints and the prompt asks for.
consequence,advanced,pennington_overpressure_fatality_probability,probability,0.3241114439521945,5e-07,none,[],False,,nextgen-panel,"{""decimals"": 6}",1.0,6,4.439521945065472e-07,,,False,,"/root/wt-b5-nextgen/src/components/course/panels/consequence/HarmExplorer.jsx:108 (Probit view, overpressure Probability; input in psig at :94)",/root/wt-b5-nextgen/src/components/course/panels/consequence/panelBits.jsx:6 six = toFixed(6),"The probit view takes psig, so the learner divides 65000 Pa by PA_PER_PSI as the brief says (advanced/m06.../l04-the-capstone-brief.md:24). Full-precision psig reproduces the answer exactly; psig typed to six decimals moves it by 2.5e-9, well inside tol 5e-7."
consequence,advanced,pennington_thermal_lethality_probability,probability,0.16721559730785146,5e-07,none,[],False,,nextgen-panel,"{""decimals"": 6}",1.0,6,4.026921485433821e-07,,,False,,"/root/wt-b5-nextgen/src/components/course/panels/consequence/HarmExplorer.jsx:102 (Probit view, eisenberg)",/root/wt-b5-nextgen/src/components/course/panels/consequence/panelBits.jsx:6 six = toFixed(6),Heat flux and time typed; prints six(th.probability). Reproduced exactly (difference 0) by the vendored engine on the prompt inputs typed into the panel; tol 5e-7 is half a unit of the six decimals the panel prints and the prompt asks for.
consequence,advanced,pennington_toxic_lethality_probability,probability,0.4079467919883339,5e-07,none,[],False,,nextgen-panel,"{""decimals"": 6}",1.0,6,2.0801166611406074e-07,,,False,,"/root/wt-b5-nextgen/src/components/course/panels/consequence/HarmExplorer.jsx:166 (Toxic view, lees-chlorine, ppm)",/root/wt-b5-nextgen/src/components/course/panels/consequence/panelBits.jsx:6 six = toFixed(6),Prints six(r.probability). Reproduced exactly (difference 0) by the vendored engine on the prompt inputs typed into the panel; tol 5e-7 is half a unit of the six decimals the panel prints and the prompt asks for.
consequence,advanced,pennington_ammonia_lethality_probability,probability,0.2606861594816057,5e-07,none,[],False,,nextgen-panel,"{""decimals"": 6}",1.0,6,1.594816056993409e-07,,,False,,"/root/wt-b5-nextgen/src/components/course/panels/consequence/HarmExplorer.jsx:166 (Toxic view, lees-ammonia, typed in mg/m3 with molar mass and temperature)",/root/wt-b5-nextgen/src/components/course/panels/consequence/panelBits.jsx:6 six = toFixed(6),"Unit selector, molar mass 17.031 and temperature 288.15 editable; engine converts to the preset's ppm. Reproduced exactly (difference 0) by the vendored engine on the prompt inputs typed into the panel; tol 5e-7 is half a unit of the six decimals the panel prints and the prompt asks for."
corrosion,beginner,obigbo_co2_partial_pressure_bar,bar,3.2568539999999997,5e-07,none,[],False,,hand-calc,full,1.0,,0.0,,,False,,src/content/courses/corrosion/beginner/m06-one-screen-end-to-end/l04-the-capstone-brief.md,,137.42 x 0.0237 = 3.256854 exactly; taught in beginner m02 l01. tol 5e-7 is half a unit of the prompt's six decimals.
corrosion,beginner,obigbo_h2s_partial_pressure_psia,psia,1.8535909939965283,5e-07,none,[],False,,hand-calc,full,1.0,,0.0,,,False,,src/content/courses/corrosion/beginner/m01-what-this-screen-answers-and-what-it-withdrew/l05-the-units-this-engine-speaks.md:11,,"137.42 x 0.00093 x 14.503773800722 = 1.853591 (err 6e-9 at six decimals); the lesson prints the engine factor 14.503773800722, which the prompt names."
corrosion,beginner,obigbo_h2s_to_co2_mole_ratio,ratio,0.039240506329113925,5e-07,none,[],False,,hand-calc,full,1.0,,0.0,,,False,,src/content/courses/corrosion/beginner/m06-one-screen-end-to-end/l04-the-capstone-brief.md,,0.00093/0.0237 = 0.0392405063; rounded to six decimals the error is 4.94e-7 against tol 5e-7.
corrosion,beginner,obigbo_reynolds_number,dimensionless,526834.8528092633,5e-05,none,[],False,,hand-calc,full,1.0,,0.0,,,False,,src/content/courses/corrosion/beginner/m06-one-screen-end-to-end/l04-the-capstone-brief.md,,860.19 x 3.4442 x 0.20272 / 0.00114 = 526834.852809; four decimals leaves 9.3e-6 against tol 5e-5 (half a unit of four decimals).
corrosion,beginner,obigbo_effective_inhibition_pct,percent,79.518,5e-07,none,[],False,,hand-calc,full,1.0,,0.0,,,False,,src/content/courses/corrosion/beginner/m06-one-screen-end-to-end/l04-the-capstone-brief.md,,"87 x 0.914 = 79.518 exactly, a terminating decimal; tol 5e-7 is half a unit of six decimals."
corrosion,beginner,obigbo_metal_loss_ratio_vs_datasheet,ratio,1.5755384615384613,5e-07,none,[],False,,hand-calc,full,1.0,,0.0,,,False,,src/content/courses/corrosion/beginner/m06-one-screen-end-to-end/l04-the-capstone-brief.md,,(1 - 0.79518)/(1 - 0.87) = 1.575538461...; six decimals gives error 4.6e-7 against tol 5e-7.
corrosion,intermediate,nembe_retained_metal_loss_fraction,fraction,0.17694999999999994,5e-07,none,[],False,,hand-calc,full,1.0,6,0.0,,,False,,src/content/courses/corrosion/intermediate/m06-which-film-governs/l04-the-capstone-brief.md,,1 - 0.93 x 0.885 = 0.17695 exactly; tol half a unit of six decimals.
corrosion,intermediate,nembe_inhibitor_shortfall_pp,percentage points,10.694999999999993,5e-07,none,[],False,,hand-calc,full,1.0,6,0.0,,,False,,src/content/courses/corrosion/intermediate/m06-which-film-governs/l04-the-capstone-brief.md,,93 - 93 x 0.885 = 10.695 exactly (intermediate m02 l01-l02 teach efficiency and availability as two inputs).
corrosion,intermediate,nembe_inhibited_rate_mmyr,mm/yr,0.35082106999999985,5e-07,none,[],False,,hand-calc,full,1.0,6,0.0,,,False,,src/content/courses/corrosion/intermediate/m06-which-film-governs/l04-the-capstone-brief.md,,"1.9826 x 0.17695 = 0.35082107 exactly; six decimals is 7e-8 off, tol 5e-7."
corrosion,intermediate,nembe_remaining_life_yr,yr,6.769547792554197,1e-06,none,[],False,,hand-calc,full,1.0,6,0.0,,,False,,src/content/courses/corrosion/intermediate/m06-which-film-governs/l04-the-capstone-brief.md,,"(3.048 - 0.6731)/0.35082107 = 6.7695478; taught in intermediate m05 l01-l02 (allowance divided by rate, consumed depth first). tol 1e-6 is twice half a unit of six decimals."
corrosion,intermediate,nembe_required_allowance_mm,mm,6.314779259999997,5e-07,none,[],False,,hand-calc,full,1.0,6,0.0,,,False,,src/content/courses/corrosion/intermediate/m06-which-film-governs/l04-the-capstone-brief.md,,"0.35082107 x 18 = 6.31477926 exactly; six decimals is 2.6e-7 off, tol 5e-7."
corrosion,intermediate,nembe_life_lost_to_availability_yr,yr,10.342901948766738,1e-06,none,[],False,,hand-calc,full,1.0,6,0.0,,,False,,src/content/courses/corrosion/intermediate/m06-which-film-governs/l04-the-capstone-brief.md,,Remaining allowance over 1.9826 x (1 - 0.93) minus 6.7695478 = 17.1124497 - 6.7695478 = 10.3429019; tol 1e-6.
corrosion,advanced,soku_tolerable_rate_mmyr,mm/yr,0.14174166666666665,5e-07,none,[],False,,hand-calc,full,1.0,6,0.0,,,False,,src/content/courses/corrosion/advanced/m05-inversion-against-a-limit/l01-what-rate-can-i-tolerate.md,,"(4.7625 - 1.3607)/24 = 0.1417416667; the lesson teaches both bisection on meetsDesignLife and the rearrangement, and they agree. Six decimals is 3.3e-7 off, tol 5e-7."
corrosion,advanced,soku_required_availability_pct,percent,91.66666666666664,5e-07,none,[],False,,hand-calc,full,1.0,6,0.0,,,False,,src/content/courses/corrosion/advanced/m05-inversion-against-a-limit/l02-what-availability-do-i-need.md,,"88/0.96 = 91.6666667 percent; the effective protection is linear in availability with no clamp in range, so the bisection turn equals the closed form. Six decimals is 3.3e-7 off, tol 5e-7."
corrosion,advanced,soku_availability_for_design_life_pct,percent,97.16317698615987,5e-07,none,[],False,,hand-calc,full,1.0,6,0.0,,,False,,src/content/courses/corrosion/advanced/m05-inversion-against-a-limit/l02-what-availability-do-i-need.md,,"(1 - 0.14174167/2.1082)/0.96 = 97.1631770 percent; combines the l01 and l02 inversions, linear, no engine-only step."
corrosion,advanced,soku_allowance_to_reinstate_mm,mm,11.981980256000003,5e-07,none,[],False,,hand-calc,full,1.0,6,0.0,,,False,,src/content/courses/corrosion/advanced/m05-inversion-against-a-limit/l03-what-allowance-reinstates-the-life.md,,"1.3607 + 2.1082 x (1 - 0.96 x 0.823) x 24 = 11.9819803; six decimals is 2.6e-7 off, tol 5e-7."
corrosion,advanced,soku_stripped_film_life_yr,yr,1.6136040223887678,1e-06,none,[],False,,hand-calc,full,1.0,6,0.0,,,False,,src/content/courses/corrosion/advanced/m05-inversion-against-a-limit/l05-the-capstone-brief.md,,(4.7625 - 1.3607)/2.1082 = 1.6136040; tol 1e-6.
corrosion,advanced,soku_film_credit_life_ratio,ratio,4.76371951219512,5e-07,none,[],False,,hand-calc,full,1.0,6,0.0,,,False,,src/content/courses/corrosion/advanced/m05-inversion-against-a-limit/l05-the-capstone-brief.md,,1/(1 - 0.96 x 0.823) = 4.7637195; rounded to six decimals the error is 4.88e-7 against tol 5e-7.
crude,beginner,idama_blend_api,degrees API,33.76556073569742,5e-05,none,[],False,,hand-calc,full,1.0,4,0.0,,,False,,/root/wt-b5-nextgen/src/content/courses/crude/beginner/m02-blending-on-the-right-basis/l02-api-through-specific-gravity.md,,"SG=141.5/(API+131.5) per crude, volume-weighted SG, back to API; reproduced exactly (33.76556073569742)."
crude,beginner,idama_blend_sulfur_wtpct,wt%,0.45211238819254823,5e-05,none,[],False,,hand-calc,full,1.0,4,0.0,,,False,,/root/wt-b5-nextgen/src/content/courses/crude/beginner/m02-blending-on-the-right-basis/l04-sulfur-blends-on-mass.md,,Mass-weighted sulfur with mass = bbl x SG; reproduced exactly (0.45211238819254823).
crude,beginner,idama_blend_vanadium_ppm,ppm,14.946944991453488,5e-05,none,[],False,,hand-calc,full,1.0,4,0.0,,,False,,/root/wt-b5-nextgen/src/content/courses/crude/beginner/m02-blending-on-the-right-basis/l04-sulfur-blends-on-mass.md,,Vanadium blends on mass like sulfur (per-mass property); reproduced 14.946944991453487.
crude,beginner,idama_abiteye_mass_share_pct,percent,17.175715682949974,5e-05,none,[],False,,hand-calc,full,1.0,4,0.0,,,False,,/root/wt-b5-nextgen/src/content/courses/crude/beginner/m02-blending-on-the-right-basis/l03-volume-shares-become-mass-shares.md,,"Abiteye bbl x SG over the sum of bbl x SG, x100; reproduced exactly (17.175715682949974)."
crude,beginner,idama_blend_cii,index,1.0443475502291177,5e-05,none,[],False,,hand-calc,full,1.0,4,0.0,,,False,,/root/wt-b5-nextgen/src/content/courses/crude/beginner/m05-will-the-blend-stay-stable/l01-saturates-against-aromatics-and-resins.md; l03-sara-blends-on-mass.md,,CII=(sat+asph)/(arom+resins) on mass-blended SARA; reproduced exactly (1.0443475502291177).
crude,beginner,idama_opuama_kerosene_yield_pct,volume percent,15.246859479988313,5e-05,none,[],False,,hand-calc,full,1.0,4,0.0,,,False,,/root/wt-b5-nextgen/src/content/courses/crude/beginner/m04-the-curve-and-its-cuts/l02-between-the-measured-points.md; l04-a-cut-is-a-difference.md,,"Linear interpolation of Opuama's TBP at 500 F and 350 F, difference; reproduced exactly (15.246859479988313)."
crude,intermediate,ogbele_blend_t50_f,F,580.0450450450451,5e-05,none,[],False,,hand-calc,full,1.0,4,0.0,,,False,,/root/wt-b5-nextgen/src/content/courses/crude/intermediate/m01-the-blends-own-curve/l03-every-temperature-a-crude-measured.md; m02-the-fifty-percent-point/l01-reading-a-temperature-off-the-curve.md,,"Blend curve = volume-weighted percent-off at every temperature either crude measured, then inverse linear interpolation at 50 percent; reproduced exactly (580.0450450450451)."
crude,intermediate,ogbele_blend_kerosene_yield_pct,volume percent,14.478553599579609,5e-05,none,[],False,,hand-calc,full,1.0,4,0.0,,,False,,/root/wt-b5-nextgen/src/content/courses/crude/intermediate/m01-the-blends-own-curve/l01-yields-add-on-volume.md; m03-cut-yields-of-the-blend/l01-the-blends-cut-yields.md,,Blend curve at 470 F minus at 340 F (equivalently the volume-weighted crude yields); reproduced exactly (14.478553599579609).
crude,intermediate,ogbele_blend_diesel_yield_pct,volume percent,18.889779763580073,5e-05,none,[],False,,hand-calc,full,1.0,4,0.0,,,False,,/root/wt-b5-nextgen/src/content/courses/crude/intermediate/m03-cut-yields-of-the-blend/l01-the-blends-cut-yields.md,,Blend curve at 640 F minus at 470 F; reproduced exactly (18.889779763580073).
crude,intermediate,ogbele_gross_value_per_bbl,dollars per bbl,72.52669990073112,5e-05,none,[],False,,hand-calc,full,1.0,4,0.0,,,False,,/root/wt-b5-nextgen/src/content/courses/crude/intermediate/m04-netback/l01-product-value-per-barrel-of-crude.md,,Sum of cut yield/100 x product price over the five cuts; reproduced exactly (72.52669990073112).
crude,intermediate,ogbele_loss_value_per_bbl,dollars per bbl,0.7977936989080376,5e-05,none,[],False,,hand-calc,full,1.0,4,0.0,,,False,,/root/wt-b5-nextgen/src/content/courses/crude/intermediate/m04-netback/l02-losses-on-the-product-side.md,,"Gross x 1.1 percent, losses on the product side; reproduced 0.79779369890804 (expected 0.7977936989080376)."
crude,intermediate,ogbele_netback_per_bbl,dollars per bbl,62.22890620182309,5e-05,none,[],False,,hand-calc,full,1.0,4,0.0,,,False,,/root/wt-b5-nextgen/src/content/courses/crude/intermediate/m04-netback/l03-processing-and-freight.md,,Gross x (1 - 0.011) - 7.35 - 2.15; reproduced exactly (62.22890620182309).
crude,advanced,onne_total_cost_usd,dollars,872013.320248094,5e-05,display,"[""display_miss""]",False,,suite-app,"{""decimals"": 0}",1.0,4,0.3202480940381065,,,True,"{""display"": ""/opt/petrolord-studio/workspaces/dev1/projects/petrolord-suite/src/components/blendoptimizer/RecipeResults.jsx:55 -> fmt(result.totalCost, 4)""}",/opt/petrolord-studio/workspaces/dev1/projects/petrolord-suite/src/components/blendoptimizer/RecipeResults.jsx:53-56 (Total tile),/opt/petrolord-studio/workspaces/dev1/projects/petrolord-suite/src/components/blendoptimizer/RecipeResults.jsx:55,"Total prints `${fmt(result.totalCost, 0)}` (0 dp, 872013) while tol is 5e-5; the value's fractional part .3202 is unobtainable from the page. Unit cost 87.20 $/bbl at 2 dp (line 51) is worse."
crude,advanced,onne_fcc_volume_bbl,bbl,3228.160923653412,5e-05,display,"[""display_miss""]",False,,suite-app,"{""decimals"": 1}",1.0,4,0.039076346587989974,,,True,"{""display"": ""/opt/petrolord-studio/workspaces/dev1/projects/petrolord-suite/src/components/blendoptimizer/PoolPanel.jsx:58 -> line.volume.toFixed(4) (and RecipeResults.jsx:87 tooltip fmt(v, 4))""}",/opt/petrolord-studio/workspaces/dev1/projects/petrolord-suite/src/components/blendoptimizer/PoolPanel.jsx:56-60 (In the recipe line),/opt/petrolord-studio/workspaces/dev1/projects/petrolord-suite/src/components/blendoptimizer/PoolPanel.jsx:58,"Recipe volume prints `line.volume.toFixed(1)` bbl (3228.2) and the chart tooltip fmt(v, 1) (RecipeResults.jsx:87); tol 5e-5 needs four decimals."
crude,advanced,onne_butane_volume_bbl,bbl,437.0326736147707,5e-05,display,"[""display_miss""]",False,,suite-app,"{""decimals"": 1}",1.0,4,0.032673614770715176,,,True,"{""display"": ""/opt/petrolord-studio/workspaces/dev1/projects/petrolord-suite/src/components/blendoptimizer/PoolPanel.jsx:58 -> line.volume.toFixed(4)""}",/opt/petrolord-studio/workspaces/dev1/projects/petrolord-suite/src/components/blendoptimizer/PoolPanel.jsx:56-60,/opt/petrolord-studio/workspaces/dev1/projects/petrolord-suite/src/components/blendoptimizer/PoolPanel.jsx:58,"Same recipe line, toFixed(1) prints 437.0; expected 437.0326736 with tol 5e-5."
crude,advanced,onne_sulfur_relief_usd_per_ppm,dollars per ppm,296.3096164435926,5e-05,display,"[""display_miss""]",False,,suite-app,"{""decimals"": 2}",1.0,4,0.00038355640742793184,,,True,"{""display"": ""/opt/petrolord-studio/workspaces/dev1/projects/petrolord-suite/src/components/blendoptimizer/RecipeResults.jsx:197 -> fmt(row.price, 4)""}",/opt/petrolord-studio/workspaces/dev1/projects/petrolord-suite/src/components/blendoptimizer/RecipeResults.jsx:182-203 ('What each constraint is costing'),/opt/petrolord-studio/workspaces/dev1/projects/petrolord-suite/src/components/blendoptimizer/RecipeResults.jsx:197,"Shadow price prints `$${fmt(row.price, 2)} per ppm` (reads $296.31); tol 5e-5 needs four decimals."
crude,advanced,onne_rvp_relief_usd_per_psi,dollars per psi,6495.117849392539,5e-05,display,"[""display_miss""]",False,,suite-app,"{""decimals"": 2}",1.0,4,0.002150607460862375,,,True,"{""display"": ""/opt/petrolord-studio/workspaces/dev1/projects/petrolord-suite/src/components/blendoptimizer/RecipeResults.jsx:197 -> fmt(row.price, 4)""}",/opt/petrolord-studio/workspaces/dev1/projects/petrolord-suite/src/components/blendoptimizer/RecipeResults.jsx:182-203 ('What each constraint is costing'),/opt/petrolord-studio/workspaces/dev1/projects/petrolord-suite/src/components/blendoptimizer/RecipeResults.jsx:197,"Shadow price prints `$${fmt(row.price, 2)} per psi` (reads $6495.12); tol 5e-5 needs four decimals."
crude,advanced,onne_ron_relief_usd_per_octane,dollars per octane number,4032.630838167829,5e-05,display,"[""display_miss""]",False,,suite-app,"{""decimals"": 2}",1.0,4,0.0008381678289879346,,,True,"{""display"": ""/opt/petrolord-studio/workspaces/dev1/projects/petrolord-suite/src/components/blendoptimizer/RecipeResults.jsx:197 -> fmt(row.price, 4)""}",/opt/petrolord-studio/workspaces/dev1/projects/petrolord-suite/src/components/blendoptimizer/RecipeResults.jsx:182-203 ('What each constraint is costing'),/opt/petrolord-studio/workspaces/dev1/projects/petrolord-suite/src/components/blendoptimizer/RecipeResults.jsx:197,"Shadow price prints `$${fmt(row.price, 2)} per octane number` (reads $4032.63); tol 5e-5 needs four decimals."
dca,beginner,qi_bpd,stb/d,120.0,0.5,none,[],True,,nextgen-panel,"{""decimals"": 4}",1.0,,0.0,,,True,,"/root/wt-b5-nextgen/src/components/course/panels/dca/FitExplorer.jsx:32-34 (defaults well Ekene-1, window primary)","/root/wt-b5-nextgen/src/components/course/panels/dca/FitExplorer.jsx:144 fmt(params.qi, 4)","Fit explorer on Ekene-1, Auto-select, Primary returns qi 120.0000; tol 0.5 on an integer-valued truth, far above the half unit of the 4 printed decimals."
dca,beginner,di_per_day,1/d,0.0012,2e-05,none,[],True,,nextgen-panel,"{""decimals"": 7}",1.0,,0.0,,,True,,/root/wt-b5-nextgen/src/components/course/panels/dca/FitExplorer.jsx:32-34,"/root/wt-b5-nextgen/src/components/course/panels/dca/FitExplorer.jsx:145 fmt(params.Di, 7)",Di tile prints 0.0012000 (7 decimals); tol 2e-5 is far above half a unit (5e-8).
dca,beginner,eur_10_stb,stb,91666.6666666667,500.0,none,[],True,,nextgen-panel,"{""decimals"": 1}",1.0,,0.03333333329646848,,,True,,/root/wt-b5-nextgen/src/components/course/panels/dca/FitExplorer.jsx:149 EUR tile,"/root/wt-b5-nextgen/src/components/course/panels/dca/FitExplorer.jsx:149 fmt(book.eur, 1)",EUR tile 91666.7 at 1 decimal; tol 500. Hand route (qi - qlim)/Di is also taught (beginner m05 l02).
dca,beginner,t_limit_days,days,2070.75554149,10.0,none,[],True,,nextgen-panel,"{""decimals"": 1}",1.0,,0.044458510000367824,,,True,,/root/wt-b5-nextgen/src/components/course/panels/dca/FitExplorer.jsx:150 Time to limit tile,"/root/wt-b5-nextgen/src/components/course/panels/dca/FitExplorer.jsx:150 fmt(book.timeToLimitDays, 1)",Tile 2070.8 days; tol 10. Hand route ln(qi/qlim)/Di taught in beginner m05 l03.
dca,beginner,np_flood_stb,stb,73157.9366256283,400.0,none,[],True,,nextgen-panel,"{""decimals"": 1}",1.0,,0.03662562830140814,,,True,,/root/wt-b5-nextgen/src/components/course/panels/dca/FitExplorer.jsx:151 Np tile,"/root/wt-b5-nextgen/src/components/course/panels/dca/FitExplorer.jsx:151 fmt(book.npAtDate, 1)",Tile 73157.9 at 1 decimal; tol 400.
dca,beginner,eff_decline_pct,%/yr,35.4674217142705,0.1,none,[],True,,hand-calc,full,1.0,,0.0,,,True,,/root/wt-b5-nextgen/src/content/courses/dca/beginner/m06-the-associate-booking/l02-capstone-walkthrough.md (walkthrough 2),"/root/wt-b5-nextgen/src/components/course/panels/dca/FitExplorer.jsx:152 fmt(book.effectiveDeclinePct, 4)",1 - exp(-0.0012 x 365) = 35.4674 percent; tile also prints 35.4674 at 4 decimals; tol 0.1.
dca,intermediate,e3_b,-,0.5,0.02,none,[],True,,nextgen-panel,full,1.0,,0.0,9,0.11,True,,"/root/wt-b5-nextgen/src/components/course/panels/dca/FitExplorer.jsx:94-97 (well Ekene-3, window Primary)",/root/wt-b5-nextgen/src/components/course/panels/dca/FitExplorer.jsx:146 String(params.b) (raw float 0.49999999999999994),"b tile prints the raw engine float; tol 0.02 is below the 0.05 grid step so neighbouring grid points fail (intended, per the walkthrough)."
dca,intermediate,e3_eur_stb,stb,111270.166537926,600.0,none,[],True,,hand-calc,full,1.0,,0.0,,,True,,/root/wt-b5-nextgen/src/content/courses/dca/intermediate/m06-the-professional-booking/l02-capstone-walkthrough.md (walkthrough 1),"/root/wt-b5-nextgen/src/components/course/panels/dca/FitExplorer.jsx:149 fmt(book.eur, 1)",Hyperbolic closed form worked in the lesson; tile 111270.2; tol 600.
dca,intermediate,e6_win_di,1/d,0.001,2e-05,none,[],True,,nextgen-panel,"{""decimals"": 7}",1.0,,0.0,,,True,,"/root/wt-b5-nextgen/src/components/course/panels/dca/FitExplorer.jsx:94-97 (Ekene-6, Primary)","/root/wt-b5-nextgen/src/components/course/panels/dca/FitExplorer.jsx:145 fmt(params.Di, 7)",Di tile 0.0010000; tol 2e-5.
dca,intermediate,e1_naive_r2,-,0.818388421218434,0.01,none,[],True,,nextgen-panel,"{""decimals"": 6}",1.0,,4.2121843402131987e-07,,,True,,"/root/wt-b5-nextgen/src/components/course/panels/dca/FitExplorer.jsx:97 (Ekene-1, window Full history)","/root/wt-b5-nextgen/src/components/course/panels/dca/FitExplorer.jsx:147 fmt(fit.R2, 6)",R2 tile at 6 decimals; tol 0.01.
dca,intermediate,tc_eur_stb,stb,91524.2759502962,50.0,none,[],True,,nextgen-panel,"{""decimals"": 1}",1.0,,0.024049703803029843,,,True,,"/root/wt-b5-nextgen/src/components/course/panels/dca/TypeCurveExplorer.jsx:14-15 (defaults pool E3+E6, target Ekene-6)","/root/wt-b5-nextgen/src/components/course/panels/dca/TypeCurveExplorer.jsx:68 fmt(out.eurFixedB, 1)",EUR (fixed-b) tile 91524.3; tol 50.
dca,intermediate,field_eur_stb,stb,461709.132532792,2000.0,none,[],True,,hand-calc,full,1.0,,0.0,,,True,,/root/wt-b5-nextgen/src/content/courses/dca/intermediate/m05-portfolio-rollups (sum of four closed-form EURs),,"Four closed-form EURs added; tol 2000 also admits the scenario roll-up total (461475.5), as the walkthrough states."
dca,advanced,e5_late_di,1/d,0.00035,5e-06,none,[],True,,nextgen-panel,"{""decimals"": 7}",1.0,,0.0,,,True,,"/root/wt-b5-nextgen/src/components/course/panels/dca/FitExplorer.jsx:25 (Post-ramp preset, Ekene-5)","/root/wt-b5-nextgen/src/components/course/panels/dca/FitExplorer.jsx:145 fmt(params.Di, 7)",Di tile 0.0003500; tol 5e-6.
dca,advanced,e6_oil_di,1/d,0.0013275893489185155,2e-06,none,[],True,,nextgen-panel,"{""decimals"": 7}",1.0,,1.0651081484456745e-08,,,True,,"/root/wt-b5-nextgen/src/components/course/panels/dca/FitExplorer.jsx:25 (Post-ramp preset, Ekene-6)","/root/wt-b5-nextgen/src/components/course/panels/dca/FitExplorer.jsx:145 fmt(params.Di, 7)",Di tile 0.0013276; tol 2e-6 is 40x the half unit of the 7 printed decimals.
dca,advanced,b12_eur_stb,stb,321875.914758613,2000.0,none,[],True,,nextgen-panel,"{""decimals"": 1}",1.0,,0.014758612960577011,,,True,,/root/wt-b5-nextgen/src/components/course/panels/dca/UncertaintyExplorer.jsx:21 (bIdx default 24 = b 1.2),"/root/wt-b5-nextgen/src/components/course/panels/dca/UncertaintyExplorer.jsx:66 fmt(row.eur, 1) toLocaleString en-US","EUR tile 321,875.9; tol 2000. The prompt asks the learner to fit qi and Di ""yourself"", but the panel fixes them at 120 and 0.0012 (declineLab.js:121)."
dca,advanced,b_ratio,-,3.5113736155485,0.02,none,[],True,,nextgen-panel,"{""decimals"": 6}",1.0,,3.844514999684634e-07,,,True,,/root/wt-b5-nextgen/src/components/course/panels/dca/UncertaintyExplorer.jsx:21,/root/wt-b5-nextgen/src/components/course/panels/dca/UncertaintyExplorer.jsx:67 row.ratioToExponential.toFixed(6),Ratio tile 3.511374; tol 0.02.
dca,advanced,p90_stb,stb,420425.025054486,2000.0,none,[],True,,nextgen-panel,"{""decimals"": 1}",1.0,,0.025054486002773046,,,True,,/root/wt-b5-nextgen/src/components/course/panels/dca/UncertaintyExplorer.jsx:22-24 (triangle boxes default to FIELD_TRIANGLE = the capstone triangle),"/root/wt-b5-nextgen/src/components/course/panels/dca/UncertaintyExplorer.jsx:81 fmt(summary.p90, 1)","Closed-form triangular quantile (taught advanced m04 l02-l03) reproduced exactly: 420425.03; tile 420,425; tol 2000."
dca,advanced,p10_stb,stb,531360.331525141,2000.0,none,[],True,,nextgen-panel,"{""decimals"": 1}",1.0,,0.031525140977464616,,,True,,/root/wt-b5-nextgen/src/components/course/panels/dca/UncertaintyExplorer.jsx:22-24,"/root/wt-b5-nextgen/src/components/course/panels/dca/UncertaintyExplorer.jsx:83 fmt(summary.p10, 1)","Closed-form quantile reproduced exactly: 531360.33; tile 531,360.3; tol 2000."
decision,beginner,ab_develop_chance_emv_musd,million USD,469.386,0.001,display,"[""display_miss""]",False,,suite-app,"{""decimals"": 0}",1.0,4,0.3860000000000241,,,True,"{""display"": ""src/pages/apps/DecisionTreeBuilder.jsx:26 -> fmtMM prints minimumFractionDigits 4, maximumFractionDigits 4 (KPI cards: Optimal EMV, Next best alternative, Decision advantage); src/components/decisiontree/TreeDiagram.jsx:17-21 -> node and branch labels print 4 decimals (or add a selected-node readout at 4 decimals if the diagram gets too busy)""}",src/components/decisiontree/TreeDiagram.jsx:108-110,src/components/decisiontree/TreeDiagram.jsx:17-21,"Diagram node label `EMV ${fmt(emv)}` uses 0 decimals at or above 100, printing 469 against 469.386 (tol 0.001). Hand rollback 0.62 x 684.2 + 0.38 x 118.9 = 469.386 exactly."
decision,beginner,ab_drill_chance_emv_musd,million USD,106.196,0.001,display,"[""display_miss""]",False,,suite-app,"{""decimals"": 0}",1.0,4,0.19599999999999795,,,True,"{""display"": ""src/pages/apps/DecisionTreeBuilder.jsx:26 -> fmtMM prints minimumFractionDigits 4, maximumFractionDigits 4 (KPI cards: Optimal EMV, Next best alternative, Decision advantage); src/components/decisiontree/TreeDiagram.jsx:17-21 -> node and branch labels print 4 decimals (or add a selected-node readout at 4 decimals if the diagram gets too busy)""}",src/components/decisiontree/TreeDiagram.jsx:108-110,src/components/decisiontree/TreeDiagram.jsx:17-21,Diagram node label prints 106 against 106.196. Hand rollback 0.37 x 256.786 + 0.21 x 96.4 + 0.42 x -31.8 = 106.196.
decision,beginner,ab_root_emv_musd,million USD,58.896,0.001,display,"[""display_miss""]",False,,suite-app,"{""decimals"": 2}",1.0,4,0.003999999999997783,,,True,"{""display"": ""src/pages/apps/DecisionTreeBuilder.jsx:26 -> fmtMM prints minimumFractionDigits 4, maximumFractionDigits 4 (KPI cards: Optimal EMV, Next best alternative, Decision advantage); src/components/decisiontree/TreeDiagram.jsx:17-21 -> node and branch labels print 4 decimals (or add a selected-node readout at 4 decimals if the diagram gets too busy)""}",src/pages/apps/DecisionTreeBuilder.jsx:217,src/pages/apps/DecisionTreeBuilder.jsx:26,"Optimal EMV card fmtMM (toLocaleString maximumFractionDigits 2) prints 58.9 against 58.896, off by 0.004 > tol 0.001. Hand: 106.196 - 47.3 = 58.896."
decision,beginner,ab_farm_out_value_musd,million USD,48.611999999999995,0.001,display,"[""display_miss""]",False,,suite-app,"{""decimals"": 2}",1.0,4,0.001999999999995339,,,True,"{""display"": ""src/pages/apps/DecisionTreeBuilder.jsx:26 -> fmtMM prints minimumFractionDigits 4, maximumFractionDigits 4 (KPI cards: Optimal EMV, Next best alternative, Decision advantage); src/components/decisiontree/TreeDiagram.jsx:17-21 -> node and branch labels print 4 decimals (or add a selected-node readout at 4 decimals if the diagram gets too busy)""}",src/pages/apps/DecisionTreeBuilder.jsx:219-223,src/pages/apps/DecisionTreeBuilder.jsx:26,Next best alternative card prints 48.61 against 48.612 (off 0.002); diagram prints EMV 48.6. Hand: 0.37 x 118.5 + 0.21 x 22.7 = 48.612.
decision,beginner,ab_drill_value_no_sell_option_musd,million USD,54.59882000000003,0.001,display,"[""display_miss""]",False,,suite-app,"{""decimals"": 2}",1.0,4,0.0011799999999695387,,,True,"{""display"": ""src/pages/apps/DecisionTreeBuilder.jsx:26 -> fmtMM prints minimumFractionDigits 4, maximumFractionDigits 4 (KPI cards: Optimal EMV, Next best alternative, Decision advantage); src/components/decisiontree/TreeDiagram.jsx:17-21 -> node and branch labels print 4 decimals (or add a selected-node readout at 4 decimals if the diagram gets too busy)""}",src/pages/apps/DecisionTreeBuilder.jsx:217,src/pages/apps/DecisionTreeBuilder.jsx:26,"With Sell deleted, the Optimal EMV card prints 54.6 against 54.59882 (off 0.0012). Hand rollback gives full precision."
decision,beginner,ab_drill_value_success_moved_musd,million USD,37.88199999999999,0.001,display,"[""display_miss""]",False,,suite-app,"{""decimals"": 2}",1.0,4,0.0019999999999882334,,,True,"{""display"": ""src/pages/apps/DecisionTreeBuilder.jsx:26 -> fmtMM prints minimumFractionDigits 4, maximumFractionDigits 4 (KPI cards: Optimal EMV, Next best alternative, Decision advantage); src/components/decisiontree/TreeDiagram.jsx:17-21 -> node and branch labels print 4 decimals (or add a selected-node readout at 4 decimals if the diagram gets too busy)""}",src/pages/apps/DecisionTreeBuilder.jsx:217-223,src/pages/apps/DecisionTreeBuilder.jsx:26,"With success 0.3 and dry hole 0.49, the Drill branch value reads 37.88 on a card against 37.882 (off 0.002). Hand rollback gives full precision."
decision,intermediate,ab_emv_prior_musd,million USD,74.75999999999996,0.001,none,[],False,,hand-calc,full,1.0,4,0.0,,,False,,/root/wt-b5-nextgen/src/content/courses/decision/intermediate/m06-the-professional-reading/l02-working-the-capstone.md,,Step one of the taught method: value every action at the priors; Drill 0.18 x 672.5 + 0.34 x 25.5 + 0.48 x -114.5 = 74.76.
decision,intermediate,ab_evpi_musd,million USD,58.05400000000003,0.001,none,[],False,,hand-calc,full,1.0,4,0.0,,,False,,/root/wt-b5-nextgen/src/content/courses/decision/intermediate/m06-the-professional-reading/l02-working-the-capstone.md,,"Step two: best action per outcome weighted by the priors, less 74.76, gives 58.054."
decision,intermediate,ab_emv_after_weak_musd,million USD,19.266023166023167,0.001,none,[],False,,hand-calc,full,1.0,4,0.0,,,False,,/root/wt-b5-nextgen/src/content/courses/decision/intermediate/m02-imperfect-information-by-bayes,,"Bayes column for Weak then best action on the posterior, as in step three and four of m06/l02; 19.266023."
decision,intermediate,ab_evii_musd,million USD,26.27976000000004,0.001,none,[],False,,hand-calc,full,1.0,4,0.0,,,False,,/root/wt-b5-nextgen/src/content/courses/decision/intermediate/m06-the-professional-reading/l02-working-the-capstone.md,,"Step four: weight the post-signal values by pSignal, less emvPrior; 26.27976."
decision,intermediate,ab_net_evii_musd,million USD,14.879760000000038,0.001,none,[],False,,hand-calc,full,1.0,4,0.0,,,False,,/root/wt-b5-nextgen/src/content/courses/decision/intermediate/m06-the-professional-reading/l02-working-the-capstone.md,,Step five: gross EVII less the 11.4 survey cost once; 14.87976.
decision,intermediate,ab_two_action_voi_musd,million USD,14.304000000000045,0.001,none,[],False,,hand-calc,full,1.0,4,0.0,,,False,,/root/wt-b5-nextgen/src/content/courses/decision/intermediate/m05-the-voi-analyzer,"packages/engines/engines/economics/voi.js:217 (cardText, two-decimal string) via src/components/voianalyzer/ResultsPanel.jsx:62","Same Bayes rollback with Farm out removed; 14.304. The VOI Analyzer card prints 14.30 (two-decimal string), off by 0.004, so the Analyzer route fails while the taught hand route passes."
decision,advanced,ab_three_reading_evii_musd,million USD,25.44400000000003,0.001,none,[],False,,hand-calc,full,1.0,4,0.0,,,False,,/root/wt-b5-nextgen/src/content/courses/decision/advanced/m02-bigger-lotteries,,Three-by-three Bayes table as taught in advanced m02; 25.444.
decision,advanced,ab_three_reading_mixed_emv_musd,million USD,52.455084217092946,0.001,none,[],False,,hand-calc,full,1.0,4,0.0,,,False,,/root/wt-b5-nextgen/src/content/courses/decision/advanced/m02-bigger-lotteries,,"Posterior after Mixed, then best action; 52.455084."
decision,advanced,ab_mc_linked_root_emv_musd,million USD,72.10204,0.001,display,"[""display_miss""]",False,,suite-app,"{""decimals"": 2}",1.0,4,0.0020400000000080354,,,True,"{""display"": ""src/pages/apps/DecisionTreeBuilder.jsx:26 -> fmtMM prints minimumFractionDigits 4, maximumFractionDigits 4 (KPI cards: Optimal EMV, Next best alternative, Decision advantage); src/components/decisiontree/TreeDiagram.jsx:17-21 -> node and branch labels print 4 decimals (or add a selected-node readout at 4 decimals if the diagram gets too busy)""}",src/pages/apps/DecisionTreeBuilder.jsx:217,src/pages/apps/DecisionTreeBuilder.jsx:26,"Linked Large payoff enters as the MC mean 760.5; the Optimal EMV card prints 72.1 against 72.10204 (off 0.002). Hand rollback with 760.5 gives full precision (TreeNodeEditor.jsx:103 prints the linked mean toFixed(1), 760.5, exact)."
decision,advanced,ab_mc_linked_decision_advantage_musd,million USD,23.490040000000008,0.001,display,"[""display_miss""]",False,,suite-app,"{""decimals"": 1}",1.0,4,0.00995999999999242,,,True,"{""display"": ""src/components/decisionstudio/briefModel.js:87-89 -> print the Decision advantage row (and Optimal EMV / Next best rows) with Number(mm).toFixed(4) instead of fmtMM's toFixed(1); update briefModel.test.js:77 expectation""}",src/components/decisionstudio/briefModel.js:87-89,src/components/decisionstudio/briefModel.js:30-34,"briefModel fmtMM returns `$${Number(mm).toFixed(1)}M`, so the row prints 23.5 against 23.49004; prompt asks money to four decimals."
decision,advanced,ab_analyzer_evpi_two_action_musd,million USD,54.960000000000036,0.001,none,[],False,,suite-app,"{""decimals"": 2}",1.0,4,3.552713678800501e-14,,,False,,src/components/voianalyzer/ResultsPanel.jsx:62,packages/engines/engines/economics/voi.js:217,"Analyzer EVPI card is a two-decimal string; 54.96 is exact (129.72 - 74.76), so the card, the unrounded value and a hand calc all agree within tol."
decision,advanced,ab_max_strong_chance_consistent_pct,percent,39.058823529411754,0.001,none,[],False,,hand-calc,full,1.0,4,0.0,,,False,,/root/wt-b5-nextgen/src/content/courses/decision/advanced/m01-inputs-that-contradict-each-other/l02-a-half-percent-threshold.md,,"Implied prior per outcome is s x Strong_k + (1-s) x Weak_k; the largest s keeping every delta within 0.005 of the stated prior solves a linear inequality, 39.058824; four decimals (39.0588) is within tol 0.001."
earthmodel,beginner,s2_mean,m,1575.5,0.1,none,[],True,,nextgen-panel,"{""decimals"": 4}",1.0,,0.0,,,False,,/root/wt-b5-nextgen/src/components/course/panels/earthmodel/FrameworkExplorer.jsx:118 (Mean TopB depth tile); also :115 view mean,"/root/wt-b5-nextgen/src/components/course/panels/earthmodel/FrameworkExplorer.jsx:115 fmt(stats.mean, 4) (TopB view); :118 fmt(..., 2)",Tile prints 1575.50 (and 1575.5000 on the TopB view); tol 0.1 is far wider than half a printed unit.
earthmodel,beginner,clamp_s3,count,180.0,0.0,none,"[""zero_tol""]",True,,nextgen-panel,integer,1.0,,0.0,,,False,,/root/wt-b5-nextgen/src/components/course/panels/earthmodel/FrameworkExplorer.jsx:114 (Clamp fixed on BaseB tile),/root/wt-b5-nextgen/src/components/course/panels/earthmodel/FrameworkExplorer.jsx:114 String(R.clampCounts[2]),A genuine integer count printed as an integer ('180'); tol 0 is honest. Not a small answer space (0..500 nodes).
earthmodel,beginner,tka_mean,m,36.0,0.05,none,[],True,,nextgen-panel,"{""decimals"": 2}",1.0,,0.0,,,False,,/root/wt-b5-nextgen/src/components/course/panels/earthmodel/FrameworkExplorer.jsx:119,"/root/wt-b5-nextgen/src/components/course/panels/earthmodel/FrameworkExplorer.jsx:119 fmt(R.tkA.mean, 2)",Prints 36.00 against tol 0.05.
earthmodel,beginner,tka_max,m,42.0,0.05,none,[],True,,nextgen-panel,"{""decimals"": 2}",1.0,,0.0,,,False,,/root/wt-b5-nextgen/src/components/course/panels/earthmodel/FrameworkExplorer.jsx:120,"/root/wt-b5-nextgen/src/components/course/panels/earthmodel/FrameworkExplorer.jsx:120 fmt(R.tkA.max, 2)",Prints 42.00 against tol 0.05.
earthmodel,beginner,tkb_mean,m,10.24,0.05,none,[],True,,nextgen-panel,"{""decimals"": 2}",1.0,,0.0,,,False,,/root/wt-b5-nextgen/src/components/course/panels/earthmodel/FrameworkExplorer.jsx:121,"/root/wt-b5-nextgen/src/components/course/panels/earthmodel/FrameworkExplorer.jsx:121 fmt(R.tkB.mean, 2)","Prints 10.24 (all 500 nodes) against tol 0.05; the distractor 16.00 (320 nodes, :122) fails."
earthmodel,beginner,bulk_a_mm3,10^6 m3,45.0,0.01,none,[],True,,nextgen-panel,"{""decimals"": 4}",1.0,,0.0,,,False,,/root/wt-b5-nextgen/src/components/course/panels/earthmodel/FrameworkExplorer.jsx:123; hand-calc 36 x 500 x 2500 taught in beginner m05 l02,"/root/wt-b5-nextgen/src/components/course/panels/earthmodel/FrameworkExplorer.jsx:123 fmt(R.bulkA / 1e6, 4)",Prints 45.0000 in 10^6 m3 against tol 0.01; also exact by the taught closed form.
earthmodel,intermediate,w2_topa_tvdss,m,1496.6634373420557,0.01,none,[],True,,nextgen-panel,"{""decimals"": 2}",1.0,,0.0034373420555766643,,,False,,"/root/wt-b5-nextgen/src/components/course/panels/earthmodel/TieExplorer.jsx:88 (TopA: pick vs surface tile, W2 survey trajectory); hand-calc in intermediate m02 l05","/root/wt-b5-nextgen/src/components/course/panels/earthmodel/TieExplorer.jsx:88 fmt(r.tvdss, 2)",Tile prints 1496.66 (0.0034 off) against tol 0.01; the arc-plus-hold closed form also gives it exactly.
earthmodel,intermediate,w1_baseb_res,m,5.0,0.01,none,[],True,,nextgen-panel,"{""decimals"": 3}",1.0,,0.0,,,False,,"/root/wt-b5-nextgen/src/components/course/panels/earthmodel/TieExplorer.jsx:92 (BaseB residual tile, W1)","/root/wt-b5-nextgen/src/components/course/panels/earthmodel/TieExplorer.jsx:92 fmt(r.residualM, 3)",Prints +5.000 against tol 0.01.
earthmodel,intermediate,w2_topb_res,m,8.318351595797822,0.01,none,[],True,,nextgen-panel,"{""decimals"": 3}",1.0,,0.0003515957978219575,,,False,,"/root/wt-b5-nextgen/src/components/course/panels/earthmodel/TieExplorer.jsx:92 (TopB residual, W2)","/root/wt-b5-nextgen/src/components/course/panels/earthmodel/TieExplorer.jsx:92 fmt(r.residualM, 3)",Prints +8.318 (0.00035 off) against tol 0.01.
earthmodel,intermediate,w3_topa_res,m,1.0,0.01,none,[],True,,nextgen-panel,"{""decimals"": 3}",1.0,,0.0,,,False,,"/root/wt-b5-nextgen/src/components/course/panels/earthmodel/TieExplorer.jsx:92 (TopA residual, W3)","/root/wt-b5-nextgen/src/components/course/panels/earthmodel/TieExplorer.jsx:92 fmt(r.residualM, 3)",Prints +1.000 against tol 0.01.
earthmodel,intermediate,worst_res,m,45.02816332199586,0.01,none,[],True,,nextgen-panel,"{""decimals"": 3}",1.0,,0.00016332199586344132,,,False,,"/root/wt-b5-nextgen/src/components/course/panels/earthmodel/TieExplorer.jsx:96 (Worst residual in the well set tile, shown on every well view)","/root/wt-b5-nextgen/src/components/course/panels/earthmodel/TieExplorer.jsx:96 fmt(m.worstAll.residualM, 3)",Prints 'W2 BaseB 45.028' (0.0002 off) against tol 0.01.
earthmodel,intermediate,w2_cpa_x,m,1610.8719179395334,0.01,none,[],True,,nextgen-panel,"{""decimals"": 2}",1.0,,0.0019179395335413574,,,False,,"/root/wt-b5-nextgen/src/components/course/panels/earthmodel/TieExplorer.jsx:95 (Zone A control point tile, W2)","/root/wt-b5-nextgen/src/components/course/panels/earthmodel/TieExplorer.jsx:95 fmt(m.cp.x, 2)",Prints 1610.87 (0.0019 off) against tol 0.01; closed form 1511.877 + 0.35 x 282.843 also taught.
earthmodel,advanced,block1_cells,count,174.0,0.0,none,"[""zero_tol""]",True,,nextgen-panel,integer,1.0,,0.0,,,False,,/root/wt-b5-nextgen/src/components/course/panels/earthmodel/PopulationExplorer.jsx:81 (Census tile),/root/wt-b5-nextgen/src/components/course/panels/earthmodel/PopulationExplorer.jsx:81 `${m.census[0]} / ${m.census[1]}`,Integer node count printed as '326 / 174'; tol 0 honest; hand count 108 + 66 taught in advanced m02 l01.
earthmodel,advanced,trend_probe,v/v,0.3075,0.001,none,[],True,,nextgen-panel,"{""decimals"": 6}",1.0,,0.0,,,False,,"/root/wt-b5-nextgen/src/components/course/panels/earthmodel/PopulationExplorer.jsx:89 (Trend at (1250, 2250) tile); hand-calc 0.38 - 0.00004 x - 0.00001 y (advanced m04 l01)","/root/wt-b5-nextgen/src/components/course/panels/earthmodel/PopulationExplorer.jsx:89 fmt(m.probes.trendProbe, 6)",Prints 0.307500 and the tile unit reads 'v/v (hand: 0.3075)'; tol 0.001.
earthmodel,advanced,krige_probe,v/v,0.2914277719922997,0.001,tolerance,[],True,"{""migration"": ""20261024a_w1_earthmodel.sql"", ""wave"": ""w1"", ""prompt"": ""krige_at_w1 was prompt-given: the prompt called it the exactness check and the tile's unit string printed \""W1 is 0.3150\"", so W1's logged porosity passed without kriging anything. It is replaced by a measured per-block kriging output, the porosity jump across the fault on the y = 2200 row (block 0 no"", ""tol"": [0.001, 0.0002]}",nextgen-panel,"{""decimals"": 6}",1.0,,2.2800770033137852e-07,,,False,"{""new_tol"": 0.0002}","src/components/course/panels/earthmodel/PopulationExplorer.jsx:96 (Kriged at a probe point tile; type x 1500, y 2500 with Simple kriging, nugget 0.00025, range 900)","src/components/course/panels/earthmodel/PopulationExplorer.jsx:96 fmt(probe, 6), probe = m.krigeAt(px, py) (src/lib/earthmodelTeaching.js computePopulation.krigeAt)","New probe readout with x/y inputs; krigeAt(1500, 2500) = 0.2914277719922997 exactly (populationLab.test.js). Its default location is PROBE_DEFAULT (2000, 2300), which reads 0.279119 and, under every nugget/range option, stays > 0.0017 from the key, so no default state prints it (D2). At tol 0.0002 the mean 0.290516 (0.00091 away) fails; the nugget-0 value 0.291597 (1.7e-4) still passes, as the B5 annotation noted. Rounding miss at 6 dp 2.3e-7. The advanced m06 l04 walkthrough now names the readout and the 0.0002 tolerance; m05 l03/l05 no longer describe the nugget sweep as ""one tolerance""."
earthmodel,advanced,krige_at_w1,v/v,0.315,0.0005,redesign,[],True,"{""migration"": ""20261024a_w1_earthmodel.sql"", ""wave"": ""w1"", ""rekey"": {""key"": ""fault_jump_y2200"", ""label"": ""Porosity jump across the fault on the y = 2200 row"", ""unit"": ""v/v"", ""expected"": -0.023016035393453593, ""tol"": 5e-05}, ""rekey_annot"": {""source"": ""nextgen-panel"", ""source_ref"": ""src/components/course/panels/earthmodel/PopulationExplorer.jsx:92 (Jump across the fault on this row tile, Simple kriging, nugget 0.00025, range 900)"", ""printed"": {""decimals"": 6}, ""display_scale"": 1, ""display_ref"": ""src/components/course/panels/earthmodel/PopulationExplorer.jsx:92 fmt(jump, 6)"", ""prompt_precision"": null, ""answer_space"": null, ""guess_p"": null, ""evidence"": ""computePopulation() profile[12].phi - profile[11].phi = -0.023016035393453593 (pinned in populationLab.test.js with a sweep over all 48 method/nugget/range settings, every other one more than 5e-5 away: nearest -0.0231041 at range 300 and -0.0228259 at range 600; trend -0.0210, constant -0.028688; unsigned +0.023016 is 0.046 away). Printed at 6 dp, rounding miss 3.5e-8. The panel opens on simple kriging at the golden variogram, so the DEFAULT STATE PRINTS IT (earthmodel is a full W5 re-case). Lessons reworded so no figure within tol survives: m01 l04 printed it to full precision and \""about 0.292\"" at x 1600 (0.292 - 0.315 = -0.023 passes), m04 l05 printed \""krige minus 0.0230\""."", ""class"": ""none"", ""owner_decision"": false, ""leak"": true}}",prompt-given,"{""decimals"": 4}",1.0,,0.0,,,False,"{""redesign"": ""Replace with 'Porosity jump across the fault on the y = 2200 row' (v/v), read from the existing 'Jump across the fault on this row' tile (PopulationExplorer.jsx:84, fmt 6), tol 0.0005; it is a measured per-block kriging output rather than an input datum.""}","/root/wt-b5-nextgen/src/components/course/panels/earthmodel/PopulationExplorer.jsx:86 (Kriged at W1 tile, unit text ""v/v (W1 is 0.3150)"")","/root/wt-b5-nextgen/src/components/course/panels/earthmodel/PopulationExplorer.jsx:86 fmt(m.probes.krigeAtW1, 4)","The prompt itself says the answer is the exactness check ('simple kriging with a nugget below the sill honors the data'), so the answer is W1's logged porosity, and the tile's unit string prints 'W1 is 0.3150'. Anyone who reads W1's value passes without kriging anything."
earthmodel,advanced,phi_block0,v/v,0.28631191845445614,0.001,none,[],True,,nextgen-panel,"{""decimals"": 6}",1.0,,8.154554387296287e-08,,,False,,"/root/wt-b5-nextgen/src/components/course/panels/earthmodel/PopulationExplorer.jsx:82 (Zone A phi, block 0 (weighted) tile); hand-calc MD-weighted mean taught advanced m03 l04","/root/wt-b5-nextgen/src/components/course/panels/earthmodel/PopulationExplorer.jsx:82 fmt(m.phiBlock0, 6)",Prints 0.286312 against tol 0.001.
earthmodel,advanced,bulk_a_block1,10^6 m3,13.998749999999998,0.01,none,[],True,,nextgen-panel,"{""decimals"": 5}",1.0,,1.7763568394002505e-15,,,False,,"/root/wt-b5-nextgen/src/components/course/panels/earthmodel/PopulationExplorer.jsx:90 (Zone A bulk, block 0 / block 1 tile)","/root/wt-b5-nextgen/src/components/course/panels/earthmodel/PopulationExplorer.jsx:90 fmt(m.volsA[1].bulk_m3 / 1e6, 5)",Prints 13.99875 in 10^6 m3 against tol 0.01; closure 45 - 31.00125 also taught.
esp,beginner,stage_fit_head_rmse_ft,ft,0.02217275280580838,1.1e-08,none,[],False,,hand-calc,full,1.0,,0.0,,,False,,/root/wt-b5-nextgen/src/content/courses/esp/beginner/m02-fitting-a-curve/l02-the-cubic-fit.md; l03-how-good-is-the-fit.md,,"Cubic least squares on the six published points (rate scaled by the top rate), RMSE = sqrt(SSE/n): reproduced 0.02217275280580838 exactly with the vendored fitStageCurve; l03 calibrates the /n convention on the golden curve (0.0534522484 ft)."
esp,beginner,stage_bep_q_bpd,bbl/d,3600.625,0.0018,none,[],False,,hand-calc,full,1.0,,0.0,,,False,,/root/wt-b5-nextgen/src/content/courses/esp/beginner/m03-the-best-efficiency-point; beginner/m06-the-associate-reading/l02-working-the-capstone.md (step three),,"400 interval scan of the efficiency cubic over 1750 to 4900 bbl/d, spelled out in the prompt (7.875 bbl/d steps); reproduced 3600.625 exactly. A continuous maximum is 3602.945, so the scan convention matters and the prompt states it."
esp,beginner,stage_bep_head_ft,ft,17.48655357193924,8.7e-06,none,[],False,,hand-calc,full,1.0,,0.0,,,False,,/root/wt-b5-nextgen/src/content/courses/esp/beginner/m03-the-best-efficiency-point,,Head cubic read at the scanned BEP rate on the 50 Hz curve; reproduced 17.48655357193924.
esp,beginner,stage_head_at_duty_ft,ft,21.104863057398873,1.1e-05,none,[],False,,hand-calc,full,1.0,,0.0,,,False,,/root/wt-b5-nextgen/src/content/courses/esp/beginner/m04-the-duty-point; m06/l02-working-the-capstone.md (step four),,"Affinity map q_ref = 4400/1.14 = 3859.649, head cubic there times 1.14^2; reproduced 21.104863057398873."
esp,beginner,stage_efficiency_at_duty_frac,fraction,0.7063497926211714,3.5e-07,none,[],False,,hand-calc,full,1.0,,0.0,,,False,,/root/wt-b5-nextgen/src/content/courses/esp/beginner/m04-the-duty-point,,Efficiency cubic (fitted on percent/100) at q_ref; reproduced 0.7063497926211714.
esp,beginner,stage_bhp_per_stage_hp,hp,0.7947946030979557,4e-07,none,[],False,,hand-calc,full,1.0,,0.0,,,False,,"/root/wt-b5-nextgen/src/content/courses/esp/beginner/m06-the-associate-reading/l02-working-the-capstone.md (step six, divisor 135635.80083124)",,q x H x SG / 135635.80083124 / eta at the duty; reproduced 0.7947946030979557.
esp,intermediate,intake_pressure_psia,psia,1206.9,0.0006,none,[],False,,hand-calc,full,1.0,,0.0,,,False,,/root/wt-b5-nextgen/src/content/courses/esp/intermediate/m06-the-professional-reading/l02-working-the-capstone.md (step two),,1385 - 0.274 x 650 = 1206.9 exactly; the prompt free check states the formula.
esp,intermediate,intake_stream_gvf_frac,fraction,0.20505218502181405,1e-07,none,[],False,,hand-calc,full,1.0,,0.0,,,False,,/root/wt-b5-nextgen/src/content/courses/esp/intermediate/m01-the-fluid-at-the-intake/l04-gas-volume-fraction.md,,Free gas (1320-415) x 1136 x 0.00094 rb/d over oil 1136 x 1.285 + water (1136 x 0.66/0.34) x 1.037 + gas; reproduced 0.20505218502181405.
esp,intermediate,pump_mixture_density_lbft3,lb/ft3,52.57683447823375,2.6e-05,none,[],False,,hand-calc,full,1.0,,0.0,,,False,,/root/wt-b5-nextgen/src/content/courses/esp/intermediate/m02-density-and-gradient/l01-mixture-density.md,,"Mass-weighted density of oil, water and the 45 percent of free gas left after the separator; reproduced 52.57683447823375."
esp,intermediate,pump_intake_bpd,bbl/d,4181.40584,0.0021,none,[],False,,hand-calc,full,1.0,,0.0,,,False,,/root/wt-b5-nextgen/src/content/courses/esp/intermediate/m03-rate-at-depth/l03-pump-intake-rate.md,,Oil + water + unvented gas at intake; reproduced 4181.40584.
esp,intermediate,tdh_ft,ft,3684.025520406471,0.0018,none,[],False,,hand-calc,full,1.0,,0.0,,,False,,/root/wt-b5-nextgen/src/content/courses/esp/intermediate/m04-total-dynamic-head; m06/l02-working-the-capstone.md (step four),,(2552 - 1206.9) / (density/144); reproduced 3684.025520406471.
esp,intermediate,design_head_made_ft,ft,3706.1488182900653,0.0019,none,[],False,,hand-calc,full,1.0,,0.0,,,False,,"/root/wt-b5-nextgen/src/content/courses/esp/intermediate/m05-sizing-the-stack/l01-stages-are-integers.md, l02-head-required-and-head-made.md",,"ceil(TDH / 22.3261977 ft per stage at q_ref = 4181.406/1.14 on the Associate cubic) = 166 stages, x head per stage; reproduced 3706.1488182900653."
esp,advanced,design_shaft_hp,hp,134.57121282585754,6.7e-05,none,[],False,,hand-calc,full,1.0,,0.0,,,False,,/root/wt-b5-nextgen/src/content/courses/esp/advanced/m01-from-head-to-horsepower; m06/l02-working-the-capstone.md,,Hydraulic hp at the required TDH (4181.406 x 3684.0255 x SG 0.843226 / 135635.8) over the stage efficiency at the duty; reproduced 134.57121282585754.
esp,advanced,motor_amps_a,A,43.06278810427442,2.2e-05,none,[],False,,hand-calc,full,1.0,,0.0,,,False,,/root/wt-b5-nextgen/src/content/courses/esp/advanced/m03-amps-and-cable/l01 (current from the plate),,48 x shaft/150; reproduced 43.06278810427442.
esp,advanced,cable_drop_pct,percent,4.991671325954014,2.5e-06,none,[],False,,hand-calc,full,1.0,,0.0,,,False,,"/root/wt-b5-nextgen/src/content/courses/esp/advanced/m03-amps-and-cable/l02-voltage-drop.md (sqrt3, alpha 0.0021833333/degF), l03-selecting-a-cable.md (five AWG resistances)",,Smallest candidate under 5 percent at 8420 ft and 195 degF is 1 AWG (2 AWG gives 6.29); drop = sqrt3 x I x R(195F) x 8.42 over 2000 V; reproduced 4.991671325954014.
esp,advanced,surface_kva,kVA,156.62014330985684,7.8e-05,none,[],False,,hand-calc,full,1.0,,0.0,,,False,,/root/wt-b5-nextgen/src/content/courses/esp/advanced/m04-at-the-surface/l01-surface-voltage.md,,sqrt3 x (2000 + drop V) x I / 1000; reproduced 156.62014330985684.
esp,advanced,cable_loss_kw,kW,7.446269485504994,3.7e-06,none,[],False,,hand-calc,full,1.0,,0.0,,,False,,/root/wt-b5-nextgen/src/content/courses/esp/advanced/m04-at-the-surface/l03-cable-loss.md,,3 x I^2 x R(195F) x 8.42 / 1000; reproduced 7.446269485504994.
esp,advanced,diag_head_ratio_frac,fraction,0.8460786902908579,4.2e-07,none,[],False,,hand-calc,full,1.0,,0.0,,,False,,/root/wt-b5-nextgen/src/content/courses/esp/advanced/m05-diagnosis/l01-what-a-diagnosis-is.md,,(2344-1142)/(design gradient) over 166 x stage head at 3960 bbl/d and 57 Hz; reproduced 0.8460786902908579.
fdp,beginner,ukot_concept_capex_mm,million USD,1320.0,0.001,none,[],False,,suite-app,integer,1.0,4,0.0,,,False,,src/components/fdp/modules/scenarios/ScenarioManager.jsx:131,src/components/fdp/modules/scenarios/ScenarioManager.jsx:131,"Scenario card prints `(CAPEX ${capex.toFixed(0)}MM)`; 410+760+150 = 1320 exactly, also a hand sum of the prompt's three capex fields (taught in beginner m06/l02)."
fdp,beginner,ukot_oil_p50_mmbbl,MMbbl,111.0,0.001,none,[],False,,suite-app,"{""decimals"": 1}",1.0,4,0.0,,,False,,src/components/fdp/modules/subsurface/ReservesTable.jsx:146,src/components/fdp/modules/subsurface/ReservesTable.jsx:146,"Per-fluid total `t.p50Sum.toFixed(1)` prints 111.0; 82+29 = 111 exactly, a hand sum of prompt inputs."
fdp,beginner,ukot_gas_p50_bcf,Bcf,74.0,0.001,none,[],False,,suite-app,"{""decimals"": 1}",1.0,4,0.0,,,False,,src/components/fdp/modules/subsurface/ReservesTable.jsx:146,src/components/fdp/modules/subsurface/ReservesTable.jsx:146,`t.p50Sum.toFixed(1)` prints 74.0; 46+28 = 74 exactly.
fdp,beginner,ukot_base_npv_mm,million USD,1694.0731982105392,0.05,none,[],False,,suite-app,"{""decimals"": 1}",1.0,4,0.02680178946070555,,,False,,src/components/fdp/modules/scenarios/ScenarioManager.jsx:144,src/components/fdp/modules/scenarios/ScenarioManager.jsx:144,"Card prints `${npv.toFixed(1)}M` = 1694.1, |1694.1-1694.0732| = 0.027 <= tol 0.05; tol equals half a unit of the printed place."
fdp,beginner,ukot_base_irr_low_root_pct,percent,-43.22592817326132,0.01,display,"[""display_miss""]",False,"{""suite"": ""src/utils/fdp/planEconomics.js irrReason prints each root to 4 decimals""}",suite-app,"{""decimals"": 1}",1.0,4,0.025928173261320353,,,True,"{""display"": ""src/utils/fdp/planEconomics.js:184 -> format each root with r.toFixed(4) instead of r.toFixed(1) (keep the % suffix); update engines191Plan.test.jsx:120 expectation""}",src/components/fdp/modules/cost/EconomicsAnalysis.jsx:41-62,src/utils/fdp/planEconomics.js:184,"CONFIRMED: irrReason maps roots with `${r.toFixed(1)}%`, so the card reads 'the NPV is zero at -43.2% and ...'; |-43.2 - (-43.2259)| = 0.0259 > tol 0.01, so a learner who copies the only printed value fails. The scenario card (ScenarioManager.jsx:150) shows only 'n/a' on multiple roots."
fdp,beginner,ukot_alternative_npv_mm,million USD,695.4146347459839,0.05,none,[],False,,suite-app,"{""decimals"": 1}",1.0,4,0.014634745983926223,,,False,,src/components/fdp/modules/scenarios/ScenarioManager.jsx:144,src/components/fdp/modules/scenarios/ScenarioManager.jsx:144,Card prints 695.4 after relinking the Board case to the tie-back concept; |695.4-695.4146| = 0.015 <= 0.05.
fdp,intermediate,ukot_network_duration_days,days,671.0,0.5,none,[],False,,suite-app,integer,1.0,0,0.0,,,False,,src/components/fdp/modules/schedule/CriticalPath.jsx:46,src/components/fdp/modules/schedule/CriticalPath.jsx:46,`{durationDays} d` integer; 380+120+171 = 671 by the forward pass taught in intermediate m01 and m06/l02.
fdp,intermediate,ukot_calendar_span_days,days,764.0,0.5,none,[],False,,suite-app,integer,1.0,0,0.0,,,False,,src/components/fdp/modules/schedule/CriticalPath.jsx:53,src/components/fdp/modules/schedule/CriticalPath.jsx:53,"`${calendarDays} d`; 2028-06-01 to 2030-07-05 = 764 whole calendar days, also hand-countable (advanced m04/l05 states the whole-day rule)."
fdp,intermediate,ukot_uk01_well_cost_usd,USD,37762500.0,1.0,display,"[""display_miss""]",False,,suite-app,"{""decimals"": 1}",1e-06,0,37500.0,,,True,"{""display"": ""src/components/fdp/modules/wells/WellInventory.jsx:50 and WellForm.jsx:182 -> print well.cost as whole USD (Math.round(cost).toLocaleString('en-US')) instead of (cost/1e6).toFixed(1)""}",src/components/fdp/modules/wells/WellForm.jsx:178-182,src/components/fdp/modules/wells/WellInventory.jsx:50,"The only printed cost is `${(formData.cost / 1000000).toFixed(1)}M` = 37.8M, 37500 USD from 37762500 (tol 1). WellForm.jsx:178 prints `{formData.days} days` as an integer, and cost = days x rate x (1+1.5)."
fdp,intermediate,ukot_campaign_cost_usd,USD,86125000.0,1.0,display,"[""display_miss""]",False,,suite-app,"{""decimals"": 1}",1e-06,0,25000.0,,,True,"{""display"": ""src/components/fdp/modules/wells/WellInventory.jsx:50 -> whole-USD cost per row (and a whole-USD campaign total); WellStrategy.jsx shows rig days only""}",src/components/fdp/modules/wells/WellInventory.jsx:50,src/components/fdp/modules/wells/WellInventory.jsx:50,"No whole-USD cost is printed anywhere; the inventory sums of 37.8+25.8+22.5 (toFixed(1) $M) give 86.1M, 25000 USD off with tol 1."
fdp,intermediate,ukot_platform_capex_mm,million USD,743.1213581482968,0.01,display,"[""display_miss""]",False,,suite-app,"{""decimals"": 1}",1.0,4,0.021358148296826585,,,True,"{""display"": ""src/components/fdp/modules/facilities/FacilitiesCostEstimation.jsx:19 (and :26, :34, :42) -> costs.capex.toFixed(4); also FacilitiesForm.jsx:37-38 stores estimates rounded to toFixed(1), which FacilitiesList.jsx:49 then shows""}",src/components/fdp/modules/facilities/FacilitiesCostEstimation.jsx:19,src/components/fdp/modules/facilities/FacilitiesCostEstimation.jsx:19,`${costs.capex.toFixed(1)}M` prints 743.1; |743.1-743.1214| = 0.021 > tol 0.01. Not hand-calc: the Platform base cost and reference nameplate are not in the lessons (m04/l02 gives FPSO and tie-back only).
fdp,intermediate,ukot_platform_decommissioning_mm,million USD,111.46820372224452,0.01,display,"[""display_miss""]",False,,suite-app,"{""decimals"": 1}",1.0,4,0.031796277755475444,,,True,"{""display"": ""src/components/fdp/modules/facilities/FacilitiesCostEstimation.jsx:34 -> costs.decommissioning.toFixed(4)""}",src/components/fdp/modules/facilities/FacilitiesCostEstimation.jsx:34,src/components/fdp/modules/facilities/FacilitiesCostEstimation.jsx:34,Card prints 111.5; |111.5-111.4682| = 0.032 > tol 0.01.
fdp,advanced,meren_planned_value_usd,USD,8205591.467356173,1.0,display,[],False,,unobtainable,"{""decimals"": 0}",1.0,0,0.46735617332160473,,,True,"{""display"": ""src/pages/apps/ProjectManagementPro.jsx:111 -> add an as-of date input (default today) and pass it to calculateEVM({ asOf }) instead of todayIsoDate(); show PV on the snapshot card to whole USD""}",src/pages/apps/ProjectManagementPro.jsx:111,src/components/projectmanagement/ProgressUpdateForm.jsx:130,"`calculateEVM(tasksData || [], { asOf: todayIsoDate() })` with todayIsoDate() from the machine clock. Lessons (advanced m04/l02) say the budget is 'spread across that window' without the day rule; only (end - start) days, as-of exclusive, reproduces 8205591.4674."
fdp,advanced,meren_earned_value_usd,USD,6480000.0,1.0,none,[],False,,hand-calc,full,1.0,0,0.0,,,False,,src/content/courses/fdp/advanced/m04-earned-value-to-a-date/l01-three-numbers-and-two-indexes.md,src/components/projectmanagement/SnapshotCard.jsx:37,"EV by hand as l01 teaches: 1800000 + 0.7x4600000 + 0.2x7300000 = 6480000; the app also prints it whole-USD (`maximumFractionDigits: 0`), independent of the as-of date."
fdp,advanced,meren_spi,ratio,0.7897054131660108,1e-05,display,"[""display_miss""]",False,,unobtainable,"{""decimals"": 2}",1.0,6,0.0002945868339891966,,,True,"{""display"": ""src/pages/apps/ProjectManagementPro.jsx:111 -> as-of date input; src/components/projectmanagement/SnapshotCard.jsx:88 -> spi.toFixed(6)""}",src/pages/apps/ProjectManagementPro.jsx:111,src/components/projectmanagement/SnapshotCard.jsx:88,"SnapshotCard prints `SPI: ${spi.toFixed(2)}` (0.79 vs 0.789705, tol 1e-5) and only as of today; EV/PV by hand depends on the untaught day-count convention."
fdp,advanced,meren_completion_ratio,ratio,0.2745762711864407,1e-05,none,[],False,,hand-calc,full,1.0,6,0.0,,,False,,src/content/courses/fdp/advanced/m04-earned-value-to-a-date/l03-the-ratio-that-is-not-an-index.md,src/components/projectmanagement/SnapshotCard.jsx:93,EV/BAC = 6480000/23600000 = 0.274576 by hand (l01 builds BAC as the sum of planned costs); tol 1e-5 is above half a unit of six decimals.
fdp,advanced,ukot_price_swing_mm,million USD,2206.7509870934814,0.05,none,[],False,,suite-app,full,1.0,4,0.0,,,False,,src/components/fdp/modules/cost/SensitivityAnalysis.jsx:34-62,src/components/fdp/modules/cost/SensitivityAnalysis.jsx:59,Tornado bars carry min/max NPV changes; `<Tooltip>` has no formatter so Recharts prints the raw floats; swing = max - min for the oil price bar.
fdp,advanced,ukot_stress_npv_mm,million USD,-797.9291563861506,0.05,none,[],False,,suite-app,"{""decimals"": 1}",1.0,4,0.029156386150589242,,,False,,src/components/fdp/modules/scenarios/ScenarioManager.jsx:144,src/components/fdp/modules/scenarios/ScenarioManager.jsx:144,Low case card prints -797.9; |-797.9-(-797.9292)| = 0.029 <= 0.05.
fiscal,beginner,con_y1_gross_revenue_musd,million USD,114.89032,0.001,none,[],False,,hand-calc,full,1.0,,0.0,,,False,,src/content/courses/fiscal/beginner/m06-the-associate-reading/l02-working-the-capstone.md:13,src/content/courses/fiscal/beginner/m06-the-associate-reading/l02-working-the-capstone.md:13,Step two builds year 1 gross revenue by hand: (5200x58 + 65x3.2 + 480x27) x 365 / 1e6 = 114.89032 exactly; full precision from a calculator.
fiscal,beginner,con_y4_royalty_musd,million USD,11.309459947889602,0.001,none,[],False,,hand-calc,full,1.0,,0.0,,,False,,src/content/courses/fiscal/beginner/m06-the-associate-reading/l02-working-the-capstone.md:14,src/content/courses/fiscal/beginner/m06-the-associate-reading/l02-working-the-capstone.md:14,"14 percent of year 4 gross (each stream declined three times after booking, as the prompt and m06/l02 step two teach); closed form, full precision. The Designer prints no per-year royalty."
fiscal,beginner,con_y4_opex_musd,million USD,18.467779420043748,0.001,none,[],False,,hand-calc,full,1.0,,0.0,,,False,,src/content/courses/fiscal/beginner/m06-the-associate-reading/l02-working-the-capstone.md:19,src/content/courses/fiscal/beginner/m06-the-associate-reading/l02-working-the-capstone.md:19,9 + 6.5 USD x year 4 boe (gas at 6000 scf/bbl) / 1e6; closed form. Step three quotes year 4 opex the same way; the Designer prints no opex column.
fiscal,beginner,con_y5_contractor_ncf_musd,million USD,44.366803603492855,0.001,none,[],False,,hand-calc,full,1.0,,0.0,,,False,,src/content/courses/fiscal/beginner/m06-the-associate-reading/l02-working-the-capstone.md:25,src/content/courses/fiscal/beginner/m06-the-associate-reading/l02-working-the-capstone.md:25,Built row by row as steps two and three teach (pool cleared under a 100 percent limit); five rows by hand give full precision.
fiscal,beginner,con_payback_year_cum_ncf_musd,million USD,14.740261270763284,0.001,none,[],False,,hand-calc,full,1.0,,0.0,,,False,,src/content/courses/fiscal/beginner/m06-the-associate-reading/l02-working-the-capstone.md:29,src/content/courses/fiscal/beginner/m06-the-associate-reading/l02-working-the-capstone.md:29,Step four reads the cumulative at the first year above zero; a handful of hand-built rows reach the payback year at full precision.
fiscal,beginner,con_total_government_take_musd,million USD,229.13292242776342,0.001,tolerance,"[""display_miss""]",False,"{""migration"": ""20261023c_ro_fiscal_tolerances.sql"", ""tol"": [0.001, 0.05]}",suite-app,"{""decimals"": 1}",1.0,,0.03292242776342391,,,False,"{""new_tol"": 0.05}",src/pages/apps/FiscalRegimeDesigner.jsx:11,src/components/fiscaldesigner/ResultsPanel.jsx:152,"Life total over 25 rows is read from the engine (""proves two rows and trusts the other twenty three"", src/content/courses/fiscal/beginner/m06-the-associate-reading/l02-working-the-capstone.md:37); the Designer summary prints `{s.govTake.toFixed(1)}` against tol 0.001."
fiscal,intermediate,psc_y1_cost_recovered_musd,million USD,70.19798552,0.001,none,[],False,,hand-calc,full,1.0,,0.0,,,False,,src/content/courses/fiscal/intermediate/m06-the-professional-reading/l02-working-the-capstone.md:1,src/content/courses/fiscal/intermediate/m06-the-professional-reading/l02-working-the-capstone.md:1,"65 percent of year 1 revenue after royalty (6 percent tier at 58 USD/bbl), capped by the pool; one closed-form row. The Designer prints no cost recovery column."
fiscal,intermediate,psc_y3_unrecovered_pool_musd,million USD,190.0287098892603,0.001,none,[],False,,hand-calc,full,1.0,,0.0,,,False,,src/content/courses/fiscal/intermediate/m06-the-professional-reading/l02-working-the-capstone.md:25,src/content/courses/fiscal/intermediate/m06-the-professional-reading/l02-working-the-capstone.md:25,"Pool = brought forward + capex + opex minus recovered, carried three rows (intermediate m02 and m06/l02 step four); hand rows give full precision. Not printed by the Designer."
fiscal,intermediate,psc_y5_r_factor,ratio,1.1122624290891505,1e-06,none,[],False,,hand-calc,full,1.0,,0.0,,,False,,src/content/courses/fiscal/intermediate/m03-the-r-factor/l01-a-ratio-of-cumulatives.md:15,src/content/courses/fiscal/intermediate/m03-the-r-factor/l01-a-ratio-of-cumulatives.md:15,"Ratio of cumulative revenue to cumulative cost through year 5, both regime-independent columns (m03/l01); five rows by hand. Lessons and panels print R to 6 decimals (RegimeExplorer.jsx:24 toFixed(6)), tol 1e-6 exceeds half a unit there."
fiscal,intermediate,psc_y8_royalty_musd,million USD,5.961300665865362,0.0003,none,[],False,,hand-calc,full,1.0,,0.0,,,False,,src/content/courses/fiscal/intermediate/m06-the-professional-reading/l02-working-the-capstone.md:25,src/content/courses/fiscal/intermediate/m06-the-professional-reading/l02-working-the-capstone.md:25,"9.5 percent of year 8 gross at the stepped 72 USD/bbl deck: closed form, full precision; tol 0.0003 is wider than half a unit at the course's 4 decimals."
fiscal,intermediate,psc_total_tax_musd,million USD,62.454042497773344,0.001,display,[],False,,unobtainable,,1.0,,,,,True,"{""display"": ""src/components/fiscaldesigner/ResultsPanel.jsx:129-166 -> add a per-regime total tax column (4 decimals), or a full-precision per-year ledger table/export""}",src/pages/apps/FiscalRegimeDesigner.jsx:11,src/components/fiscaldesigner/ResultsPanel.jsx:129-166,"Searched ResultsPanel.jsx: columns are npv, irr, payback, govTake, government take %, share of net revenue; no tax anywhere in the rendered output. Hand-calc needs the whole 25-year PSC ledger with the R-factor fallback in year 25."
fiscal,intermediate,psc_npv_musd,million USD,-19.724017651298347,0.001,tolerance,"[""display_miss""]",False,"{""migration"": ""20261023c_ro_fiscal_tolerances.sql"", ""tol"": [0.001, 0.05]}",suite-app,"{""decimals"": 1}",1.0,,0.02401765129834743,,,False,"{""new_tol"": 0.05}",src/pages/apps/FiscalRegimeDesigner.jsx:11,src/components/fiscaldesigner/ResultsPanel.jsx:144,Summary prints `{s.npv.toFixed(1)}`; NPV over 25 year-end-discounted rows is an engine reading (intermediate m05/l01). tol 0.001 < 0.05.
fiscal,advanced,cmp_top_npv_musd,million USD,20.956012449531823,0.001,tolerance,"[""display_miss""]",False,"{""migration"": ""20261023c_ro_fiscal_tolerances.sql"", ""tol"": [0.001, 0.05]}",suite-app,"{""decimals"": 1}",1.0,,0.04398755046817726,,,False,"{""new_tol"": 0.05}",src/pages/apps/FiscalRegimeDesigner.jsx:11,src/components/fiscaldesigner/ResultsPanel.jsx:144,"After the sort, the first row NPV prints `{s.npv.toFixed(1)}` (20.956 shows as 21.0); tol 0.001."
fiscal,advanced,cmp_psc_effective_tax_rate_pct,percent,42.14742246720144,0.0001,tolerance,"[""display_miss""]",False,"{""migration"": ""20261023c_ro_fiscal_tolerances.sql"", ""tol"": [0.0001, 0.05]}",suite-app,"{""decimals"": 1}",1.0,,0.047422467201435836,,,False,"{""new_tol"": 0.05}",src/pages/apps/FiscalRegimeDesigner.jsx:11,src/components/fiscaldesigner/ResultsPanel.jsx:163,Summary table prints `${s.governmentShareOfNetRevenuePct.toFixed(1)}%`; tol 0.0001 percent.
fiscal,advanced,cmp_psc_price_sweep_at_60_pct,percent,75.697560213795,0.0001,tolerance,"[""display_miss""]",False,"{""migration"": ""20261023c_ro_fiscal_tolerances.sql"", ""tol"": [0.0001, 0.05]}",suite-app,"{""decimals"": 1}",1.0,,0.0024397862050022923,,,False,"{""new_tol"": 0.05}",src/components/fiscaldesigner/PriceShareChart.jsx:30,src/components/fiscaldesigner/priceShareChart.js:108,Price sweep tooltip describePoint prints `${value.toFixed(1)} %`; tol 0.0001 percent.
fiscal,advanced,cmp_psc_capex_loss_last_tenth_musd,million USD,28.127858185420223,0.001,tolerance,"[""display_miss""]",False,"{""migration"": ""20261023c_ro_fiscal_tolerances.sql"", ""tol"": [0.001, 0.1]}",suite-app,"{""decimals"": 1}",1.0,,0.02785818542022156,,,False,"{""new_tol"": 0.1}",src/components/fiscaldesigner/ResultsPanel.jsx:228-240,src/components/fiscaldesigner/ResultsPanel.jsx:236,"Difference of two capex-sweep tooltip readings, each `$${mm(v)}MM` toFixed(1); worst-case rounding error of the difference is 0.1 against tol 0.001."
fiscal,advanced,cmp_psc_capex_loss_eight_point_musd,million USD,169.10768926905132,0.001,tolerance,"[""display_miss""]",False,"{""migration"": ""20261023c_ro_fiscal_tolerances.sql"", ""tol"": [0.001, 0.1]}",suite-app,"{""decimals"": 1}",1.0,,0.007689269051326164,,,False,"{""new_tol"": 0.1}",src/components/fiscaldesigner/ResultsPanel.jsx:228-240,src/components/fiscaldesigner/ResultsPanel.jsx:144,"First swept point (tooltip, toFixed(1)) minus a direct run at capex x1.5 (summary npv toFixed(1)); difference of two 1-decimal readings against tol 0.001."
fiscal,advanced,cmp_con_price_climb_pct_points,percentage points,-65.47814380281869,0.0001,tolerance,"[""display_miss""]",False,"{""migration"": ""20261023c_ro_fiscal_tolerances.sql"", ""tol"": [0.0001, 0.1]}",suite-app,"{""decimals"": 1}",1.0,,0.02185619718130738,,,False,"{""new_tol"": 0.1}",src/components/fiscaldesigner/PriceShareChart.jsx:30,src/components/fiscaldesigner/priceShareChart.js:108,"Last minus first price-sweep tooltip reading, each `${value.toFixed(1)} %`; difference of two 1-decimal readings against tol 0.0001."
flowassurance,beginner,u_bare_btu_hr_ft2_f,Btu/(hr ft2 degF),46.60031626151484,2.3e-05,none,[],False,,hand-calc,full,1.0,,0.0,,,False,,/root/wt-b5-nextgen/packages/engines/engines/production/flowlineThermal.js:166 overallU; lessons /root/wt-b5-nextgen/src/content/courses/flowassurance/beginner/m02-resistances-in-series,,"Series resistances 1/(h pi D) + ln(Do/Di)/(2 pi k), U = 1/(Rtot pi Dbore). The ThermalExplorer panel shows only fixed teaching builds (no numeric inputs), so the learner computes by hand. Closed form reproduced exactly (difference 0) by the vendored engine functions on the prompt inputs; tol is 5e-7 of the value, fine at full precision."
flowassurance,beginner,u_insulated_btu_hr_ft2_f,Btu/(hr ft2 degF),1.1120313853280657,5.6e-07,none,[],False,,hand-calc,full,1.0,,0.0,,,False,,/root/wt-b5-nextgen/packages/engines/engines/production/flowlineThermal.js:166; /root/wt-b5-nextgen/src/content/courses/flowassurance/beginner/m03-insulation,,"Same stack with the foam layer, outside film on 12.25 in. Closed form reproduced exactly (difference 0) by the vendored engine functions on the prompt inputs; tol is 5e-7 of the value, fine at full precision."
flowassurance,beginner,u_buried_btu_hr_ft2_f,Btu/(hr ft2 degF),0.5428232788182644,2.7e-07,none,[],False,,hand-calc,full,1.0,,0.0,,,False,,/root/wt-b5-nextgen/packages/engines/engines/production/flowlineThermal.js:146 burialResistance (acosh(2H/D)/(2 pi k)); /root/wt-b5-nextgen/src/content/courses/flowassurance/beginner/m04-burial,,"Adds concrete and the acosh trench term on 17.25 in. Closed form reproduced exactly (difference 0) by the vendored engine functions on the prompt inputs; tol is 5e-7 of the value, fine at full precision."
flowassurance,beginner,foam_resistance_share_pct,percent,47.745620329885455,2.4e-05,none,[],False,,hand-calc,full,1.0,,0.0,,,False,,/root/wt-b5-nextgen/packages/engines/engines/production/flowlineThermal.js:205 sharePct,,"100 x Rfoam / Rtot. Closed form reproduced exactly (difference 0) by the vendored engine functions on the prompt inputs; tol is 5e-7 of the value, fine at full precision."
flowassurance,beginner,steel_mass_lbm_per_ft,lbm/ft,40.29796889486093,2e-05,none,[],False,,hand-calc,full,1.0,,0.0,,,False,,/root/wt-b5-nextgen/packages/engines/engines/production/flowlineThermal.js:345 pipeMassLbPerFt; /root/wt-b5-nextgen/src/content/courses/flowassurance/beginner/m05-what-the-line-weighs,,"pi/4 (Do^2 - Di^2)/144 x 487.3. Closed form reproduced exactly (difference 0) by the vendored engine functions on the prompt inputs; tol is 5e-7 of the value, fine at full precision."
flowassurance,beginner,contents_mass_lbm_per_ft,lbm/ft,26.01096363755233,1.3e-05,none,[],False,,hand-calc,full,1.0,,0.0,,,False,,/root/wt-b5-nextgen/packages/engines/engines/production/flowlineThermal.js:352 contentsMassLbPerFt,,"pi/4 Di^2/144 x 47.5. Closed form reproduced exactly (difference 0) by the vendored engine functions on the prompt inputs; tol is 5e-7 of the value, fine at full precision."
flowassurance,intermediate,relaxation_length_ft,ft,36658.58444365967,0.018,none,[],False,,hand-calc,full,1.0,,0.0,,,False,,/root/wt-b5-nextgen/packages/engines/engines/production/flowlineThermal.js:217 relaxationLengthFt; /root/wt-b5-nextgen/src/content/courses/flowassurance/intermediate/m01-steady-state,,"Lc = m Cp / (U pi D) with the learner's own buried U. LineExplorer panel is fixed teaching lines (select-only). Closed form reproduced exactly (difference 0) by the vendored engine functions on the prompt inputs; tol is 5e-7 of the value, fine at full precision."
flowassurance,intermediate,arrival_temp_f,degF,77.92388912738244,3.9e-05,none,[],False,,hand-calc,full,1.0,,0.0,,,False,,/root/wt-b5-nextgen/packages/engines/engines/production/flowlineThermal.js:235 steadyStateProfile,,"Ta + (Tin - Ta) exp(-L/Lc); stations do not change the arrival (lesson intermediate/m06 l02: 'stations for shape'). Closed form reproduced exactly (difference 0) by the vendored engine functions on the prompt inputs; tol is 5e-7 of the value, fine at full precision."
flowassurance,intermediate,ntu_dimensionless,dimensionless,1.7763915598018383,8.9e-07,none,[],False,,hand-calc,full,1.0,,0.0,,,False,,/root/wt-b5-nextgen/packages/engines/engines/production/flowlineThermal.js:271 ntu = L/Lc,,"65120 / Lc. Closed form reproduced exactly (difference 0) by the vendored engine functions on the prompt inputs; tol is 5e-7 of the value, fine at full precision."
flowassurance,intermediate,u_for_target_arrival_btu_hr_ft2_f,Btu/(hr ft2 degF),0.42308503617338816,2.1e-07,none,[],False,,hand-calc,full,1.0,,0.0,,,False,,/root/wt-b5-nextgen/packages/engines/engines/production/flowlineThermal.js:284 uForArrivalTemp; /root/wt-b5-nextgen/src/content/courses/flowassurance/intermediate/m02-designing-to-a-target/l01-inverting-the-balance.md:9,,"U = m Cp ln((Tin-Ta)/(Tt-Ta)) / (pi D L); lesson says no iteration. Closed form reproduced exactly (difference 0) by the vendored engine functions on the prompt inputs; tol is 5e-7 of the value, fine at full precision."
flowassurance,intermediate,cooldown_hours_hr,hr,2.544607096144167,1.3e-06,none,[],False,,hand-calc,full,1.0,,0.0,,,False,,/root/wt-b5-nextgen/packages/engines/engines/production/flowlineThermal.js:310 cooldownTime; /root/wt-b5-nextgen/src/content/courses/flowassurance/intermediate/m03-cooldown,,"tau ln((Tarr - Ta)/(71.4 - Ta)), start at the arrival. Closed form reproduced exactly (difference 0) by the vendored engine functions on the prompt inputs; tol is 5e-7 of the value, fine at full precision."
flowassurance,intermediate,cooldown_time_constant_hr,hr,13.792637472200887,6.9e-06,none,[],False,,hand-calc,full,1.0,,0.0,,,False,,/root/wt-b5-nextgen/packages/engines/engines/production/flowlineThermal.js:320 tau = (Mc Cpc + Ms Cps)/(U pi D),,"Contents and steel slots only. Closed form reproduced exactly (difference 0) by the vendored engine functions on the prompt inputs; tol is 5e-7 of the value, fine at full precision."
flowassurance,advanced,jt_arrival_temp_f,degF,67.23638912738244,3.4e-05,none,[],False,,hand-calc,full,1.0,,0.0,,,False,,/root/wt-b5-nextgen/packages/engines/engines/production/flowlineThermal.js:253 jtDrop linear; /root/wt-b5-nextgen/src/content/courses/flowassurance/advanced/m01-joule-thomson,,"Heat-loss arrival minus 0.0125 x 855 (prompt free check states it). HydrateExplorer panel shows the teaching line only (fmt 8 decimals, no inputs). Closed form reproduced exactly (difference 0) by the vendored engine functions on the prompt inputs; tol is 5e-7 of the value, fine at full precision."
flowassurance,advanced,meoh_design_wt_pct,weight percent,38.591932741992494,1.9e-05,none,[],False,,hand-calc,full,1.0,,0.0,,,False,,/root/wt-b5-nextgen/packages/engines/engines/production/hydrateInhibition.js:131 weightPctForDepression; /root/wt-b5-nextgen/src/content/courses/flowassurance/advanced/m03-the-inhibitor/l03-sizing-the-dose.md,,"W = 100 dT M / (K + dT M) at dT = 45.8, M 32.04, K 2335. Closed form reproduced exactly (difference 0) by the vendored engine functions on the prompt inputs; tol is 5e-7 of the value, fine at full precision."
flowassurance,advanced,meoh_delivered_depression_f,degF,39.215361739692504,2e-05,none,[],False,,hand-calc,full,1.0,,0.0,,,False,,/root/wt-b5-nextgen/packages/engines/engines/production/hydrateInhibition.js:152 nielsenBucklinDepression; /root/wt-b5-nextgen/src/content/courses/flowassurance/advanced/m04-sized-one-way-checked-another/l01-two-correlations-one-dose.md,,"-129.6 ln(1 - x) with water MW 18.015; both constants taught in advanced/m03 l02 and m04 l01. Closed form reproduced exactly (difference 0) by the vendored engine functions on the prompt inputs; tol is 5e-7 of the value, fine at full precision."
flowassurance,advanced,meoh_injection_rate_bpd,bbl/d,661.2794981380277,0.00033,none,[],False,,hand-calc,full,1.0,,0.0,,,False,,/root/wt-b5-nextgen/packages/engines/engines/production/hydrateInhibition.js:217 injectionRate; /root/wt-b5-nextgen/src/content/courses/flowassurance/advanced/m03-the-inhibitor/l04-the-injection-rate.md:13-21,,"Mass balance, gross-up by 100/lean, blended stream density (volume-fraction rule), /42; taught with a worked example. Closed form reproduced exactly (difference 0) by the vendored engine functions on the prompt inputs; tol is 5e-7 of the value, fine at full precision."
flowassurance,advanced,meg_design_wt_pct,weight percent,54.903679280374725,2.7e-05,none,[],False,,hand-calc,full,1.0,,0.0,,,False,,/root/wt-b5-nextgen/packages/engines/engines/production/hydrateInhibition.js:131,,"Hammerschmidt inverse at M 62.07. Closed form reproduced exactly (difference 0) by the vendored engine functions on the prompt inputs; tol is 5e-7 of the value, fine at full precision."
flowassurance,advanced,meg_injection_rate_bpd,bbl/d,1003.0053214651645,0.0005,none,[],False,,hand-calc,full,1.0,,0.0,,,False,,/root/wt-b5-nextgen/packages/engines/engines/production/hydrateInhibition.js:217,,"Same balance at lean 88.5, density 9.3. Closed form reproduced exactly (difference 0) by the vendored engine functions on the prompt inputs; tol is 5e-7 of the value, fine at full precision."
fluid,beginner,ekene_pb_standing_psia,psia,1912.1923059028293,0.05,none,[],True,,nextgen-panel,"{""decimals"": 1}",1.0,,0.007694097170769965,,,False,,src/components/course/panels/fluid/CorrelationExplorer.jsx:101 (directed by src/content/courses/fluid/beginner/m06-the-associate-reading/l02-working-the-capstone.md),src/components/course/panels/fluid/CorrelationExplorer.jsx:15,"fmt(r.pbAtRs, 1) in the Standing row prints 1,912.2; |1912.2 - 1912.1923| = 0.0077 <= tol 0.05. tol equals half a unit of the printed decimal, so the printed value always passes."
fluid,beginner,ekene_bo_at_designed_rs,rb/stb,1.2407824121407645,0.0005,none,[],True,,nextgen-panel,"{""decimals"": 4}",1.0,,1.7587859235446146e-05,,,False,,src/components/course/panels/fluid/CorrelationExplorer.jsx:103 (directed by src/content/courses/fluid/beginner/m06-the-associate-reading/l02-working-the-capstone.md),src/components/course/panels/fluid/CorrelationExplorer.jsx:15,"fmt(r.boAtRs, 4) in the Standing row (standingBoSat at the Solution gas input, saturated, fluidLab.js:95) prints 1.2408; tol 0.0005 is ten times half the printed unit."
fluid,beginner,ekene_muod_beal_cp,cp,2.3437444714709295,0.0005,none,[],True,,nextgen-panel,"{""decimals"": 4}",1.0,,4.447147092934145e-05,,,False,,src/components/course/panels/fluid/CorrelationExplorer.jsx:116 (directed by src/content/courses/fluid/beginner/m06-the-associate-reading/l02-working-the-capstone.md),src/components/course/panels/fluid/CorrelationExplorer.jsx:15,"Tile ""Dead oil viscosity"" fmt(chain.deadOilCp, 4) unit ""cp, Beal"" prints 2.3437; tol 0.0005 >> 0.00005."
fluid,beginner,ekene_z_hy_at_pi,-,0.8577529684232971,0.0005,none,[],True,,nextgen-panel,"{""decimals"": 5}",1.0,,2.9684232970561553e-06,,,False,,src/components/course/panels/fluid/CorrelationExplorer.jsx:119 (directed by src/content/courses/fluid/beginner/m06-the-associate-reading/l02-working-the-capstone.md),src/components/course/panels/fluid/CorrelationExplorer.jsx:15,"Tile ""Gas z, Hall-Yarborough"" fmt(z.hallYarborough, 5) at the Pressure input (default 3200) prints 0.85775; tol 0.0005 >> 5e-6."
fluid,beginner,ekene_bg_at_pi_rb_scf,rb/scf,0.0008633118643757966,5e-07,none,[],True,,nextgen-panel,"{""decimals"": 7}",1.0,,1.1864375796589478e-08,,,False,,src/components/course/panels/fluid/CorrelationExplorer.jsx:122 (directed by src/content/courses/fluid/beginner/m06-the-associate-reading/l02-working-the-capstone.md),src/components/course/panels/fluid/CorrelationExplorer.jsx:15,"Tile ""Gas FVF"" fmt(gas.bgRbPerScf, 7) on the HY z prints 0.0008633; error 1.2e-8 against tol 5e-7 (half a unit of the 7th decimal is 5e-8)."
fluid,beginner,ekene_z_correlation_gap_pct,percent,-0.3303055462323185,0.002,none,[],True,,nextgen-panel,"{""decimals"": 4}",1.0,,5.546232318520694e-06,,,False,,src/components/course/panels/fluid/CorrelationExplorer.jsx:121 (directed by src/content/courses/fluid/beginner/m06-the-associate-reading/l02-working-the-capstone.md),src/components/course/panels/fluid/CorrelationExplorer.jsx:15,"Tile ""z disagreement"" fmt(z.gapPct, 4) percent, gapPct = (HY - DAK)/DAK*100 (fluidLab.js:147), prints -0.3303; tol 0.002 >> 5e-5."
fluid,intermediate,good_oil_c7plus_tc_r,degR,1324.2385574932478,0.05,none,[],True,,nextgen-panel,"{""decimals"": 2}",1.0,,0.0014425067522552126,,,False,,src/components/course/panels/fluid/StudyExplorer.jsx:94 (directed by src/content/courses/fluid/intermediate/m06-the-professional-reading/l02-working-the-capstone.md),src/components/course/panels/fluid/StudyExplorer.jsx:14,"Composition view tile ""C7+ critical temperature"" fmt(chr.tcR, 2) degR prints 1,324.24; tol 0.05 > 0.005."
fluid,intermediate,good_oil_untuned_psat_psia,psia,2791.100735294379,0.5,none,[],True,,nextgen-panel,"{""decimals"": 2}",1.0,,0.0007352943789555866,,,False,,src/components/course/panels/fluid/StudyExplorer.jsx:145 (directed by src/content/courses/fluid/intermediate/m06-the-professional-reading/l02-working-the-capstone.md),src/components/course/panels/fluid/StudyExplorer.jsx:14,"""What the model says"" table, Untuned model column fmt(model.saturationPressurePsia, 2) prints 2,791.1 (trailing zero dropped); tol 0.5."
fluid,intermediate,good_oil_psat_bias_pct,percent,5.938198064045652,0.02,none,[],True,,nextgen-panel,"{""decimals"": 2}",1.0,,0.0018019359543481883,,,False,,src/components/course/panels/fluid/StudyExplorer.jsx:147 (directed by src/content/courses/fluid/intermediate/m06-the-professional-reading/l02-working-the-capstone.md),src/components/course/panels/fluid/StudyExplorer.jsx:14,"Error column fmt(pct(model, lab), 2) with pct = (a/b - 1)*100 (StudyExplorer.jsx:42), relative to the lab value as the field asks, prints 5.94 pct; |5.94 - 5.9382| = 0.0018 <= tol 0.02."
fluid,intermediate,good_oil_untuned_gor_scf_stb,scf/stb,793.8042771796476,1.0,none,[],True,,nextgen-panel,"{""decimals"": 1}",1.0,,0.00427717964760177,,,False,,src/components/course/panels/fluid/StudyExplorer.jsx:153 (directed by src/content/courses/fluid/intermediate/m06-the-professional-reading/l02-working-the-capstone.md),src/components/course/panels/fluid/StudyExplorer.jsx:14,"Untuned model column fmt(model.totalGorScfStb, 1) with the stock tank stage appended (fluidLab.js:216) prints 793.8; tol 1."
fluid,intermediate,good_oil_untuned_sto_api,API,31.8056416463794,0.05,none,[],True,,nextgen-panel,"{""decimals"": 2}",1.0,,0.004358353620599331,,,False,,src/components/course/panels/fluid/StudyExplorer.jsx:161 (directed by src/content/courses/fluid/intermediate/m06-the-professional-reading/l02-working-the-capstone.md),src/components/course/panels/fluid/StudyExplorer.jsx:14,"Untuned model column fmt(model.stockTankApi, 2) prints 31.81; |31.81 - 31.8056| = 0.0044 <= tol 0.05."
fluid,intermediate,good_oil_api_bias,API,-8.894358353620603,0.05,none,[],True,,nextgen-panel,"{""decimals"": 2}",1.0,,0.004358353620602884,,,False,,src/components/course/panels/fluid/StudyExplorer.jsx:163 (directed by src/content/courses/fluid/intermediate/m06-the-professional-reading/l02-working-the-capstone.md),src/components/course/panels/fluid/StudyExplorer.jsx:14,"Error column fmt(model.stockTankApi - lab.stockTankApi, 2) prints -8.89 API; |−8.89 + 8.8944| = 0.0044 <= tol 0.05."
fluid,advanced,good_oil_tuned_psat_psia,psia,2632.64216695564,0.5,none,[],True,,nextgen-panel,"{""decimals"": 3}",1.0,,0.0001669556399974681,,,False,,src/components/course/panels/fluid/TuningExplorer.jsx:103 (directed by src/content/courses/fluid/advanced/m06-the-expert-reading/l02-working-the-capstone.md),src/components/course/panels/fluid/TuningExplorer.jsx:14,"Ledger (default mode) Tuned column fmt(r.tuned, 3) for psat prints 2,632.642; tol 0.5."
fluid,advanced,good_oil_tuned_gor_scf_stb,scf/stb,761.7262989883229,1.0,none,[],True,,nextgen-panel,"{""decimals"": 3}",1.0,,0.00029898832292474253,,,False,,src/components/course/panels/fluid/TuningExplorer.jsx:103 (directed by src/content/courses/fluid/advanced/m06-the-expert-reading/l02-working-the-capstone.md),src/components/course/panels/fluid/TuningExplorer.jsx:14,"Ledger Tuned column fmt(r.tuned, 3) for totalGor prints 761.726; tol 1."
fluid,advanced,good_oil_tuned_sto_api,API,38.755039373806255,0.05,none,[],True,,nextgen-panel,"{""decimals"": 3}",1.0,,3.937380625274045e-05,,,False,,src/components/course/panels/fluid/TuningExplorer.jsx:103 (directed by src/content/courses/fluid/advanced/m06-the-expert-reading/l02-working-the-capstone.md),src/components/course/panels/fluid/TuningExplorer.jsx:14,"Ledger Tuned column fmt(r.tuned, 3) for stoApi prints 38.755; tol 0.05."
fluid,advanced,tuned_splus_knob,-,0.12266364195926757,0.0005,none,[],True,,nextgen-panel,"{""decimals"": 6}",1.0,,3.580407324232926e-07,,,False,,src/components/course/panels/fluid/TuningExplorer.jsx:144 (directed by src/content/courses/fluid/advanced/m06-the-expert-reading/l02-working-the-capstone.md),src/components/course/panels/fluid/TuningExplorer.jsx:14,"""The knobs"" mode Tuned column fmt(f.knobs[k], 6) for sPlus prints 0.122664; tol 0.0005."
fluid,advanced,tuned_kc1_knob,-,0.050325447877585576,0.0005,none,[],True,,nextgen-panel,"{""decimals"": 6}",1.0,,4.478775855742967e-07,,,False,,src/components/course/panels/fluid/TuningExplorer.jsx:144 (directed by src/content/courses/fluid/advanced/m06-the-expert-reading/l02-working-the-capstone.md),src/components/course/panels/fluid/TuningExplorer.jsx:14,"""The knobs"" mode Tuned column fmt(f.knobs[k], 6) for kC1 prints 0.050325; tol 0.0005."
fluid,advanced,tuning_ssr_reduction,times,23.157104602764026,0.05,none,[],True,,nextgen-panel,"{""decimals"": 3}",1.0,,0.00010460276402568525,,,False,,src/components/course/panels/fluid/TuningExplorer.jsx:116 (directed by src/content/courses/fluid/advanced/m06-the-expert-reading/l02-working-the-capstone.md),src/components/course/panels/fluid/TuningExplorer.jsx:14,"Tile ""Reduction"" fmt(f.ssrReduction, 3) times (ssr0/ssr, fluidLab.js:300) prints 23.157; tol 0.05."
gaslift,beginner,gas_z_at_kickoff,dimensionless,0.8321323612578156,4.2e-07,display,[],False,,unobtainable,,1.0,,,,,True,"{""display"": ""/root/wt-b5-nextgen/src/components/course/panels/gaslift/ColumnExplorer.jsx: add a learner-entered column mode (gas sg, wellhead T, bottom T, reference depth, surface pressure) that prints z with fmt(v, 8); note the existing fmt(r.z, 6) at :133 is itself too coarse (half unit 5e-7 > tol 4.2e-7)""}",/root/wt-b5-nextgen/src/components/course/panels/gaslift/ColumnExplorer.jsx (teaching cases only); /root/wt-b5-nextgen/src/content/courses/gaslift/beginner/m06-the-associate-reading/l02-working-the-capstone.md,"/root/wt-b5-nextgen/src/components/course/panels/gaslift/ColumnExplorer.jsx:133 (z printed fmt(r.z, 6))","z needs Newton iteration on DAK with Sutton criticals, none of whose coefficients the lessons state. Every gaslift panel is a SelectField over published/teaching cases only (ColumnExplorer.jsx:65,177,293,451; ValveExplorer.jsx:80; UnloadingExplorer.jsx:80,240) with no numeric inputs, and panelCapstoneGuard.test.js forbids the okpara* readers, so no panel can be set to OKPARA-9. Not a hand-calc: the lessons name Sutton pseudo-criticals and Dranchuk-Abou-Kassem (beginner m02/l02) and describe a predictor-trapezoid march (m05/l01) but never give the correlation coefficients or the engine's Rankine/constant conventions, and the tolerance is about 5e-7 relative, so only the engine itself reproduces it (the course itself shows a 4.4e-4 relative constant mismatch between textbook and engine, m02/l04). "
gaslift,beginner,gas_gradient_at_kickoff_psi_per_ft,psi/ft,0.03459262518232471,1.7e-08,display,[],False,,unobtainable,,1.0,,,,,True,"{""display"": ""/root/wt-b5-nextgen/src/components/course/panels/gaslift/ColumnExplorer.jsx: same learner-entered column mode, printing the surface local gradient with fmt(v, 8) (half unit 5e-9 < tol 1.7e-8)""}",/root/wt-b5-nextgen/src/components/course/panels/gaslift/ColumnExplorer.jsx (teaching cases only); /root/wt-b5-nextgen/src/content/courses/gaslift/beginner/m06-the-associate-reading/l02-working-the-capstone.md,"/root/wt-b5-nextgen/src/components/course/panels/gaslift/ColumnExplorer.jsx:131 (local gradient fmt(v, 8))","Gradient = AIR_MW sg p / (144 R z T) is stated in m02/l04 (0.0187417041 sg p/(zT)), but z is not obtainable, and the tolerance equals z's own relative band, so any z error propagates straight through. Every gaslift panel is a SelectField over published/teaching cases only (ColumnExplorer.jsx:65,177,293,451; ValveExplorer.jsx:80; UnloadingExplorer.jsx:80,240) with no numeric inputs, and panelCapstoneGuard.test.js forbids the okpara* readers, so no panel can be set to OKPARA-9. Not a hand-calc: the lessons name Sutton pseudo-criticals and Dranchuk-Abou-Kassem (beginner m02/l02) and describe a predictor-trapezoid march (m05/l01) but never give the correlation coefficients or the engine's Rankine/constant conventions, and the tolerance is about 5e-7 relative, so only the engine itself reproduces it (the course itself shows a 4.4e-4 relative constant mismatch between textbook and engine, m02/l04). "
gaslift,beginner,inj_column_at_packer_psia,psia,1589.4628665427595,0.00079,display,[],False,,unobtainable,,1.0,,,,,True,"{""display"": ""/root/wt-b5-nextgen/src/components/course/panels/gaslift/ColumnExplorer.jsx: learner-entered column mode with a step-count input (96) and depth input, printing the packer pressure with fmt(v, 6)""}",/root/wt-b5-nextgen/src/components/course/panels/gaslift/ColumnExplorer.jsx (teaching cases only); /root/wt-b5-nextgen/src/content/courses/gaslift/beginner/m06-the-associate-reading/l02-working-the-capstone.md,"/root/wt-b5-nextgen/src/components/course/panels/gaslift/ColumnExplorer.jsx:128 (engine pressure fmt(v, 4)); :338 (step study fmt(v, 8))","A 96-step predictor-corrector march with DAK z at every step; a spreadsheet could do it only with the untaught z correlation. Every gaslift panel is a SelectField over published/teaching cases only (ColumnExplorer.jsx:65,177,293,451; ValveExplorer.jsx:80; UnloadingExplorer.jsx:80,240) with no numeric inputs, and panelCapstoneGuard.test.js forbids the okpara* readers, so no panel can be set to OKPARA-9. Not a hand-calc: the lessons name Sutton pseudo-criticals and Dranchuk-Abou-Kassem (beginner m02/l02) and describe a predictor-trapezoid march (m05/l01) but never give the correlation coefficients or the engine's Rankine/constant conventions, and the tolerance is about 5e-7 relative, so only the engine itself reproduces it (the course itself shows a 4.4e-4 relative constant mismatch between textbook and engine, m02/l04). "
gaslift,beginner,inj_surface_for_1585psia_psia,psia,1264.8156205292921,0.00063,display,[],False,,unobtainable,,1.0,,,,,True,"{""display"": ""/root/wt-b5-nextgen/src/components/course/panels/gaslift/ColumnExplorer.jsx: learner-entered column mode that also runs gasColumnSurfacePressure for an entered depth pressure (1585) and prints it with fmt(v, 6)""}",/root/wt-b5-nextgen/src/components/course/panels/gaslift/ColumnExplorer.jsx (teaching cases only); /root/wt-b5-nextgen/src/content/courses/gaslift/beginner/m06-the-associate-reading/l02-working-the-capstone.md,"/root/wt-b5-nextgen/src/components/course/panels/gaslift/ColumnExplorer.jsx:128 (fmt 4); the inverse is only discussed in beginner m02/l05, never rendered for an entered case","Secant inverse of the same 96-step march (m02/l05); needs the forward march first. Every gaslift panel is a SelectField over published/teaching cases only (ColumnExplorer.jsx:65,177,293,451; ValveExplorer.jsx:80; UnloadingExplorer.jsx:80,240) with no numeric inputs, and panelCapstoneGuard.test.js forbids the okpara* readers, so no panel can be set to OKPARA-9. "
gaslift,beginner,top_valve_depth_ft,ft TVD,2494.025220656208,0.0012,display,[],False,,unobtainable,,1.0,,,,,True,"{""display"": ""/root/wt-b5-nextgen/src/components/course/panels/gaslift/ColumnExplorer.jsx (design lines view, :451-463): accept learner inputs (kickoff, sg, geotherm, unloading wellhead, kill gradient) and print the top valve with fmt(v, 4) (half unit 5e-5 < tol 1.2e-3)""}",/root/wt-b5-nextgen/src/components/course/panels/gaslift/ColumnExplorer.jsx (teaching cases only); /root/wt-b5-nextgen/src/content/courses/gaslift/beginner/m06-the-associate-reading/l02-working-the-capstone.md,"/root/wt-b5-nextgen/src/components/course/panels/gaslift/ColumnExplorer.jsx:459 (THE TOP VALVE tile fmt(x.tvdFt, 4))","Fixed point on the injection column (m04/l01); each iterate is a full column march with DAK z. Every gaslift panel is a SelectField over published/teaching cases only (ColumnExplorer.jsx:65,177,293,451; ValveExplorer.jsx:80; UnloadingExplorer.jsx:80,240) with no numeric inputs, and panelCapstoneGuard.test.js forbids the okpara* readers, so no panel can be set to OKPARA-9. "
gaslift,beginner,inj_curve_at_5375ft_psia,psia,1450.0362742923005,0.00073,display,[],False,,unobtainable,,1.0,,,,,True,"{""display"": ""/root/wt-b5-nextgen/src/components/course/panels/gaslift/ColumnExplorer.jsx: learner-entered column mode with a sample-count input (64) and a read depth, printing injectionPressureCurve.at(depth) with fmt(v, 6) (m04/l04 already asks the learner to 'set the sample count', which no panel allows)""}",/root/wt-b5-nextgen/src/components/course/panels/gaslift/ColumnExplorer.jsx (teaching cases only); /root/wt-b5-nextgen/src/content/courses/gaslift/beginner/m06-the-associate-reading/l02-working-the-capstone.md,"/root/wt-b5-nextgen/src/components/course/panels/gaslift/ColumnExplorer.jsx:501-502 (curve rows fmt(r.tvdFt,1) / fmt(r.injectionPsia, 4))","64-sample curve read by chord (m04/l04); the lesson exercise tells the learner to set the sample count to 4 then 64, but no control exists. Every gaslift panel is a SelectField over published/teaching cases only (ColumnExplorer.jsx:65,177,293,451; ValveExplorer.jsx:80; UnloadingExplorer.jsx:80,240) with no numeric inputs, and panelCapstoneGuard.test.js forbids the okpara* readers, so no panel can be set to OKPARA-9. "
gaslift,intermediate,valve2_depth_ft,ft TVD,4379.112457100502,0.0022,display,[],False,,unobtainable,,1.0,,,,,True,"{""display"": ""/root/wt-b5-nextgen/src/components/course/panels/gaslift/ValveExplorer.jsx: add a learner-entered design mode (kickoff, operating, decrement, transfer, kill/unloading gradients, unloading wellhead, sg, geotherm, packer, min spacing, max valves, bellows area, port catalogue, gas rate, orifice) printing depths with fmt(v, 6). Alternative: name the Suite Gas Lift Design Studio in the prompt and print depths to 3 decimals at src/components/gaslift/ValveSheetPanel.jsx:89 (spacing does not depend on bellows or ports, so the Suite can reproduce the depth, but it shows whole feet today)""}",/root/wt-b5-nextgen/src/components/course/panels/gaslift/ValveExplorer.jsx (teaching cases only); /root/wt-b5-nextgen/src/content/courses/gaslift/intermediate/m06-the-professional-reading/l02-working-the-capstone.md,"/root/wt-b5-nextgen/src/components/course/panels/gaslift/ValveExplorer.jsx:180 (spacing depths fmt(d.depthFt, 6))","Spacing recursion with a 20-step march per valve (intermediate m01). Every gaslift panel is a SelectField over published/teaching cases only (ColumnExplorer.jsx:65,177,293,451; ValveExplorer.jsx:80; UnloadingExplorer.jsx:80,240) with no numeric inputs, and panelCapstoneGuard.test.js forbids the okpara* readers, so no panel can be set to OKPARA-9. The Suite Gas Lift Design Studio is never named by the prompt or any lesson, and cannot run this case anyway: runInstallationDesign (src/utils/production/gasLift.js:285-309) takes the bellows and ports from a fixed valve family (r1 0.31 in2, r15 0.77 in2; packages/engines/engines/production/data/gasLiftValveCatalog.js:41-50), not 0.99 in2 with the 9/32..9/16 catalogue, and it prints whole psig/ft (ValveSheetPanel.jsx:10-11 fmt digits 0). "
gaslift,intermediate,valve4_depth_ft,ft TVD,6997.151937824368,0.0035,display,[],False,,unobtainable,,1.0,,,,,True,"{""display"": ""/root/wt-b5-nextgen/src/components/course/panels/gaslift/Same ValveExplorer learner-entered design mode as valve2_depth_ft (or the Suite ValveSheetPanel.jsx:89 alternative, depths to 3 decimals)""}",/root/wt-b5-nextgen/src/components/course/panels/gaslift/ValveExplorer.jsx (teaching cases only); /root/wt-b5-nextgen/src/content/courses/gaslift/intermediate/m06-the-professional-reading/l02-working-the-capstone.md,"/root/wt-b5-nextgen/src/components/course/panels/gaslift/ValveExplorer.jsx:180 (fmt(d.depthFt, 6))","Spacing recursion, three decrement applications deep. Every gaslift panel is a SelectField over published/teaching cases only (ColumnExplorer.jsx:65,177,293,451; ValveExplorer.jsx:80; UnloadingExplorer.jsx:80,240) with no numeric inputs, and panelCapstoneGuard.test.js forbids the okpara* readers, so no panel can be set to OKPARA-9. The Suite Gas Lift Design Studio is never named by the prompt or any lesson, and cannot run this case anyway: runInstallationDesign (src/utils/production/gasLift.js:285-309) takes the bellows and ports from a fixed valve family (r1 0.31 in2, r15 0.77 in2; packages/engines/engines/production/data/gasLiftValveCatalog.js:41-50), not 0.99 in2 with the 9/32..9/16 catalogue, and it prints whole psig/ft (ValveSheetPanel.jsx:10-11 fmt digits 0). "
gaslift,intermediate,valve2_dome_at_temp_psia,psia,1313.645346439994,0.00066,display,[],False,,unobtainable,,1.0,,,,,True,"{""display"": ""/root/wt-b5-nextgen/src/components/course/panels/gaslift/Same ValveExplorer learner-entered design mode; dome at temperature already prints fmt(v, 6) (half unit 5e-7 < tol 6.6e-4)""}",/root/wt-b5-nextgen/src/components/course/panels/gaslift/ValveExplorer.jsx (teaching cases only); /root/wt-b5-nextgen/src/content/courses/gaslift/intermediate/m06-the-professional-reading/l02-working-the-capstone.md,"/root/wt-b5-nextgen/src/components/course/panels/gaslift/ValveExplorer.jsx:346 (dome at temp fmt(v, 6))","Dome balances injection and production at depth through R = port/bellows area; the ports and 0.99 in2 bellows are not in any Suite valve family. Every gaslift panel is a SelectField over published/teaching cases only (ColumnExplorer.jsx:65,177,293,451; ValveExplorer.jsx:80; UnloadingExplorer.jsx:80,240) with no numeric inputs, and panelCapstoneGuard.test.js forbids the okpara* readers, so no panel can be set to OKPARA-9. The Suite Gas Lift Design Studio is never named by the prompt or any lesson, and cannot run this case anyway: runInstallationDesign (src/utils/production/gasLift.js:285-309) takes the bellows and ports from a fixed valve family (r1 0.31 in2, r15 0.77 in2; packages/engines/engines/production/data/gasLiftValveCatalog.js:41-50), not 0.99 in2 with the 9/32..9/16 catalogue, and it prints whole psig/ft (ValveSheetPanel.jsx:10-11 fmt digits 0). "
gaslift,intermediate,valve2_test_rack_opening_psia,psia,1143.8633940736581,0.00057,display,[],False,,unobtainable,,1.0,,,,,True,"{""display"": ""/root/wt-b5-nextgen/src/components/course/panels/gaslift/Same ValveExplorer learner-entered design mode; test rack prints fmt(v, 6)""}",/root/wt-b5-nextgen/src/components/course/panels/gaslift/ValveExplorer.jsx (teaching cases only); /root/wt-b5-nextgen/src/content/courses/gaslift/intermediate/m06-the-professional-reading/l02-working-the-capstone.md,"/root/wt-b5-nextgen/src/components/course/panels/gaslift/ValveExplorer.jsx:348 (test rack fmt(v, 6))","Needs the nitrogen dome corrected to 60 degF with DAK on nitrogen criticals (intermediate m02/l03), an untaught iterative correction. Every gaslift panel is a SelectField over published/teaching cases only (ColumnExplorer.jsx:65,177,293,451; ValveExplorer.jsx:80; UnloadingExplorer.jsx:80,240) with no numeric inputs, and panelCapstoneGuard.test.js forbids the okpara* readers, so no panel can be set to OKPARA-9. The Suite Gas Lift Design Studio is never named by the prompt or any lesson, and cannot run this case anyway: runInstallationDesign (src/utils/production/gasLift.js:285-309) takes the bellows and ports from a fixed valve family (r1 0.31 in2, r15 0.77 in2; packages/engines/engines/production/data/gasLiftValveCatalog.js:41-50), not 0.99 in2 with the 9/32..9/16 catalogue, and it prints whole psig/ft (ValveSheetPanel.jsx:10-11 fmt digits 0). "
gaslift,intermediate,valve4_spread_psi,psi,45.22330508618348,2.3e-05,display,[],False,,unobtainable,,1.0,,,,,True,"{""display"": ""/root/wt-b5-nextgen/src/components/course/panels/gaslift/Same ValveExplorer learner-entered design mode; spread prints fmt(v, 6) (half unit 5e-7 < tol 2.3e-5)""}",/root/wt-b5-nextgen/src/components/course/panels/gaslift/ValveExplorer.jsx (teaching cases only); /root/wt-b5-nextgen/src/content/courses/gaslift/intermediate/m06-the-professional-reading/l02-working-the-capstone.md,"/root/wt-b5-nextgen/src/components/course/panels/gaslift/ValveExplorer.jsx:349 (spread fmt(v, 6))","Spread depends on R and on the valve 4 pressures at depth from the engine march. Every gaslift panel is a SelectField over published/teaching cases only (ColumnExplorer.jsx:65,177,293,451; ValveExplorer.jsx:80; UnloadingExplorer.jsx:80,240) with no numeric inputs, and panelCapstoneGuard.test.js forbids the okpara* readers, so no panel can be set to OKPARA-9. The Suite Gas Lift Design Studio is never named by the prompt or any lesson, and cannot run this case anyway: runInstallationDesign (src/utils/production/gasLift.js:285-309) takes the bellows and ports from a fixed valve family (r1 0.31 in2, r15 0.77 in2; packages/engines/engines/production/data/gasLiftValveCatalog.js:41-50), not 0.99 in2 with the 9/32..9/16 catalogue, and it prints whole psig/ft (ValveSheetPanel.jsx:10-11 fmt digits 0). "
gaslift,intermediate,valve4_throughput_mscfd,Mscf/d,2892.4892215328155,0.0014,display,[],False,,unobtainable,,1.0,,,,,True,"{""display"": ""/root/wt-b5-nextgen/src/components/course/panels/gaslift/Same ValveExplorer learner-entered design mode, printing each valve's selected port and throughput with fmt(v, 6)""}",/root/wt-b5-nextgen/src/components/course/panels/gaslift/ValveExplorer.jsx (teaching cases only); /root/wt-b5-nextgen/src/content/courses/gaslift/intermediate/m06-the-professional-reading/l02-working-the-capstone.md,"/root/wt-b5-nextgen/src/components/course/panels/gaslift/ValveExplorer.jsx:602 (port ladder q fmt(r.qMscfd, 6))","Thornhill-Craver (Cd 0.865 stated in beginner m06/l03) at the engine-computed valve 4 pressures and temperature; the subcritical form and the engine gas constants are not given. Every gaslift panel is a SelectField over published/teaching cases only (ColumnExplorer.jsx:65,177,293,451; ValveExplorer.jsx:80; UnloadingExplorer.jsx:80,240) with no numeric inputs, and panelCapstoneGuard.test.js forbids the okpara* readers, so no panel can be set to OKPARA-9. The Suite Gas Lift Design Studio is never named by the prompt or any lesson, and cannot run this case anyway: runInstallationDesign (src/utils/production/gasLift.js:285-309) takes the bellows and ports from a fixed valve family (r1 0.31 in2, r15 0.77 in2; packages/engines/engines/production/data/gasLiftValveCatalog.js:41-50), not 0.99 in2 with the 9/32..9/16 catalogue, and it prints whole psig/ft (ValveSheetPanel.jsx:10-11 fmt digits 0). "
gaslift,advanced,valve1_closing_surface_psia,psia,1213.9289535870623,0.00061,display,[],False,,unobtainable,,1.0,,,,,True,"{""display"": ""/root/wt-b5-nextgen/src/components/course/panels/gaslift/UnloadingExplorer.jsx: add a learner-entered design mode (same inputs as the ValveExplorer mode) and a closing surface pressure column per valve with fmt(v, 6)""}",/root/wt-b5-nextgen/src/components/course/panels/gaslift/UnloadingExplorer.jsx (teaching cases only); /root/wt-b5-nextgen/src/content/courses/gaslift/advanced/m06-the-expert-reading/l02-working-the-capstone.md,"/root/wt-b5-nextgen/src/components/course/panels/gaslift/UnloadingExplorer.jsx:184-185 (dome/margins fmt(v, 6)); closingSurfacePressurePsia itself is rendered by no panel","Dome at depth taken back up the gas column (advanced m01/l03); needs the full design. Every gaslift panel is a SelectField over published/teaching cases only (ColumnExplorer.jsx:65,177,293,451; ValveExplorer.jsx:80; UnloadingExplorer.jsx:80,240) with no numeric inputs, and panelCapstoneGuard.test.js forbids the okpara* readers, so no panel can be set to OKPARA-9. The Suite Gas Lift Design Studio is never named by the prompt or any lesson, and cannot run this case anyway: runInstallationDesign (src/utils/production/gasLift.js:285-309) takes the bellows and ports from a fixed valve family (r1 0.31 in2, r15 0.77 in2; packages/engines/engines/production/data/gasLiftValveCatalog.js:41-50), not 0.99 in2 with the 9/32..9/16 catalogue, and it prints whole psig/ft (ValveSheetPanel.jsx:10-11 fmt digits 0). "
gaslift,advanced,valve3_closing_surface_psia,psia,1121.4580042974942,0.00056,display,[],False,,unobtainable,,1.0,,,,,True,"{""display"": ""/root/wt-b5-nextgen/src/components/course/panels/gaslift/Same UnloadingExplorer learner-entered design mode, closing surface pressure column with fmt(v, 6)""}",/root/wt-b5-nextgen/src/components/course/panels/gaslift/UnloadingExplorer.jsx (teaching cases only); /root/wt-b5-nextgen/src/content/courses/gaslift/advanced/m06-the-expert-reading/l02-working-the-capstone.md,/root/wt-b5-nextgen/src/components/course/panels/gaslift/UnloadingExplorer.jsx:184-185 (fmt 6); no panel renders closingSurfacePressurePsia,"As valve 1; sits within one psi of the 1121.6 psia ladder step by design. Every gaslift panel is a SelectField over published/teaching cases only (ColumnExplorer.jsx:65,177,293,451; ValveExplorer.jsx:80; UnloadingExplorer.jsx:80,240) with no numeric inputs, and panelCapstoneGuard.test.js forbids the okpara* readers, so no panel can be set to OKPARA-9. The Suite Gas Lift Design Studio is never named by the prompt or any lesson, and cannot run this case anyway: runInstallationDesign (src/utils/production/gasLift.js:285-309) takes the bellows and ports from a fixed valve family (r1 0.31 in2, r15 0.77 in2; packages/engines/engines/production/data/gasLiftValveCatalog.js:41-50), not 0.99 in2 with the 9/32..9/16 catalogue, and it prints whole psig/ft (ValveSheetPanel.jsx:10-11 fmt digits 0). "
gaslift,advanced,injection_point_depth_ft,ft TVD,9139.524034378974,0.0046,display,[],False,,unobtainable,,1.0,,,,,True,"{""display"": ""/root/wt-b5-nextgen/src/components/course/panels/gaslift/UnloadingExplorer.jsx injection point view: accept a learner-entered analytic traverse (pwh, top and bottom gradients, packer depth, row count) plus kickoff, sg, geotherm, transfer differential and curve samples, and print depth/pInj with fmt(v, 6)""}",/root/wt-b5-nextgen/src/components/course/panels/gaslift/UnloadingExplorer.jsx (teaching cases only); /root/wt-b5-nextgen/src/content/courses/gaslift/advanced/m06-the-expert-reading/l02-working-the-capstone.md,"/root/wt-b5-nextgen/src/components/course/panels/gaslift/UnloadingExplorer.jsx:426 (depth fmt(v, 6)), :520/:585 tabulation rows fmt 6","Chord crossing of a 401-row traverse against a 64-sample injection curve (advanced m03-m04); each curve sample is a DAK march. Every gaslift panel is a SelectField over published/teaching cases only (ColumnExplorer.jsx:65,177,293,451; ValveExplorer.jsx:80; UnloadingExplorer.jsx:80,240) with no numeric inputs, and panelCapstoneGuard.test.js forbids the okpara* readers, so no panel can be set to OKPARA-9. The Suite Gas Lift Design Studio is never named by the prompt or any lesson, and cannot run this case anyway: runInstallationDesign (src/utils/production/gasLift.js:285-309) takes the bellows and ports from a fixed valve family (r1 0.31 in2, r15 0.77 in2; packages/engines/engines/production/data/gasLiftValveCatalog.js:41-50), not 0.99 in2 with the 9/32..9/16 catalogue, and it prints whole psig/ft (ValveSheetPanel.jsx:10-11 fmt digits 0). "
gaslift,advanced,injection_point_pinj_psia,psia,1573.281485043544,0.00079,display,[],False,,unobtainable,,1.0,,,,,True,"{""display"": ""/root/wt-b5-nextgen/src/components/course/panels/gaslift/Same UnloadingExplorer learner-entered traverse mode, pInj with fmt(v, 6)""}",/root/wt-b5-nextgen/src/components/course/panels/gaslift/UnloadingExplorer.jsx (teaching cases only); /root/wt-b5-nextgen/src/content/courses/gaslift/advanced/m06-the-expert-reading/l02-working-the-capstone.md,"/root/wt-b5-nextgen/src/components/course/panels/gaslift/UnloadingExplorer.jsx:427 (fmt(v, 6))","Injection pressure at the crossing; the free check (field 4 - 58.5 = traverse at field 3) is exact only once the depth is known. Every gaslift panel is a SelectField over published/teaching cases only (ColumnExplorer.jsx:65,177,293,451; ValveExplorer.jsx:80; UnloadingExplorer.jsx:80,240) with no numeric inputs, and panelCapstoneGuard.test.js forbids the okpara* readers, so no panel can be set to OKPARA-9. The Suite Gas Lift Design Studio is never named by the prompt or any lesson, and cannot run this case anyway: runInstallationDesign (src/utils/production/gasLift.js:285-309) takes the bellows and ports from a fixed valve family (r1 0.31 in2, r15 0.77 in2; packages/engines/engines/production/data/gasLiftValveCatalog.js:41-50), not 0.99 in2 with the 9/32..9/16 catalogue, and it prints whole psig/ft (ValveSheetPanel.jsx:10-11 fmt digits 0). "
gaslift,advanced,injection_point_depth_coarse_ft,ft TVD,9113.00140054971,0.0046,display,[],False,,unobtainable,,1.0,,,,,True,"{""display"": ""/root/wt-b5-nextgen/src/components/course/panels/gaslift/Same UnloadingExplorer learner-entered traverse mode with a row-count input (7), depth with fmt(v, 6)""}",/root/wt-b5-nextgen/src/components/course/panels/gaslift/UnloadingExplorer.jsx (teaching cases only); /root/wt-b5-nextgen/src/content/courses/gaslift/advanced/m06-the-expert-reading/l02-working-the-capstone.md,"/root/wt-b5-nextgen/src/components/course/panels/gaslift/UnloadingExplorer.jsx:520 (tabulation rows fmt(r.depthFt, 6))","Same crossing on 7 rows. Every gaslift panel is a SelectField over published/teaching cases only (ColumnExplorer.jsx:65,177,293,451; ValveExplorer.jsx:80; UnloadingExplorer.jsx:80,240) with no numeric inputs, and panelCapstoneGuard.test.js forbids the okpara* readers, so no panel can be set to OKPARA-9. The Suite Gas Lift Design Studio is never named by the prompt or any lesson, and cannot run this case anyway: runInstallationDesign (src/utils/production/gasLift.js:285-309) takes the bellows and ports from a fixed valve family (r1 0.31 in2, r15 0.77 in2; packages/engines/engines/production/data/gasLiftValveCatalog.js:41-50), not 0.99 in2 with the 9/32..9/16 catalogue, and it prints whole psig/ft (ValveSheetPanel.jsx:10-11 fmt digits 0). "
gaslift,advanced,operating_inj_at_injection_pt_psia,psia,1459.3240954891764,0.00073,display,[],False,,unobtainable,,1.0,,,,,True,"{""display"": ""/root/wt-b5-nextgen/src/components/course/panels/gaslift/Same UnloadingExplorer learner-entered design mode, reading the design's own 41-sample injection curve (driven from the operating pressure) at an entered depth, fmt(v, 6)""}",/root/wt-b5-nextgen/src/components/course/panels/gaslift/UnloadingExplorer.jsx (teaching cases only); /root/wt-b5-nextgen/src/content/courses/gaslift/advanced/m06-the-expert-reading/l02-working-the-capstone.md,"/root/wt-b5-nextgen/src/components/course/panels/gaslift/UnloadingExplorer.jsx:141 (injection at depth fmt(v, 6))","designGasLift injectionCurve at 41 internal samples from 1178.3 psia, read at field 3. Every gaslift panel is a SelectField over published/teaching cases only (ColumnExplorer.jsx:65,177,293,451; ValveExplorer.jsx:80; UnloadingExplorer.jsx:80,240) with no numeric inputs, and panelCapstoneGuard.test.js forbids the okpara* readers, so no panel can be set to OKPARA-9. The Suite Gas Lift Design Studio is never named by the prompt or any lesson, and cannot run this case anyway: runInstallationDesign (src/utils/production/gasLift.js:285-309) takes the bellows and ports from a fixed valve family (r1 0.31 in2, r15 0.77 in2; packages/engines/engines/production/data/gasLiftValveCatalog.js:41-50), not 0.99 in2 with the 9/32..9/16 catalogue, and it prints whole psig/ft (ValveSheetPanel.jsx:10-11 fmt digits 0). "
gasprocessing,beginner,inletLbMMscf,lb/MMscf,66.84513037385786,0.0001,none,[],False,,hand-calc,full,1.0,6,0.0,,,False,,"/root/wt-b5-nextgen/src/content/courses/gasprocessing/beginner/m06-the-associate-reading/l02-the-capstone-worked.md (step one: Magnus vapour pressure over total pressure, 379.483571856287 scf/lbmol, MW 18.01528)",,Magnus at 109 degF over 880 psia reproduces 66.845130 exactly with the constants the worked lesson prints; tol 1e-4 is 200x the half unit at six decimals.
gasprocessing,beginner,waterLbDay,lb/day,2906.7211275713194,0.01,none,[],False,,hand-calc,full,1.0,4,0.0,,,False,,/root/wt-b5-nextgen/src/content/courses/gasprocessing/beginner/m06-the-associate-reading/l02-the-capstone-worked.md (steps two and three),,(66.845130 - 5) x 47 = 2906.7211; reproduced; tol 0.01 is above the half unit at four decimals.
gasprocessing,beginner,circGpm,gpm,7.266802818928299,1e-05,none,[],False,,hand-calc,full,1.0,6,0.0,,,False,,/root/wt-b5-nextgen/src/content/courses/gasprocessing/beginner/m06-the-associate-reading/l02-the-capstone-worked.md (step four),,2906.7211 x 3.6 / 1440 = 7.266803; reproduced; tol 1e-5 is 20x the half unit at six decimals.
gasprocessing,beginner,circGpd,gal/day,10464.19605925675,0.01,none,[],False,,hand-calc,full,1.0,4,0.0,,,False,,/root/wt-b5-nextgen/src/content/courses/gasprocessing/beginner/m06-the-associate-reading/l02-the-capstone-worked.md (step four),,2906.7211 x 3.6 = 10464.1961; reproduced; tol 0.01.
gasprocessing,beginner,sensiblePerGal,Btu/gal,1324.7850000000003,0.0001,none,[],False,,hand-calc,full,1.0,4,0.0,,,False,,/root/wt-b5-nextgen/src/content/courses/gasprocessing/beginner/m06-the-associate-reading/l02-the-capstone-worked.md (step five),,9.3 x 0.55 x (368 - 109) = 1324.7850 exactly; tol 1e-4 is twice the half unit at four decimals.
gasprocessing,beginner,btexTonsYear,short tons/yr,38.678401618815194,1e-05,redesign,"[""display_miss""]",False,"{""migration"": ""20261024a_w1_gasprocessing.sql"", ""wave"": ""w1"", ""rekey"": {""key"": ""tegReboilerMMBtuHr"", ""label"": ""Reboiler duty"", ""unit"": ""MMBtu/hr"", ""expected"": 0.7401512387317987, ""tol"": 1e-05}, ""rekey_annot"": {""source"": ""hand-calc"", ""source_ref"": ""src/content/courses/gasprocessing/beginner/m06-the-associate-reading/l02-the-capstone-worked.md (step five and step six); tools/course-waves/gasprocessing/fc4_capstone.mjs (engine tegPackage reboilerMMBtuHr)"", ""printed"": ""full"", ""display_scale"": 1, ""display_ref"": null, ""prompt_precision"": ""the duty in MMBtu an hour, to six decimals"", ""prompt_decimals"": 6, ""answer_space"": null, ""guess_p"": null, ""evidence"": ""From the prompt alone: water 47 x (66.845130 - 5) = 2906.7211 lb/day, circulation x 3.6 = 10464.196 gal/day, sensible 9.3 x 0.55 x (368 - 109) = 1324.785 Btu/gal, overhead (1/3.6) x 1100 x 1.22 = 372.7778 Btu/gal, duty 10464.196 x 1697.5628 / 24000000 = 0.740151 MMBtu/hr; reproduces the engine value 0.7401512387317987 exactly. Six decimals round within 5e-7 of tol 1e-5. Neighbours fail: sensible only 0.5776, no reflux 0.7122. The leak guard (panelCapstoneGuard, gasprocessingLab leak gate) finds no teaching number within ten bands; the worked lesson's duty is the teaching case 0.697269."", ""class"": ""none"", ""owner_decision"": false, ""leak"": false}}",unobtainable,"{""decimals"": 1}",1.0,6,0.021598381184809057,,,False,"{""redesign"": ""replace with reboilerMMBtuHr, label \""Reboiler duty\"", unit MMBtu/hr, to six decimals, tol 1e-5: step six of the beginner worked lesson (circulation gpd x (sensible + overhead Btu/gal) / 24000000), computed from the reflux ratio 0.22 and the prompt conditions the capstone already states. Alternative: keep BTEX and add the ppmv mole balance as a step in beginner m05 or the worked lesson.""}","/root/wt-b5-nextgen/src/content/courses/gasprocessing/beginner/m06-the-associate-reading/l02-the-capstone-worked.md:45 (""the still overhead ... a mole balance ... taught in later tiers""); method taught only in /root/wt-b5-nextgen/src/content/courses/gasprocessing/advanced/m04-the-still-overhead-nobody-sells/l02-a-mole-balance-from-ppmv.md","/opt/petrolord-studio/workspaces/dev1/projects/petrolord-suite/src/components/gasprocessing/DehydrationPanels.jsx:124 fmt(d.btexTonsYear, 1)","155e-6 x 0.12 x 47e6 / 379.48357 x 92 x 365/2000 = 38.678402 reproduces the key, but none of that chain is in the beginner lessons; the only beginner BTEX mentions are a table column (m05 l05) and the default MW 92 (m01 l02)."
gasprocessing,intermediate,fractionRemoved,fraction,0.9782550162942297,5e-07,none,[],False,,hand-calc,full,1.0,6,0.0,,,False,,/root/wt-b5-nextgen/src/content/courses/gasprocessing/intermediate/m01-a-contactor-is-a-staged-device/l03-kremser-in-one-relation.md,,"Kremser (A^(N+1) - A)/(A^(N+1) - 1) at A 1.85, N 5 = 0.97825502; reproduced exactly. Tol 5e-7 equals the half unit at six decimals; the six-decimal rounding here is off by 1.6e-8, so it passes."
gasprocessing,intermediate,stagesNeeded,stages,3.4199666970606337,1e-06,none,[],False,,hand-calc,full,1.0,6,0.0,,,False,,/root/wt-b5-nextgen/src/content/courses/gasprocessing/intermediate/m01-a-contactor-is-a-staged-device/l04-solving-it-the-other-way-round.md,,N = ln((A - E)/(1 - E))/ln A - 1 at E 0.94 = 3.419967; reproduced exactly; tol 1e-6 is twice the half unit.
gasprocessing,intermediate,acidMolesDay,lbmol/day,8755.36188232743,0.01,none,[],False,,hand-calc,full,1.0,4,0.0,,,False,,/root/wt-b5-nextgen/src/content/courses/gasprocessing/intermediate/m03-acid-gas-is-removed-by-moles/l02-mole-percent-into-lbmol-a-day.md,,71e6 x (3.9 + 0.7796)/100 / 379.483572 = 8755.3619; reproduced; tol 0.01.
gasprocessing,intermediate,circGpm,gpm,734.5776758597356,1e-05,none,[],False,,hand-calc,full,1.0,6,0.0,,,False,,/root/wt-b5-nextgen/src/content/courses/gasprocessing/intermediate/m03-acid-gas-is-removed-by-moles/l04-from-moles-of-acid-gas-to-gallons.md (chain); DEA density 63.635283 lb/ft3 printed in intermediate/m05-the-vessel-the-gas-goes-up/l04-the-liquid-the-engine-assumes.md:13,,"acid moles / 0.31 x 105.14 / 0.33 / 63.635283 x 7.480519 / 1440 = 734.577676 (with the engine's 8.34 lb/gal water base it is 734.5776759, exact). Tol 1e-5 is a relative 1.4e-8."
gasprocessing,intermediate,reboilerMMBtuHr,MMBtu/hr,40.54868770745741,1e-05,none,[],False,,hand-calc,full,1.0,6,0.0,,,False,,/root/wt-b5-nextgen/src/content/courses/gasprocessing/intermediate/m03-acid-gas-is-removed-by-moles/l05-the-regenerator-a-sweetening-unit-needs.md,,734.577676 x 920 x 60 / 1e6 = 40.548688; reproduced; tol 1e-5.
gasprocessing,intermediate,circGpmRetuned,gpm,650.6259414757658,1e-05,none,[],False,,hand-calc,full,1.0,6,0.0,,,False,,/root/wt-b5-nextgen/src/content/courses/gasprocessing/intermediate/m03-acid-gas-is-removed-by-moles/l04-from-moles-of-acid-gas-to-gallons.md,,Same chain at a swing of 0.35 = 650.625941; reproduced; tol 1e-5.
gasprocessing,advanced,dzdT,per degR,0.0009683744638956019,5e-07,display,[],False,,unobtainable,,1.0,6,,,,True,"{""display"": ""/opt/petrolord-studio/workspaces/dev1/projects/petrolord-suite/src/components/gasprocessing/SweeteningDewPanels.jsx:130 -> add a Stat for d.dzdT at fmt(v, 9); or make /root/wt-b5-nextgen/src/components/course/panels/gasprocessing/ColdEndExplorer.jsx inputs editable (it prints twelve(c.dzdT) at :104)""}","/root/wt-b5-nextgen/src/content/courses/gasprocessing/advanced/m01-dew-point-control-by-expansion/l03-where-the-number-comes-from.md (identity; derivative of the DAK z-factor, engine-only)",/root/wt-b5-nextgen/src/components/course/panels/gasprocessing/ColdEndExplorer.jsx:104 twelve(c.dzdT) (teaching stream only),"The Suite dew point card never prints the derivative (SweeteningDewPanels.jsx:127-150); the panel prints it only for AGBADA (0.001161871583). The DAK z-factor is iterative, so it is not a hand step."
gasprocessing,advanced,muFPerPsi,degF/psi,0.06026080453221084,5e-07,display,"[""display_miss""]",False,,suite-app,"{""decimals"": 1}",100.0,6,0.00026080453221084127,,,True,"{""display"": ""/opt/petrolord-studio/workspaces/dev1/projects/petrolord-suite/src/components/gasprocessing/SweeteningDewPanels.jsx:130 -> fmt(d.muFPerPsi * 100, 4) (six decimals in degF/psi); or editable inputs on /root/wt-b5-nextgen/src/components/course/panels/gasprocessing/ColdEndExplorer.jsx (nine(c.muFPerPsi) at :105)""}",/opt/petrolord-studio/workspaces/dev1/projects/petrolord-suite/src/components/gasprocessing/SweeteningDewPanels.jsx:130 (JT coefficient at the inlet),"/opt/petrolord-studio/workspaces/dev1/projects/petrolord-suite/src/components/gasprocessing/SweeteningDewPanels.jsx:130 fmt(d.muFPerPsi * 100, 1) F/100 psi","Suite shows 6.0 F/100 psi, i.e. 0.060 against 0.06026080 with tol 5e-7. Hand route needs dz/dT (engine-only)."
gasprocessing,advanced,dropF,degF,33.72690128392314,0.0001,display,"[""display_miss""]",False,,suite-app,"{""decimals"": 1}",1.0,6,0.026901283923137953,,,True,"{""display"": ""/opt/petrolord-studio/workspaces/dev1/projects/petrolord-suite/src/components/gasprocessing/SweeteningDewPanels.jsx:143 -> fmt(d.dropF, 6); or editable inputs on /root/wt-b5-nextgen/src/components/course/panels/gasprocessing/ColdEndExplorer.jsx (nine(c.dropF) at :194)""}",/opt/petrolord-studio/workspaces/dev1/projects/petrolord-suite/src/components/gasprocessing/SweeteningDewPanels.jsx:143,"/opt/petrolord-studio/workspaces/dev1/projects/petrolord-suite/src/components/gasprocessing/SweeteningDewPanels.jsx:143 fmt(d.dropF, 1)","Suite prints 33.7 against 33.726901 (tol 1e-4). The 20-step midpoint march re-evaluates the DAK derivative at every step, which is not a hand route."
gasprocessing,advanced,t2F,degF,53.27309871607686,0.0001,display,"[""display_miss""]",False,,suite-app,"{""decimals"": 1}",1.0,6,0.026901283923137953,,,True,"{""display"": ""/opt/petrolord-studio/workspaces/dev1/projects/petrolord-suite/src/components/gasprocessing/SweeteningDewPanels.jsx:145 -> fmt(d.t2F, 6); or editable inputs on /root/wt-b5-nextgen/src/components/course/panels/gasprocessing/ColdEndExplorer.jsx (nine(c.t2F) at :193)""}",/opt/petrolord-studio/workspaces/dev1/projects/petrolord-suite/src/components/gasprocessing/SweeteningDewPanels.jsx:145,"/opt/petrolord-studio/workspaces/dev1/projects/petrolord-suite/src/components/gasprocessing/SweeteningDewPanels.jsx:145 fmt(d.t2F, 1)",Suite prints 53.3 against 53.273099 (tol 1e-4).
gasprocessing,advanced,waterInLbMMscf,lb/MMscf,32.20884788270555,0.0001,none,[],False,,hand-calc,full,1.0,6,0.0,,,False,,"/root/wt-b5-nextgen/src/content/courses/gasprocessing/beginner/m06-the-associate-reading/l02-the-capstone-worked.md (Magnus chain, step one); applied in advanced/m03-the-cold-separator",,Magnus at 87 degF over 935 psia = 32.208848; reproduced exactly; tol 1e-4.
gasprocessing,advanced,waterOutLbMMscf,lb/MMscf,23.519449233233914,0.0001,display,"[""display_miss""]",False,,suite-app,"{""decimals"": 1}",1.0,6,0.019449233233913787,,,True,"{""display"": ""/opt/petrolord-studio/workspaces/dev1/projects/petrolord-suite/src/components/gasprocessing/SweeteningDewPanels.jsx:149 -> fmt(d.waterAtOutlet.lbPerMMscf, 6); or editable inputs on /root/wt-b5-nextgen/src/components/course/panels/gasprocessing/ColdEndExplorer.jsx (nine(c.waterOutLbMMscf) at :261)""}",/opt/petrolord-studio/workspaces/dev1/projects/petrolord-suite/src/components/gasprocessing/SweeteningDewPanels.jsx:148 (Water the cold gas can hold),"/opt/petrolord-studio/workspaces/dev1/projects/petrolord-suite/src/components/gasprocessing/SweeteningDewPanels.jsx:149 fmt(d.waterAtOutlet.lbPerMMscf, 1)","Magnus at t2 over 405 psia is a hand step, but t2 is only available at 1 decimal: Magnus at 53.3 degF gives 23.5426 against 23.519449 (tol 1e-4). Suite prints 23.5."
gasvalue,beginner,eriemu_ghv_btu_scf,Btu/scf,1243.6266,0.0001,none,[],False,,nextgen-panel,"{""decimals"": 4}",1.0,4,0.0,,,False,,/root/wt-b5-nextgen/src/components/course/panels/gasvalue/FlareExplorer.jsx:152-154,/root/wt-b5-nextgen/src/components/course/panels/gasvalue/gasvalueLab.js:221-232 (fmt.f4 / fmt.t3 / fmt.d2 = toFixed(4/3/2)),"Tile ghvBtuScf prints fmt.f4 of the mole-weighted heating value over the normalised sheet; prompt asks 4 decimals, tol 1e-4 is at least half a unit (5e-5). Also a hand sum taught in beginner m02."
gasvalue,beginner,eriemu_gpm_c3plus,gal/Mscf,3.432605,0.0001,none,[],False,,nextgen-panel,"{""decimals"": 4}",1.0,4,5.000000000254801e-06,,,False,,/root/wt-b5-nextgen/src/components/course/panels/gasvalue/FlareExplorer.jsx:218-220,/root/wt-b5-nextgen/src/components/course/panels/gasvalue/gasvalueLab.js:221-232 (fmt.f4 / fmt.t3 / fmt.d2 = toFixed(4/3/2)),Tile gpmC3Plus fmt.f4; hand-calc per beginner m03 also full precision.
gasvalue,beginner,eriemu_c3plus_kg_per_mscf,kg/Mscf,7.11980244,0.0001,none,[],False,,nextgen-panel,"{""decimals"": 4}",1.0,4,2.440000000270004e-06,,,False,,/root/wt-b5-nextgen/src/components/course/panels/gasvalue/FlareExplorer.jsx:224-226,/root/wt-b5-nextgen/src/components/course/panels/gasvalue/gasvalueLab.js:221-232 (fmt.f4 / fmt.t3 / fmt.d2 = toFixed(4/3/2)),Tile c3PlusKgPerMscf fmt.f4 (7.1198 against 7.11980244).
gasvalue,beginner,eriemu_flare_co2_t,tonnes a year,297803.716,0.01,none,[],False,,nextgen-panel,"{""decimals"": 3}",1.0,,0.0,,,False,,/root/wt-b5-nextgen/src/components/course/panels/gasvalue/FlareExplorer.jsx:293,/root/wt-b5-nextgen/src/components/course/panels/gasvalue/gasvalueLab.js:221-232 (fmt.f4 / fmt.t3 / fmt.d2 = toFixed(4/3/2)),"Tile flareCo2Tonnes fmt.t3 after typing 12.4 MMscfd, 347 days, 0.976, 0.961; tol 0.01 is 20 times half a unit."
gasvalue,beginner,eriemu_flare_ch4_t,tonnes a year,1440.251,0.01,none,[],False,,nextgen-panel,"{""decimals"": 3}",1.0,,0.0,,,False,,/root/wt-b5-nextgen/src/components/course/panels/gasvalue/FlareExplorer.jsx:294,/root/wt-b5-nextgen/src/components/course/panels/gasvalue/gasvalueLab.js:221-232 (fmt.f4 / fmt.t3 / fmt.d2 = toFixed(4/3/2)),Tile flareCh4Tonnes fmt.t3.
gasvalue,beginner,eriemu_flare_co2e_t,tonnes a year,339138.908,0.01,none,[],False,,nextgen-panel,"{""decimals"": 3}",1.0,,0.0,,,False,,/root/wt-b5-nextgen/src/components/course/panels/gasvalue/FlareExplorer.jsx:295-297,/root/wt-b5-nextgen/src/components/course/panels/gasvalue/gasvalueLab.js:221-232 (fmt.f4 / fmt.t3 / fmt.d2 = toFixed(4/3/2)),Tile flareCo2eTonnes fmt.t3 with GWP 28.7 typed.
gasvalue,intermediate,adibawa_capital_usd,USD,59368200.01,0.01,none,[],False,,nextgen-panel,"{""decimals"": 2}",1.0,2,0.0,,,False,,/root/wt-b5-nextgen/src/components/course/panels/gasvalue/RouteExplorer.jsx:203,/root/wt-b5-nextgen/src/components/course/panels/gasvalue/gasvalueLab.js:221-232 (fmt.f4 / fmt.t3 / fmt.d2 = toFixed(4/3/2)),"Year view capitalCost fmt.d2 from the typed reference plant and exponent 0.9; hand 27,000,000 x (16.8/7)^0.9 also exact. Prompt asks 2 decimals, tol 0.01 >= 0.005."
gasvalue,intermediate,adibawa_cng_kg_per_year,kg a year,85977158.4,0.0001,none,[],False,,nextgen-panel,"{""decimals"": 4}",1.0,4,0.0,,,False,,/root/wt-b5-nextgen/src/components/course/panels/gasvalue/RouteExplorer.jsx:198,/root/wt-b5-nextgen/src/components/course/panels/gasvalue/gasvalueLab.js:221-232 (fmt.f4 / fmt.t3 / fmt.d2 = toFixed(4/3/2)),"productPerYear fmt.f4; also 16,800 x 342 x 0.87 x 17.2 = 85,977,158.4 by hand."
gasvalue,intermediate,adibawa_value_per_mscf,USD per Mscf,5.689023,0.0001,none,[],False,,nextgen-panel,"{""decimals"": 4}",1.0,4,2.299999999966218e-05,,,False,,/root/wt-b5-nextgen/src/components/course/panels/gasvalue/RouteExplorer.jsx:202,/root/wt-b5-nextgen/src/components/course/panels/gasvalue/gasvalueLab.js:221-232 (fmt.f4 / fmt.t3 / fmt.d2 = toFixed(4/3/2)),"valuePerMscf fmt.f4 (margin over the whole parcel); hand (36,970,178.11 - 4,283,328) / 5,745,600 = 5.689023."
gasvalue,intermediate,adibawa_avoided_co2e_t,tonnes a year,376796.694,0.01,none,[],False,,hand-calc,"{""decimals"": 3}",1.0,3,0.0,,,False,,/root/wt-b5-nextgen/src/content/courses/gasvalue/intermediate/m04-the-counterfactual/l02-only-the-recovered-share-is-avoided.md,/root/wt-b5-nextgen/src/components/course/panels/gasvalue/FlareExplorer.jsx:297 (flareCo2eTonnes fmt.t3),"RouteExplorer's counterfactual view runs only preset gases (RouteExplorer.jsx:393,432), so the learner reads the ADIBAWA flare CO2e from FlareExplorer at 3 decimals and multiplies by the 0.87 recovery (taught in m04/l02); rounding error at most 0.00044 against tol 0.01."
gasvalue,intermediate,adibawa_net_abatement_t,tonnes a year,421796.694,0.01,none,[],False,,hand-calc,"{""decimals"": 3}",1.0,3,0.0,,,False,,/root/wt-b5-nextgen/src/content/courses/gasvalue/intermediate/m04-the-counterfactual/l04-what-the-product-displaces.md,/root/wt-b5-nextgen/src/components/course/panels/gasvalue/FlareExplorer.jsx:297,"Avoided + 281,000 - 236,000 = 421,796.694, from the avoided figure above; same route and precision."
gasvalue,intermediate,adibawa_breakeven_credit_usd_per_t,USD per tonne,16.152687,0.0001,none,[],False,,hand-calc,full,1.0,4,0.0,,,False,,/root/wt-b5-nextgen/src/content/courses/gasvalue/intermediate/m05-credits-and-the-bid/l02-the-breakeven-credit-price.md,"/root/wt-b5-nextgen/src/components/course/panels/gasvalue/RouteExplorer.jsx:331 (breakevenCreditPrice fmt.f4, preset gas only)","Closed form (39,500,000 - 32,686,850.11) / 421,796.694 = 16.152687 as taught in m05/l02; inputs come from the year view (d2 margin) and the flare figure (t3); worst-case propagated rounding about 1e-5, inside tol 1e-4."
gasvalue,advanced,asaba_usable_lpg_t,tonnes,94.5149,0.0001,none,[],False,,nextgen-panel,"{""decimals"": 4}",1.0,4,0.0,,,False,,/root/wt-b5-nextgen/src/components/course/panels/gasvalue/RolloutExplorer.jsx:130,/root/wt-b5-nextgen/src/components/course/panels/gasvalue/gasvalueLab.js:221-232 (fmt.f4 / fmt.t3 / fmt.d2 = toFixed(4/3/2)),usableTonnes fmt.f4 with basis water_capacity_mass selected; also 220 x 999.1 x 0.43 / 1000 = 94.51486 t by hand (m01/l02).
gasvalue,advanced,asaba_vaporizer_design_kw,kW,115.262179,0.0001,none,[],False,,nextgen-panel,"{""decimals"": 4}",1.0,4,2.1000000003823516e-05,,,False,,/root/wt-b5-nextgen/src/components/course/panels/gasvalue/RolloutExplorer.jsx:197,/root/wt-b5-nextgen/src/components/course/panels/gasvalue/gasvalueLab.js:221-232 (fmt.f4 / fmt.t3 / fmt.d2 = toFixed(4/3/2)),designDutyKW fmt.f4; three-term duty on the mass-blended latent heat with 12 percent margin (m02/l01).
gasvalue,advanced,asaba_carousel_wait_min,minutes,0.1642631615249336,0.0001,none,[],False,,nextgen-panel,"{""decimals"": 4}",1.0,4,3.6838475066414134e-05,,,False,,/root/wt-b5-nextgen/src/components/course/panels/gasvalue/RolloutExplorer.jsx:277,/root/wt-b5-nextgen/src/components/course/panels/gasvalue/gasvalueLab.js:221-232 (fmt.f4 / fmt.t3 / fmt.d2 = toFixed(4/3/2)),"queue averageWaitMinutes fmt.f4 (0.1643 against 0.16426316, inside tol 1e-4); Erlang C on 18 positions wholly working (m02/l04)."
gasvalue,advanced,asaba_bank_mass_kg,kg,630.12764,0.0001,none,[],False,,nextgen-panel,"{""decimals"": 4}",1.0,4,4.0000000012696546e-05,,,False,,/root/wt-b5-nextgen/src/components/course/panels/gasvalue/RolloutExplorer.jsx:331,/root/wt-b5-nextgen/src/components/course/panels/gasvalue/gasvalueLab.js:221-232 (fmt.f4 / fmt.t3 / fmt.d2 = toFixed(4/3/2)),"Bank massKg fmt.f4 at 246.013 bar(a), 34 C, SG 0.63; Z by DAK is engine-only so the panel is the source."
gasvalue,advanced,asaba_left_in_banks_kg,kg,845.298,0.001,none,[],False,,nextgen-panel,"{""decimals"": 3}",1.0,3,0.0,,,False,,/root/wt-b5-nextgen/src/components/course/panels/gasvalue/RolloutExplorer.jsx:389,/root/wt-b5-nextgen/src/components/course/panels/gasvalue/gasvalueLab.js:221-232 (fmt.f4 / fmt.t3 / fmt.d2 = toFixed(4/3/2)),Cascade leftInBanksKg fmt.t3 with the three banks and taxi typed as bar(a); tol 0.001 is twice half a unit of the 3 decimals asked.
gasvalue,advanced,asaba_payback_years,years,0.397483,0.0001,none,[],False,,nextgen-panel,"{""decimals"": 4}",1.0,4,1.7000000000044757e-05,,,False,,/root/wt-b5-nextgen/src/components/course/panels/gasvalue/RolloutExplorer.jsx:535,/root/wt-b5-nextgen/src/components/course/panels/gasvalue/gasvalueLab.js:221-232 (fmt.f4 / fmt.t3 / fmt.d2 = toFixed(4/3/2)),Switch simplePaybackYears fmt.f4; also a hand-calc from cost per km (m05/l01-l03).
gaswell,beginner,wh_z_dak,fraction,0.847685225820759,1e-06,display,[],False,,unobtainable,,1.0,,,,,True,"{""display"": ""/root/wt-b5-nextgen/src/components/course/panels/gaswell/DropletExplorer.jsx:65 -> add a 'Your station' mode with NumFields for p (psia), T (degF), gas gravity, ID (in), rate (Mscf/d), tension and liquid density, printing z, gas density, both terminal velocities, correlation, critical velocity, critical rate and actual velocity at 10 significant figures""}",/root/wt-b5-nextgen/src/content/courses/gaswell/beginner/m02-gas-at-a-station/l01-z-at-pressure-and-temperature.md,"/root/wt-b5-nextgen/src/components/course/panels/gaswell/DropletExplorer.jsx:73 (only a pinned z, fmt 2)","Needs z from Sutton + Dranchuk-Abou-Kassem at the capstone's own pressure and temperature. The lessons never write the Sutton formula or the DAK coefficients (beginner m02 l01 only tabulates z at gravity 0.65), and DAK is an iterative solve. All three panels are select-only over published rows and teaching wells (no NumField in DropletExplorer/ProfileExplorer/RemedyExplorer; gasWellLab.js deliberately carries no capstone well, panelCapstoneGuard.test.js). The Suite Gas Well Performance Studio is never named, builds its own traverse from a well model, prints no z or density, and prints rates as integers and velocities to 1 dp (/opt/petrolord-studio/workspaces/dev1/projects/petrolord-suite/src/components/gaswell/fields.jsx:28 fmt default 0 digits; LoadingPanel.jsx:71/78)."
gaswell,beginner,wh_gas_density_lbmft3,lbm/ft3,4.018024007155638,4.2e-06,display,[],False,,unobtainable,,1.0,,,,,True,"{""display"": ""/root/wt-b5-nextgen/src/components/course/panels/gaswell/DropletExplorer.jsx:65 -> add a 'Your station' mode with NumFields for p (psia), T (degF), gas gravity, ID (in), rate (Mscf/d), tension and liquid density, printing z, gas density, both terminal velocities, correlation, critical velocity, critical rate and actual velocity at 10 significant figures""}","/root/wt-b5-nextgen/src/content/courses/gaswell/beginner/m02-gas-at-a-station/l02-gas-density.md (p M / z R T, R 10.7316)",,"Closed form taught, but z is unobtainable. Needs z from Sutton + Dranchuk-Abou-Kassem at the capstone's own pressure and temperature. The lessons never write the Sutton formula or the DAK coefficients (beginner m02 l01 only tabulates z at gravity 0.65), and DAK is an iterative solve. All three panels are select-only over published rows and teaching wells (no NumField in DropletExplorer/ProfileExplorer/RemedyExplorer; gasWellLab.js deliberately carries no capstone well, panelCapstoneGuard.test.js). The Suite Gas Well Performance Studio is never named, builds its own traverse from a well model, prints no z or density, and prints rates as integers and velocities to 1 dp (/opt/petrolord-studio/workspaces/dev1/projects/petrolord-suite/src/components/gaswell/fields.jsx:28 fmt default 0 digits; LoadingPanel.jsx:71/78)."
gaswell,beginner,wh_terminal_velocity_brine_fts,ft/s,6.42693606609917,6.8e-06,display,[],False,,unobtainable,,1.0,,,,,True,"{""display"": ""/root/wt-b5-nextgen/src/components/course/panels/gaswell/DropletExplorer.jsx:65 -> add a 'Your station' mode with NumFields for p (psia), T (degF), gas gravity, ID (in), rate (Mscf/d), tension and liquid density, printing z, gas density, both terminal velocities, correlation, critical velocity, critical rate and actual velocity at 10 significant figures""}",/root/wt-b5-nextgen/src/content/courses/gaswell/beginner/m06-the-associate-reading/l02-working-the-capstone.md step four (constant 1.5935346111),,"Closed form taught; needs the gas density, hence z. Needs z from Sutton + Dranchuk-Abou-Kassem at the capstone's own pressure and temperature. The lessons never write the Sutton formula or the DAK coefficients (beginner m02 l01 only tabulates z at gravity 0.65), and DAK is an iterative solve. All three panels are select-only over published rows and teaching wells (no NumField in DropletExplorer/ProfileExplorer/RemedyExplorer; gasWellLab.js deliberately carries no capstone well, panelCapstoneGuard.test.js). The Suite Gas Well Performance Studio is never named, builds its own traverse from a well model, prints no z or density, and prints rates as integers and velocities to 1 dp (/opt/petrolord-studio/workspaces/dev1/projects/petrolord-suite/src/components/gaswell/fields.jsx:28 fmt default 0 digits; LoadingPanel.jsx:71/78)."
gaswell,beginner,wh_terminal_velocity_cond_fts,ft/s,4.446421214633396,4.7e-06,display,[],False,,unobtainable,,1.0,,,,,True,"{""display"": ""/root/wt-b5-nextgen/src/components/course/panels/gaswell/DropletExplorer.jsx:65 -> add a 'Your station' mode with NumFields for p (psia), T (degF), gas gravity, ID (in), rate (Mscf/d), tension and liquid density, printing z, gas density, both terminal velocities, correlation, critical velocity, critical rate and actual velocity at 10 significant figures""}",/root/wt-b5-nextgen/src/content/courses/gaswell/beginner/m06-the-associate-reading/l02-working-the-capstone.md step four,,"Closed form taught; needs the gas density, hence z. Needs z from Sutton + Dranchuk-Abou-Kassem at the capstone's own pressure and temperature. The lessons never write the Sutton formula or the DAK coefficients (beginner m02 l01 only tabulates z at gravity 0.65), and DAK is an iterative solve. All three panels are select-only over published rows and teaching wells (no NumField in DropletExplorer/ProfileExplorer/RemedyExplorer; gasWellLab.js deliberately carries no capstone well, panelCapstoneGuard.test.js). The Suite Gas Well Performance Studio is never named, builds its own traverse from a well model, prints no z or density, and prints rates as integers and velocities to 1 dp (/opt/petrolord-studio/workspaces/dev1/projects/petrolord-suite/src/components/gaswell/fields.jsx:28 fmt default 0 digits; LoadingPanel.jsx:71/78)."
gaswell,beginner,wh_critical_rate_mscfd,Mscf/d,2032.5884737584674,0.0021,display,[],False,,unobtainable,,1.0,,,,,True,"{""display"": ""/root/wt-b5-nextgen/src/components/course/panels/gaswell/DropletExplorer.jsx:65 -> add a 'Your station' mode with NumFields for p (psia), T (degF), gas gravity, ID (in), rate (Mscf/d), tension and liquid density, printing z, gas density, both terminal velocities, correlation, critical velocity, critical rate and actual velocity at 10 significant figures""}",/root/wt-b5-nextgen/src/content/courses/gaswell/beginner/m06-the-associate-reading/l02-working-the-capstone.md step seven (3054.38693878),,"Closed form taught (Coleman below 1000 psia); needs z. Needs z from Sutton + Dranchuk-Abou-Kassem at the capstone's own pressure and temperature. The lessons never write the Sutton formula or the DAK coefficients (beginner m02 l01 only tabulates z at gravity 0.65), and DAK is an iterative solve. All three panels are select-only over published rows and teaching wells (no NumField in DropletExplorer/ProfileExplorer/RemedyExplorer; gasWellLab.js deliberately carries no capstone well, panelCapstoneGuard.test.js). The Suite Gas Well Performance Studio is never named, builds its own traverse from a well model, prints no z or density, and prints rates as integers and velocities to 1 dp (/opt/petrolord-studio/workspaces/dev1/projects/petrolord-suite/src/components/gaswell/fields.jsx:28 fmt default 0 digits; LoadingPanel.jsx:71/78)."
gaswell,beginner,wh_actual_velocity_fts,ft/s,8.067074175186569,8.3e-06,display,[],False,,unobtainable,,1.0,,,,,True,"{""display"": ""/root/wt-b5-nextgen/src/components/course/panels/gaswell/DropletExplorer.jsx:65 -> add a 'Your station' mode with NumFields for p (psia), T (degF), gas gravity, ID (in), rate (Mscf/d), tension and liquid density, printing z, gas density, both terminal velocities, correlation, critical velocity, critical rate and actual velocity at 10 significant figures""}",/root/wt-b5-nextgen/src/content/courses/gaswell/beginner/m04-critical-velocity-and-rate/l04-the-actual-velocity.md,,"Closed form taught; needs z. Needs z from Sutton + Dranchuk-Abou-Kassem at the capstone's own pressure and temperature. The lessons never write the Sutton formula or the DAK coefficients (beginner m02 l01 only tabulates z at gravity 0.65), and DAK is an iterative solve. All three panels are select-only over published rows and teaching wells (no NumField in DropletExplorer/ProfileExplorer/RemedyExplorer; gasWellLab.js deliberately carries no capstone well, panelCapstoneGuard.test.js). The Suite Gas Well Performance Studio is never named, builds its own traverse from a well model, prints no z or density, and prints rates as integers and velocities to 1 dp (/opt/petrolord-studio/workspaces/dev1/projects/petrolord-suite/src/components/gaswell/fields.jsx:28 fmt default 0 digits; LoadingPanel.jsx:71/78)."
gaswell,intermediate,mid_critical_rate_mscfd,Mscf/d,2381.915240563656,0.0025,display,[],False,,unobtainable,,1.0,,,,,True,"{""display"": ""/root/wt-b5-nextgen/src/components/course/panels/gaswell/ProfileExplorer.jsx:161/345 -> add a 'Your traverse' mode (typed stations, gravity, fluid, candidate IDs) printing each station's z, critical rate and actual velocity, the controlling station and each candidate's critical rate at 10 significant figures""}",/root/wt-b5-nextgen/src/content/courses/gaswell/intermediate/m01-a-well-is-not-a-station/l02-the-profile-down-the-hole.md,,"Needs z at 1503.9 psia, 142.8 degF. Needs z from Sutton + Dranchuk-Abou-Kassem at the capstone's own pressure and temperature. The lessons never write the Sutton formula or the DAK coefficients (beginner m02 l01 only tabulates z at gravity 0.65), and DAK is an iterative solve. All three panels are select-only over published rows and teaching wells (no NumField in DropletExplorer/ProfileExplorer/RemedyExplorer; gasWellLab.js deliberately carries no capstone well, panelCapstoneGuard.test.js). The Suite Gas Well Performance Studio is never named, builds its own traverse from a well model, prints no z or density, and prints rates as integers and velocities to 1 dp (/opt/petrolord-studio/workspaces/dev1/projects/petrolord-suite/src/components/gaswell/fields.jsx:28 fmt default 0 digits; LoadingPanel.jsx:71/78)."
gaswell,intermediate,shoe_critical_rate_mscfd,Mscf/d,2757.4013450247076,0.0029,display,[],False,,unobtainable,,1.0,,,,,True,"{""display"": ""/root/wt-b5-nextgen/src/components/course/panels/gaswell/ProfileExplorer.jsx:161/345 -> add a 'Your traverse' mode (typed stations, gravity, fluid, candidate IDs) printing each station's z, critical rate and actual velocity, the controlling station and each candidate's critical rate at 10 significant figures""}",/root/wt-b5-nextgen/src/content/courses/gaswell/intermediate/m01-a-well-is-not-a-station/l04-the-controlling-station.md,,"Needs z at every station to find the controlling one. Needs z from Sutton + Dranchuk-Abou-Kassem at the capstone's own pressure and temperature. The lessons never write the Sutton formula or the DAK coefficients (beginner m02 l01 only tabulates z at gravity 0.65), and DAK is an iterative solve. All three panels are select-only over published rows and teaching wells (no NumField in DropletExplorer/ProfileExplorer/RemedyExplorer; gasWellLab.js deliberately carries no capstone well, panelCapstoneGuard.test.js). The Suite Gas Well Performance Studio is never named, builds its own traverse from a well model, prints no z or density, and prints rates as integers and velocities to 1 dp (/opt/petrolord-studio/workspaces/dev1/projects/petrolord-suite/src/components/gaswell/fields.jsx:28 fmt default 0 digits; LoadingPanel.jsx:71/78)."
gaswell,intermediate,shoe_actual_velocity_fts,ft/s,4.259303791892167,4.4e-06,display,[],False,,unobtainable,,1.0,,,,,True,"{""display"": ""/root/wt-b5-nextgen/src/components/course/panels/gaswell/ProfileExplorer.jsx:161/345 -> add a 'Your traverse' mode (typed stations, gravity, fluid, candidate IDs) printing each station's z, critical rate and actual velocity, the controlling station and each candidate's critical rate at 10 significant figures""}",/root/wt-b5-nextgen/src/content/courses/gaswell/intermediate/m02-reading-a-loaded-well/l01-the-margin.md,,"Needs z at the shoe. Needs z from Sutton + Dranchuk-Abou-Kassem at the capstone's own pressure and temperature. The lessons never write the Sutton formula or the DAK coefficients (beginner m02 l01 only tabulates z at gravity 0.65), and DAK is an iterative solve. All three panels are select-only over published rows and teaching wells (no NumField in DropletExplorer/ProfileExplorer/RemedyExplorer; gasWellLab.js deliberately carries no capstone well, panelCapstoneGuard.test.js). The Suite Gas Well Performance Studio is never named, builds its own traverse from a well model, prints no z or density, and prints rates as integers and velocities to 1 dp (/opt/petrolord-studio/workspaces/dev1/projects/petrolord-suite/src/components/gaswell/fields.jsx:28 fmt default 0 digits; LoadingPanel.jsx:71/78)."
gaswell,intermediate,sized_tubing_critical_rate_mscfd,Mscf/d,2329.389923010978,0.0024,display,[],False,,unobtainable,,1.0,,,,,True,"{""display"": ""/root/wt-b5-nextgen/src/components/course/panels/gaswell/ProfileExplorer.jsx:161/345 -> add a 'Your traverse' mode (typed stations, gravity, fluid, candidate IDs) printing each station's z, critical rate and actual velocity, the controlling station and each candidate's critical rate at 10 significant figures""}",/root/wt-b5-nextgen/src/content/courses/gaswell/intermediate/m03-sizing-the-tubing/l02-candidates-and-the-pick.md,,"Candidate critical rates at the shoe need z. Needs z from Sutton + Dranchuk-Abou-Kassem at the capstone's own pressure and temperature. The lessons never write the Sutton formula or the DAK coefficients (beginner m02 l01 only tabulates z at gravity 0.65), and DAK is an iterative solve. All three panels are select-only over published rows and teaching wells (no NumField in DropletExplorer/ProfileExplorer/RemedyExplorer; gasWellLab.js deliberately carries no capstone well, panelCapstoneGuard.test.js). The Suite Gas Well Performance Studio is never named, builds its own traverse from a well model, prints no z or density, and prints rates as integers and velocities to 1 dp (/opt/petrolord-studio/workspaces/dev1/projects/petrolord-suite/src/components/gaswell/fields.jsx:28 fmt default 0 digits; LoadingPanel.jsx:71/78)."
gaswell,intermediate,plunger_required_lift_psia,psia,333.42363379741835,0.00035,display,[],False,,unobtainable,,1.0,,,,,True,"{""display"": ""/root/wt-b5-nextgen/src/components/course/panels/gaswell/RemedyExplorer.jsx:500 -> add a 'Your plunger' mode (typed depth, ID, slug, SG, plunger weight, line and casing pressure, avg temperature, GLR, cycle speeds and times) printing every lift term, required pressure, required GLR, gas per cycle, max slug and liquid per day at 10 significant figures""}",/root/wt-b5-nextgen/src/content/courses/gaswell/intermediate/m04-the-plunger/l02-the-lift-pressure.md,,"Four of the five terms are closed forms, but the gas-column term uses a gas density (z at line pressure and average temperature). Needs z from Sutton + Dranchuk-Abou-Kassem at the capstone's own pressure and temperature. The lessons never write the Sutton formula or the DAK coefficients (beginner m02 l01 only tabulates z at gravity 0.65), and DAK is an iterative solve. All three panels are select-only over published rows and teaching wells (no NumField in DropletExplorer/ProfileExplorer/RemedyExplorer; gasWellLab.js deliberately carries no capstone well, panelCapstoneGuard.test.js). The Suite Gas Well Performance Studio is never named, builds its own traverse from a well model, prints no z or density, and prints rates as integers and velocities to 1 dp (/opt/petrolord-studio/workspaces/dev1/projects/petrolord-suite/src/components/gaswell/fields.jsx:28 fmt default 0 digits; LoadingPanel.jsx:71/78)."
gaswell,intermediate,plunger_required_glr_scfbbl,scf/bbl,9306.71712654132,0.0098,display,[],False,,unobtainable,,1.0,,,,,True,"{""display"": ""/root/wt-b5-nextgen/src/components/course/panels/gaswell/RemedyExplorer.jsx:500 -> add a 'Your plunger' mode (typed depth, ID, slug, SG, plunger weight, line and casing pressure, avg temperature, GLR, cycle speeds and times) printing every lift term, required pressure, required GLR, gas per cycle, max slug and liquid per day at 10 significant figures""}",/root/wt-b5-nextgen/src/content/courses/gaswell/intermediate/m04-the-plunger/l03-the-gas-requirement.md,,"Gas per cycle divides by z (plungerLift.js gasPerCycleScf). Needs z from Sutton + Dranchuk-Abou-Kassem at the capstone's own pressure and temperature. The lessons never write the Sutton formula or the DAK coefficients (beginner m02 l01 only tabulates z at gravity 0.65), and DAK is an iterative solve. All three panels are select-only over published rows and teaching wells (no NumField in DropletExplorer/ProfileExplorer/RemedyExplorer; gasWellLab.js deliberately carries no capstone well, panelCapstoneGuard.test.js). The Suite Gas Well Performance Studio is never named, builds its own traverse from a well model, prints no z or density, and prints rates as integers and velocities to 1 dp (/opt/petrolord-studio/workspaces/dev1/projects/petrolord-suite/src/components/gaswell/fields.jsx:28 fmt default 0 digits; LoadingPanel.jsx:71/78)."
gaswell,advanced,shoe_critical_velocity_turner_fts,ft/s,5.524059109300652,5.8e-06,display,[],False,,unobtainable,,1.0,,,,,True,"{""display"": ""/root/wt-b5-nextgen/src/components/course/panels/gaswell/ProfileExplorer.jsx:161/345 -> add a 'Your traverse' mode (typed stations, gravity, fluid, candidate IDs) printing each station's z, critical rate and actual velocity, the controlling station and each candidate's critical rate at 10 significant figures""}",/root/wt-b5-nextgen/src/content/courses/gaswell/advanced/m01-chosen-once-used-everywhere/l02-used-at-the-shoe.md,,"1.2 x the unadjusted velocity at the shoe, which needs the shoe gas density and so z. Needs z from Sutton + Dranchuk-Abou-Kassem at the capstone's own pressure and temperature. The lessons never write the Sutton formula or the DAK coefficients (beginner m02 l01 only tabulates z at gravity 0.65), and DAK is an iterative solve. All three panels are select-only over published rows and teaching wells (no NumField in DropletExplorer/ProfileExplorer/RemedyExplorer; gasWellLab.js deliberately carries no capstone well, panelCapstoneGuard.test.js). The Suite Gas Well Performance Studio is never named, builds its own traverse from a well model, prints no z or density, and prints rates as integers and velocities to 1 dp (/opt/petrolord-studio/workspaces/dev1/projects/petrolord-suite/src/components/gaswell/fields.jsx:28 fmt default 0 digits; LoadingPanel.jsx:71/78)."
gaswell,advanced,rejected_tubing_critical_rate_mscfd,Mscf/d,2629.8878454771925,0.0028,display,[],False,,unobtainable,,1.0,,,,,True,"{""display"": ""/root/wt-b5-nextgen/src/components/course/panels/gaswell/ProfileExplorer.jsx:161/345 -> add a 'Your traverse' mode (typed stations, gravity, fluid, candidate IDs) printing each station's z, critical rate and actual velocity, the controlling station and each candidate's critical rate at 10 significant figures""}",/root/wt-b5-nextgen/src/content/courses/gaswell/advanced/m02-the-candidate-that-was-discarded/l02-the-rejected-string.md,,"Critical rate of the 2.922 in candidate at the shoe needs z. Needs z from Sutton + Dranchuk-Abou-Kassem at the capstone's own pressure and temperature. The lessons never write the Sutton formula or the DAK coefficients (beginner m02 l01 only tabulates z at gravity 0.65), and DAK is an iterative solve. All three panels are select-only over published rows and teaching wells (no NumField in DropletExplorer/ProfileExplorer/RemedyExplorer; gasWellLab.js deliberately carries no capstone well, panelCapstoneGuard.test.js). The Suite Gas Well Performance Studio is never named, builds its own traverse from a well model, prints no z or density, and prints rates as integers and velocities to 1 dp (/opt/petrolord-studio/workspaces/dev1/projects/petrolord-suite/src/components/gaswell/fields.jsx:28 fmt default 0 digits; LoadingPanel.jsx:71/78)."
gaswell,advanced,plunger_slug_hydrostatic_psi,psi,78.232275,8.2e-05,none,[],False,,hand-calc,full,1.0,,0.0,,,False,,/root/wt-b5-nextgen/src/content/courses/gaswell/advanced/m03-the-gradient-constant/l01-a-rounded-constant.md (PSI_PER_FT_SG 0.433),,"165 x 1.095 x 0.433 = 78.232275 exactly, as the prompt itself instructs ('Use the platform's constant'); tol 8.2e-5 psi is honest for an exact product."
gaswell,advanced,plunger_max_slug_ft,ft,1041.9317152418678,0.0011,display,[],False,,unobtainable,,1.0,,,,,True,"{""display"": ""/root/wt-b5-nextgen/src/components/course/panels/gaswell/RemedyExplorer.jsx:500 -> add a 'Your plunger' mode (typed depth, ID, slug, SG, plunger weight, line and casing pressure, avg temperature, GLR, cycle speeds and times) printing every lift term, required pressure, required GLR, gas per cycle, max slug and liquid per day at 10 significant figures""}",/root/wt-b5-nextgen/src/content/courses/gaswell/advanced/m04-a-requirement-that-falls/l04-the-clamp-at-zero.md,,"Solving the lift balance for slug length needs the gas-column term, i.e. a gas density with z. Needs z from Sutton + Dranchuk-Abou-Kassem at the capstone's own pressure and temperature. The lessons never write the Sutton formula or the DAK coefficients (beginner m02 l01 only tabulates z at gravity 0.65), and DAK is an iterative solve. All three panels are select-only over published rows and teaching wells (no NumField in DropletExplorer/ProfileExplorer/RemedyExplorer; gasWellLab.js deliberately carries no capstone well, panelCapstoneGuard.test.js). The Suite Gas Well Performance Studio is never named, builds its own traverse from a well model, prints no z or density, and prints rates as integers and velocities to 1 dp (/opt/petrolord-studio/workspaces/dev1/projects/petrolord-suite/src/components/gaswell/fields.jsx:28 fmt default 0 digits; LoadingPanel.jsx:71/78)."
gaswell,advanced,plunger_gas_per_cycle_scf,scf,11281.211169142487,0.012,display,[],False,,unobtainable,,1.0,,,,,True,"{""display"": ""/root/wt-b5-nextgen/src/components/course/panels/gaswell/RemedyExplorer.jsx:500 -> add a 'Your plunger' mode (typed depth, ID, slug, SG, plunger weight, line and casing pressure, avg temperature, GLR, cycle speeds and times) printing every lift term, required pressure, required GLR, gas per cycle, max slug and liquid per day at 10 significant figures""}",/root/wt-b5-nextgen/src/content/courses/gaswell/advanced/m05-what-nobody-checks/l02-the-cycle-against-the-well.md,,"Swept volume x (pAvg/psc)(Tsc/T)/z: needs z and the required lift pressure. Needs z from Sutton + Dranchuk-Abou-Kassem at the capstone's own pressure and temperature. The lessons never write the Sutton formula or the DAK coefficients (beginner m02 l01 only tabulates z at gravity 0.65), and DAK is an iterative solve. All three panels are select-only over published rows and teaching wells (no NumField in DropletExplorer/ProfileExplorer/RemedyExplorer; gasWellLab.js deliberately carries no capstone well, panelCapstoneGuard.test.js). The Suite Gas Well Performance Studio is never named, builds its own traverse from a well model, prints no z or density, and prints rates as integers and velocities to 1 dp (/opt/petrolord-studio/workspaces/dev1/projects/petrolord-suite/src/components/gaswell/fields.jsx:28 fmt default 0 digits; LoadingPanel.jsx:71/78)."
gaswell,advanced,plunger_liquid_per_day_bbl,bbl/d,18.79621249139511,2e-05,none,[],False,"{""migration"": ""20261023b_ro_capstone_gaswell.sql"", ""prompt"": ""the prompt names field 6 as the second hand-reachable value alongside field 3""}",hand-calc,full,1.0,,0.0,,,False,,"/root/wt-b5-nextgen/src/content/courses/gaswell/intermediate/m04-the-plunger/l01-what-a-plunger-does.md (5.614583 ft3/bbl, cycle = rise + fall in gas + fall in liquid + afterflow + shut-in, 1440/total); advanced/m05-what-nobody-checks/l01-liquid-capacity.md",,Slug volume pi/4 x 2.75^2/144 x 165 / 5.614583 = 1.21216 bbl; cycle 8420/812 + 8255/1085 + 165/186 + 26 + 48 = 92.8648 min; 1440/92.8648 x 1.21216 = 18.79621249 reproduced exactly. No z anywhere.
geomech,beginner,k0_used,-,0.3157894736842105,5e-07,none,[],False,,hand-calc,full,1.0,,0.0,,,False,,/root/wt-b5-nextgen/src/content/courses/geomech/beginner/m03-the-horizontal-stresses/l02-k0-and-the-poisson-ratio.md:9,/root/wt-b5-nextgen/src/components/course/panels/geomech/StressExplorer.jsx:74,"k0 = nu/(1-nu) = 0.24/0.76 = 0.3157894736842105, reproduced exactly. The stress explorer Profile view also takes Poisson ratio 0.24 and prints 'k0 used' with fmt(s.k0Used, 8), which clears tol 5e-7."
geomech,beginner,frictional_limit_ratio,-,2.5610706048410403,5e-07,none,[],False,,hand-calc,full,1.0,,0.0,,,False,,/root/wt-b5-nextgen/src/content/courses/geomech/beginner/m04-strength-from-a-log/l04-the-friction-angle.md:13,/root/wt-b5-nextgen/src/components/course/panels/geomech/StressExplorer.jsx:75,"q = (1+sin 26)/(1-sin 26) = 2.5610706048410408, reproduced. Profile view friction angle input prints 'Frictional ratio q' with fmt(..., 8), clears tol 5e-7."
geomech,beginner,shmin_at_2000m_Pa,Pa,33914681.28858234,50.0,none,[],False,,hand-calc,full,1.0,,0.0,,,False,,/root/wt-b5-nextgen/src/content/courses/geomech/beginner/m03-the-horizontal-stresses/l01-the-uniaxial-estimate.md:15; /root/wt-b5-nextgen/src/content/courses/geomech/beginner/m03-the-horizontal-stresses/l03-the-tectonic-strain-term.md:9; /root/wt-b5-nextgen/src/content/courses/geomech/beginner/m02-the-overburden-and-the-pore-pressure/l05-effective-stress.md:32,,"Sv 45110590 Pa and Pp 22015929.25 Pa at 2000 m are printed in full at beginner m02/l05:32; k0 x (Sv - 0.9 Pp) + 0.9 Pp + E/(1-nu^2)(epsX + nu epsY) reproduces 33914681.28858234 exactly; frictional bounds 29.69 to 84.60 MPa, not clamped."
geomech,beginner,shmax_at_2000m_Pa,Pa,38269519.99825976,50.0,none,[],False,,hand-calc,full,1.0,,0.0,,,False,,/root/wt-b5-nextgen/src/content/courses/geomech/beginner/m03-the-horizontal-stresses/l01-the-uniaxial-estimate.md:15; /root/wt-b5-nextgen/src/content/courses/geomech/beginner/m03-the-horizontal-stresses/l03-the-tectonic-strain-term.md:9; /root/wt-b5-nextgen/src/content/courses/geomech/beginner/m02-the-overburden-and-the-pore-pressure/l05-effective-stress.md:32,,"Sv 45110590 Pa and Pp 22015929.25 Pa at 2000 m are printed in full at beginner m02/l05:32; k0 x (Sv - 0.9 Pp) + 0.9 Pp + E/(1-nu^2)(epsY + nu epsX) reproduces 38269519.99825976 exactly; frictional bounds 29.69 to 84.60 MPa, not clamped."
geomech,beginner,ucs_horsrud_Pa,Pa,81461382.79343805,50.0,none,[],False,,hand-calc,full,1.0,,0.0,,,False,,/root/wt-b5-nextgen/src/content/courses/geomech/beginner/m04-strength-from-a-log/l02-two-correlations.md:9,/root/wt-b5-nextgen/src/components/course/panels/geomech/StressExplorer.jsx:160,"0.77 x (1000/233)^3.2 MPa = 81461382.793438 Pa, reproduced. The UCS view takes any slowness and prints MPa(out.h) = fmt(v/1e6, 5), a 10 Pa step, max rounding error 5 Pa against tol 50."
geomech,beginner,ucs_mcnally_Pa,Pa,93075820.55442823,50.0,none,[],False,,hand-calc,full,1.0,,0.0,,,False,,/root/wt-b5-nextgen/src/content/courses/geomech/beginner/m04-strength-from-a-log/l02-two-correlations.md:15,/root/wt-b5-nextgen/src/components/course/panels/geomech/StressExplorer.jsx:161,"1200 exp(-0.036 x 233 x 0.3048) MPa = 93075820.554428 Pa, reproduced. Panel prints fmt(v/1e6, 5) MPa, error at most 5 Pa against tol 50."
geomech,intermediate,collapse_Pa,Pa,14628899.208552536,50.0,none,[],False,"{""wave"": ""w4a"", ""route"": ""typed-case panel mode (W4a)"", ""migration"": ""20261027a_w4_geomech.sql""}",nextgen-panel,"{""decimals"": 5}",1e-06,,0.791447464376688,,,False,,"src/components/course/panels/geomech/StabilityExplorer.jsx At one depth view: TVD 2000, inclination 55, azimuth 130, the eight parameter boxes and the UCS box typed","src/components/course/panels/geomech/StabilityExplorer.jsx Tile 'Collapse pressure' MPa(v) = fmt(v/1e6, 5)","Typing the capstone's parameter set and the Horsrud UCS into the At one depth view at 2000 m, 55 degrees on 130, prints this value at 5 dp in MPa, within its tol of the key (panelCapstoneGuard.test.js 'THE ROUTE'). The view opens blank on the published parameters and the profile UCS at 2500 m, vertical, which prints no graded answer."
geomech,intermediate,frac_init_Pa,Pa,45176234.71145374,50.0,none,[],False,"{""wave"": ""w4a"", ""route"": ""typed-case panel mode (W4a)"", ""migration"": ""20261027a_w4_geomech.sql""}",nextgen-panel,"{""decimals"": 5}",1e-06,,4.71145374327898,,,False,,"src/components/course/panels/geomech/StabilityExplorer.jsx At one depth view: TVD 2000, inclination 55, azimuth 130, the eight parameter boxes and the UCS box typed","src/components/course/panels/geomech/StabilityExplorer.jsx Tile 'Fracture initiation' MPa(v) = fmt(v/1e6, 5)","Typing the capstone's parameter set and the Horsrud UCS into the At one depth view at 2000 m, 55 degrees on 130, prints this value at 5 dp in MPa, within its tol of the key (panelCapstoneGuard.test.js 'THE ROUTE'). The view opens blank on the published parameters and the profile UCS at 2500 m, vertical, which prints no graded answer."
geomech,intermediate,breakout_theta_deg,deg,84.0,0.5,none,[],False,"{""wave"": ""w4a"", ""route"": ""typed-case panel mode (W4a)"", ""migration"": ""20261027a_w4_geomech.sql""}",nextgen-panel,integer,1.0,,0.0,,,False,,"src/components/course/panels/geomech/StabilityExplorer.jsx At one depth view: TVD 2000, inclination 55, azimuth 130, the eight parameter boxes and the UCS box typed",src/components/course/panels/geomech/StabilityExplorer.jsx Tile 'Breakout angle' integer,"Typing the capstone's parameter set and the Horsrud UCS into the At one depth view at 2000 m, 55 degrees on 130, prints this value as an integer, within its tol of the key (panelCapstoneGuard.test.js 'THE ROUTE'). The view opens blank on the published parameters and the profile UCS at 2500 m, vertical, which prints no graded answer."
geomech,intermediate,collapse_emw_kgm3,kg/m3,745.8662850490502,0.005,none,[],False,"{""wave"": ""w4a"", ""route"": ""typed-case panel mode (W4a)"", ""migration"": ""20261027a_w4_geomech.sql""}",nextgen-panel,"{""decimals"": 4}",1.0,,1.495094977599365e-05,,,False,,"src/components/course/panels/geomech/StabilityExplorer.jsx At one depth view: TVD 2000, inclination 55, azimuth 130, the eight parameter boxes and the UCS box typed","src/components/course/panels/geomech/StabilityExplorer.jsx Tile 'Collapse EMW' fmt(v, 4)","Typing the capstone's parameter set and the Horsrud UCS into the At one depth view at 2000 m, 55 degrees on 130, prints this value at 4 dp, within its tol of the key (panelCapstoneGuard.test.js 'THE ROUTE'). The view opens blank on the published parameters and the profile UCS at 2500 m, vertical, which prints no graded answer."
geomech,intermediate,frac_init_emw_kgm3,kg/m3,2303.346948828282,0.005,none,[],False,"{""wave"": ""w4a"", ""route"": ""typed-case panel mode (W4a)"", ""migration"": ""20261027a_w4_geomech.sql""}",nextgen-panel,"{""decimals"": 4}",1.0,,4.8828282160684466e-05,,,False,,"src/components/course/panels/geomech/StabilityExplorer.jsx At one depth view: TVD 2000, inclination 55, azimuth 130, the eight parameter boxes and the UCS box typed","src/components/course/panels/geomech/StabilityExplorer.jsx Tile 'Fracture EMW' fmt(v, 4)","Typing the capstone's parameter set and the Horsrud UCS into the At one depth view at 2000 m, 55 degrees on 130, prints this value at 4 dp, within its tol of the key (panelCapstoneGuard.test.js 'THE ROUTE'). The view opens blank on the published parameters and the profile UCS at 2500 m, vertical, which prints no graded answer."
geomech,intermediate,window_width_emw_kgm3,kg/m3,1557.480663779232,0.005,none,[],False,"{""wave"": ""w4a"", ""route"": ""typed-case panel mode (W4a)"", ""migration"": ""20261027a_w4_geomech.sql""}",nextgen-panel,"{""decimals"": 4}",1.0,,3.622076815190667e-05,,,False,,"src/components/course/panels/geomech/StabilityExplorer.jsx At one depth view: TVD 2000, inclination 55, azimuth 130, the eight parameter boxes and the UCS box typed","src/components/course/panels/geomech/StabilityExplorer.jsx Tile 'Window width' fmt(v, 4)","Typing the capstone's parameter set and the Horsrud UCS into the At one depth view at 2000 m, 55 degrees on 130, prints this value at 4 dp, within its tol of the key (panelCapstoneGuard.test.js 'THE ROUTE'). The view opens blank on the published parameters and the profile UCS at 2500 m, vertical, which prints no graded answer."
geomech,advanced,slant_tightest_width_kgm3,kg/m3,1317.993874508228,0.005,none,[],False,"{""wave"": ""w4a"", ""route"": ""typed-case panel mode (W4a)"", ""migration"": ""20261027a_w4_geomech.sql""}",nextgen-panel,"{""decimals"": 4}",1.0,,2.5491772021268844e-05,,,False,,"src/components/course/panels/geomech/WindowExplorer.jsx Along the well view: well slant, the eight parameter boxes typed","src/components/course/panels/geomech/WindowExplorer.jsx Tile 'Window width' fmt(v, 4)","Typing the capstone's parameter set into the Along the well view on the slant well prints this value at 4 dp, within tol 0.005 of the key (panelCapstoneGuard.test.js 'THE ROUTE'). The view opens blank on the published parameters, which prints no graded answer."
geomech,advanced,slant_collapse_emw_at_tightest_kgm3,kg/m3,248.10414286699674,0.005,none,[],False,"{""wave"": ""w4a"", ""route"": ""typed-case panel mode (W4a)"", ""migration"": ""20261027a_w4_geomech.sql""}",nextgen-panel,"{""decimals"": 4}",1.0,,4.2866996750490216e-05,,,False,,"src/components/course/panels/geomech/WindowExplorer.jsx Along the well view: well slant, the eight parameter boxes typed","src/components/course/panels/geomech/WindowExplorer.jsx Tile 'Collapse at tightest' fmt(v, 4)","Typing the capstone's parameter set into the Along the well view on the slant well prints this value at 4 dp, within tol 0.005 of the key (panelCapstoneGuard.test.js 'THE ROUTE'). The view opens blank on the published parameters, which prints no graded answer."
geomech,advanced,slant_frac_init_emw_at_tightest_kgm3,kg/m3,2496.6949229689703,0.005,none,[],False,"{""wave"": ""w4a"", ""route"": ""typed-case panel mode (W4a)"", ""migration"": ""20261027a_w4_geomech.sql""}",nextgen-panel,"{""decimals"": 4}",1.0,,2.2968970370129682e-05,,,False,,"src/components/course/panels/geomech/WindowExplorer.jsx Along the well view: well slant, the eight parameter boxes typed","src/components/course/panels/geomech/WindowExplorer.jsx Tile 'Fracture initiation at tightest' fmt(v, 4)","Typing the capstone's parameter set into the Along the well view on the slant well prints this value at 4 dp, within tol 0.005 of the key (panelCapstoneGuard.test.js 'THE ROUTE'). The view opens blank on the published parameters, which prints no graded answer."
geomech,advanced,horizontal_tightest_width_kgm3,kg/m3,1343.3180035349267,0.005,none,[],False,"{""wave"": ""w4a"", ""route"": ""typed-case panel mode (W4a)"", ""migration"": ""20261027a_w4_geomech.sql""}",nextgen-panel,"{""decimals"": 4}",1.0,,3.5349266909179278e-06,,,False,,"src/components/course/panels/geomech/WindowExplorer.jsx Along the well view: well horizontal, the eight parameter boxes typed","src/components/course/panels/geomech/WindowExplorer.jsx Tile 'Window width' fmt(v, 4)","Typing the capstone's parameter set into the Along the well view on the horizontal well prints this value at 4 dp, within tol 0.005 of the key (panelCapstoneGuard.test.js 'THE ROUTE'). The view opens blank on the published parameters, which prints no graded answer."
geomech,advanced,horizontal_collapse_emw_at_tightest_kgm3,kg/m3,1411.1968938126954,0.005,none,[],False,"{""wave"": ""w4a"", ""route"": ""typed-case panel mode (W4a)"", ""migration"": ""20261027a_w4_geomech.sql""}",nextgen-panel,"{""decimals"": 4}",1.0,,6.187304506966029e-06,,,False,,"src/components/course/panels/geomech/WindowExplorer.jsx Along the well view: well horizontal, the eight parameter boxes typed","src/components/course/panels/geomech/WindowExplorer.jsx Tile 'Collapse at tightest' fmt(v, 4)","Typing the capstone's parameter set into the Along the well view on the horizontal well prints this value at 4 dp, within tol 0.005 of the key (panelCapstoneGuard.test.js 'THE ROUTE'). The view opens blank on the published parameters, which prints no graded answer."
geomech,advanced,horizontal_frac_init_emw_at_tightest_kgm3,kg/m3,2754.514897347622,0.005,none,[],False,"{""wave"": ""w4a"", ""route"": ""typed-case panel mode (W4a)"", ""migration"": ""20261027a_w4_geomech.sql""}",nextgen-panel,"{""decimals"": 4}",1.0,,2.652378043421777e-06,,,False,,"src/components/course/panels/geomech/WindowExplorer.jsx Along the well view: well horizontal, the eight parameter boxes typed","src/components/course/panels/geomech/WindowExplorer.jsx Tile 'Fracture initiation at tightest' fmt(v, 4)","Typing the capstone's parameter set into the Along the well view on the horizontal well prints this value at 4 dp, within tol 0.005 of the key (panelCapstoneGuard.test.js 'THE ROUTE'). The view opens blank on the published parameters, which prints no graded answer."
heattransfer,beginner,amenam_duty_btu_hr,Btu/hr,4099440.0,0.01,none,[],False,,hand-calc,full,1.0,4,0.0,,,False,,src/content/courses/heattransfer/beginner/m06-the-associate-reading/l03-the-capstone-worked.md,src/components/course/panels/heattransfer/gradedTolerance.js,62000 x 0.58 x (328-214) = 4099440 exactly; tol 0.01 >= half a unit of the stated four decimals.
heattransfer,beginner,amenam_cold_outlet_f,degF,165.44205279256826,1e-06,none,[],False,,hand-calc,full,1.0,6,0.0,,,False,,src/content/courses/heattransfer/beginner/m06-the-associate-reading/l03-the-capstone-worked.md,src/components/course/panels/heattransfer/gradedTolerance.js,"119 + Q/(91000 x 0.97); rounded to six decimals 165.442053 is 2.1e-7 off, within tol 1e-6."
heattransfer,beginner,amenam_lmtd_f,degF,125.76931159982445,1e-06,none,[],False,,hand-calc,full,1.0,6,0.0,,,False,,src/content/courses/heattransfer/beginner/m06-the-associate-reading/l03-the-capstone-worked.md,src/components/course/panels/heattransfer/gradedTolerance.js,Counter-current log mean of the two end differences; six-decimal rounding error 4.0e-7 <= 1e-6.
heattransfer,beginner,amenam_area_ft2,ft2,258.6898002492009,1e-06,none,[],False,,hand-calc,full,1.0,6,0.0,,,False,,src/content/courses/heattransfer/beginner/m06-the-associate-reading/l03-the-capstone-worked.md,src/components/course/panels/heattransfer/gradedTolerance.js,Q/(U x F x LMTD) with F = 1; six-decimal rounding error 2.5e-7.
heattransfer,beginner,amenam_area_per_tube_ft2,ft2,4.123340357836604,1e-06,none,[],False,,hand-calc,full,1.0,6,0.0,,,False,,src/content/courses/heattransfer/beginner/m06-the-associate-reading/l03-the-capstone-worked.md,src/components/course/panels/heattransfer/gradedTolerance.js,pi x (0.875/12) x 18 = 4.123340 (error 3.6e-7 <= 1e-6).
heattransfer,beginner,amenam_area_margin_pct,percent,2.011669052018527,5e-07,none,[],False,,hand-calc,full,1.0,6,0.0,,,False,,src/content/courses/heattransfer/beginner/m06-the-associate-reading/l03-the-capstone-worked.md,src/components/course/panels/heattransfer/gradedTolerance.js,"Tube count rounded up to a multiple of 2 passes, installed/required - 1; 2.011669 is 5.2e-8 off, tol 5e-7 = half a unit of six decimals."
heattransfer,intermediate,ubit_f_correction,fraction,0.8879617104201317,5e-07,display,"[""display_miss""]",False,,suite-app,"{""decimals"": 3}",1.0,6,3.828957986828918e-05,,,True,"{""display"": ""src/components/heatexchanger/SizingPanels.jsx:166 -> fmt(thermal.f, 6) (and P, R at :160-161 to 6)""}",src/components/heatexchanger/SizingPanels.jsx:164-166,src/components/heatexchanger/SizingPanels.jsx:166,"The course says F comes from 'a closed form in P, R and the shell pass count' (intermediate/m01/l02) but never writes it, and the panel takes no inputs. The Suite studio prints `fmt(thermal.f, 3)` = 0.888, 3.8e-5 from 0.887962 with tol 5e-7."
heattransfer,intermediate,ubit_p1_two_shells,fraction,0.23359328643184238,5e-07,display,[],False,,unobtainable,,1.0,6,,,,True,"{""display"": ""src/components/heatexchanger/SizingPanels.jsx:160 -> add a Stat 'Equivalent single-shell P' = fmt(thermal.p1, 6) (expose p1 on the thermal result), or state the conversion formula in intermediate/m02-shells-in-series/l01-the-equivalent-single-shell-p.md""}",packages/engines/engines/facilities/heatTransfer.js:417-424,,"The equivalent single-shell P is not printed by the Suite studio (SizingPanels.jsx shows whole-unit P only, at 3 decimals) and the conversion formula (p1 = (s-1)/(s-r) from heatTransfer.js:421-424) is not written in intermediate/m02/l01, which only tabulates its outputs; the panel has no numeric inputs."
heattransfer,intermediate,ubit_u_clean,Btu/hr.ft2.F,197.05374899995743,1e-06,none,[],False,,hand-calc,full,1.0,6,0.0,,,False,,src/content/courses/heattransfer/intermediate/m06-the-professional-reading/l02-the-capstone-worked.md,src/components/course/panels/heattransfer/gradedTolerance.js,"1/(1/ho + wall + (Do/Di)/hi) referred to the outside surface, with the wall term Do ln(Do/Di)/(2k) described in intermediate/m03/l03; six-decimal rounding error 4e-11."
heattransfer,intermediate,ubit_u_dirty,Btu/hr.ft2.F,104.43380596479474,1e-06,none,[],False,,hand-calc,full,1.0,6,0.0,,,False,,src/content/courses/heattransfer/intermediate/m06-the-professional-reading/l02-the-capstone-worked.md,src/components/course/panels/heattransfer/gradedTolerance.js,Same stack plus Rfo and Rfi x Do/Di; six-decimal error 3.5e-8.
heattransfer,intermediate,ubit_fouling_penalty_pct,percent,47.002375496638074,1e-06,none,[],False,,hand-calc,full,1.0,6,0.0,,,False,,src/content/courses/heattransfer/intermediate/m06-the-professional-reading/l02-the-capstone-worked.md,src/components/course/panels/heattransfer/gradedTolerance.js,"(1 - Udirty/Uclean) x 100; six-decimal error 5.0e-7 (47.0023755 rounds to 47.002375 or ...376, both within tol 1e-6)."
heattransfer,intermediate,ubit_controlling_margin_pct,percent,20.48182441700959,1e-06,none,[],False,,hand-calc,full,1.0,6,0.0,,,False,,src/content/courses/heattransfer/intermediate/m06-the-professional-reading/l02-the-capstone-worked.md,src/components/course/panels/heattransfer/gradedTolerance.js,(largest resistance / runner up - 1) x 100; six-decimal error 4.2e-7 <= 1e-6.
heattransfer,advanced,okwori_design_lmtd_f,degF,109.91384293081067,1e-06,none,[],False,,hand-calc,full,1.0,6,0.0,,,False,,src/content/courses/heattransfer/advanced/m06-the-expert-reading/l02-the-capstone-worked.md,src/components/course/panels/heattransfer/gradedTolerance.js,LMTD of 268->172 against 93->120; six-decimal error 6.9e-8.
heattransfer,advanced,okwori_design_effectiveness,fraction,0.5485714285714286,5e-07,none,[],False,,hand-calc,full,1.0,6,0.0,,,False,,src/content/courses/heattransfer/advanced/m06-the-expert-reading/l02-the-capstone-worked.md,src/components/course/panels/heattransfer/gradedTolerance.js,"96/175 = 0.548571428...; rounds to 0.548571, error 4.3e-7 <= tol 5e-7 (half a unit)."
heattransfer,advanced,okwori_capacity_ratio,fraction,0.28125,5e-07,none,[],False,,hand-calc,full,1.0,6,0.0,,,False,,src/content/courses/heattransfer/advanced/m06-the-expert-reading/l02-the-capstone-worked.md,src/components/course/panels/heattransfer/gradedTolerance.js,27/96 = 0.28125 exactly.
heattransfer,advanced,okwori_ua_btu_hr_f,Btu/hr.F,240188.12640932275,0.01,none,[],False,,hand-calc,full,1.0,4,0.0,,,False,,src/content/courses/heattransfer/advanced/m06-the-expert-reading/l02-the-capstone-worked.md,src/components/course/panels/heattransfer/gradedTolerance.js,26400000 / LMTD; four-decimal rounding error 9.3e-6 <= 0.01.
heattransfer,advanced,okwori_hotday_ntu,fraction,0.8734113687611736,5e-07,none,[],False,,hand-calc,full,1.0,6,0.0,,,False,,src/content/courses/heattransfer/advanced/m06-the-expert-reading/l02-the-capstone-worked.md,src/components/course/panels/heattransfer/gradedTolerance.js,"UA / Cmin (process side, Cmin = Q/96); six-decimal error 3.7e-7 <= 5e-7."
heattransfer,advanced,okwori_hotday_process_out_f,degF,182.97142857142856,1e-06,none,[],False,,hand-calc,full,1.0,6,0.0,,,False,,src/content/courses/heattransfer/advanced/m06-the-expert-reading/l02-the-capstone-worked.md,src/components/course/panels/heattransfer/gradedTolerance.js,268 - 0.548571 x (268-113) = 182.971429; error 4.3e-7 <= 1e-6.
hydraulics,beginner,pl_n,-,0.6560455987826389,5e-07,none,[],False,,hand-calc,full,1.0,,0.0,,,False,,src/content/courses/hydraulics/beginner/m02-mud-rheology/l02-the-power-law.md:19,src/content/courses/hydraulics/beginner/m02-mud-rheology/l02-the-power-law.md:19,"n = log2(theta600/theta300) is printed in l02:19; log2(52/33) = 0.656046 at calculator precision, tol 5e-7 is fine for a full-precision hand calc."
hydraulics,beginner,hb_tau_y_Pa,Pa,2.04161424376,0.0005,none,[],False,"{""wave"": ""w4a"", ""route"": ""typed-case panel mode (W4a)"", ""migration"": ""20261027a_w4_hydraulics.sql""}",nextgen-panel,"{""decimals"": 6}",1.0,,2.437599997406892e-07,,,False,,"src/components/course/panels/hydraulics/RheologyExplorer.jsx Your mud boxes, Three models view; rule taught in src/content/courses/hydraulics/beginner/m02-mud-rheology/l04-herschel-bulkley.md","src/components/course/panels/hydraulics/RheologyExplorer.jsx Tile 'Herschel-Bulkley tau_y' fmt(v, 6)","Typing 52, 33, 6, 5 and 1320 into the Your mud boxes, the model view, prints this value at 6 dp, within its tol of the key (panelCapstoneGuard.test.js 'THE ROUTE'). The explorers open with the boxes blank (each case's own mud); the guard pins two pre-existing coincidences of the light mud, reported to the lead."
hydraulics,beginner,pipe_dp_Pa,Pa,8990804.931422047,50.0,none,[],False,"{""wave"": ""w4a"", ""route"": ""typed-case panel mode (W4a)"", ""migration"": ""20261027a_w4_hydraulics.sql""}",nextgen-panel,"{""decimals"": 6}",1e-06,,0.06857795268297195,,,False,,"src/components/course/panels/hydraulics/RheologyExplorer.jsx Your mud boxes, The pressure chain view, case slant_kcl_polymer, flow 0.030","src/components/course/panels/hydraulics/RheologyExplorer.jsx Tile 'Inside the pipe' MPa(v) = fmt(v/1e6, 6)","Typing 52, 33, 6, 5 and 1320 into the Your mud boxes, the pressure chain view on the slant case at 0.030 m3/s, prints this value at 6 dp in MPa, within its tol of the key (panelCapstoneGuard.test.js 'THE ROUTE'). The explorers open with the boxes blank (each case's own mud); the guard pins two pre-existing coincidences of the light mud, reported to the lead."
hydraulics,beginner,annulus_dp_Pa,Pa,1531961.9814624505,50.0,none,[],False,"{""wave"": ""w4a"", ""route"": ""typed-case panel mode (W4a)"", ""migration"": ""20261027a_w4_hydraulics.sql""}",nextgen-panel,"{""decimals"": 6}",1e-06,,0.01853754953481257,,,False,,"src/components/course/panels/hydraulics/RheologyExplorer.jsx Your mud boxes, The pressure chain view, case slant_kcl_polymer, flow 0.030","src/components/course/panels/hydraulics/RheologyExplorer.jsx Tile 'Up the annulus' MPa(v) = fmt(v/1e6, 6)","Typing 52, 33, 6, 5 and 1320 into the Your mud boxes, the pressure chain view on the slant case at 0.030 m3/s, prints this value at 6 dp in MPa, within its tol of the key (panelCapstoneGuard.test.js 'THE ROUTE'). The explorers open with the boxes blank (each case's own mud); the guard pins two pre-existing coincidences of the light mud, reported to the lead."
hydraulics,beginner,bit_dp_Pa,Pa,3086064.831211029,50.0,none,[],False,,hand-calc,full,1.0,,0.0,,,False,,src/content/courses/hydraulics/beginner/m04-the-bit/l02-the-only-square-law-in-the-system.md:9,src/content/courses/hydraulics/beginner/m04-the-bit/l02-the-only-square-law-in-the-system.md:9,"dp = rho Q^2 / (2 Cd^2 A^2) is taught at l02:9; 1320 x 0.03^2 / (2 x 0.95^2 x 0.000461814^2) = 3.08606e6 Pa from prompt inputs alone, full precision."
hydraulics,beginner,pump_pressure_Pa,Pa,13608831.744095527,50.0,none,[],False,"{""wave"": ""w4a"", ""route"": ""typed-case panel mode (W4a)"", ""migration"": ""20261027a_w4_hydraulics.sql""}",nextgen-panel,"{""decimals"": 6}",1e-06,,0.2559044733643532,,,False,,"src/components/course/panels/hydraulics/RheologyExplorer.jsx Your mud boxes, The pressure chain view, case slant_kcl_polymer, flow 0.030","src/components/course/panels/hydraulics/RheologyExplorer.jsx Tile 'Pump pressure' MPa(v) = fmt(v/1e6, 6)","Typing 52, 33, 6, 5 and 1320 into the Your mud boxes, the pressure chain view on the slant case at 0.030 m3/s, prints this value at 6 dp in MPa, within its tol of the key (panelCapstoneGuard.test.js 'THE ROUTE'). The explorers open with the boxes blank (each case's own mud); the guard pins two pre-existing coincidences of the light mud, reported to the lead."
hydraulics,intermediate,slant_ecd_at_td_kgm3,kg/m3,1382.2893336895256,0.005,none,[],False,"{""wave"": ""w4a"", ""route"": ""typed-case panel mode (W4a)"", ""migration"": ""20261027a_w4_hydraulics.sql""}",nextgen-panel,"{""decimals"": 5}",1.0,,3.689525556183071e-06,,,False,,"src/components/course/panels/hydraulics/CleaningExplorer.jsx Your mud boxes, ECD against depth view, case slant_kcl_polymer, flow 0.030","src/components/course/panels/hydraulics/CleaningExplorer.jsx Tile 'ECD at total depth' fmt(v, 5)","Typing 52, 33, 6, 5 and 1320 into the Your mud boxes, the ECD view on the slant case at 0.030 m3/s, prints this value at 5 dp, within its tol of the key (panelCapstoneGuard.test.js 'THE ROUTE'). The explorers open with the boxes blank (each case's own mud); the guard pins two pre-existing coincidences of the light mud, reported to the lead."
hydraulics,intermediate,slant_min_annular_velocity_ms,m/s,1.1756560409748478,5e-05,none,[],False,,nextgen-panel,"{""decimals"": 6}",1.0,,4.097484773701865e-08,,,False,,src/components/course/panels/hydraulics/CleaningExplorer.jsx:118,src/components/course/panels/hydraulics/CleaningExplorer.jsx:118,"Mud-independent, as the prompt says; setting CleaningExplorer's flow rate NumField (:94) to 0.030 on any slant case prints ""Worst annular velocity"" fmt(...,6) = 1.175656, within tol 5e-5. Also hand-calc v = Q/A (intermediate/m02/l01:9) from the diameters the lesson gives."
hydraulics,intermediate,horizontal_ecd_at_td_kgm3,kg/m3,1441.9531576465401,0.005,none,[],False,"{""wave"": ""w4a"", ""route"": ""typed-case panel mode (W4a)"", ""migration"": ""20261027a_w4_hydraulics.sql""}",nextgen-panel,"{""decimals"": 5}",1.0,,2.3534598767582793e-06,,,False,,"src/components/course/panels/hydraulics/CleaningExplorer.jsx Your mud boxes, ECD against depth view, case horizontal_kcl_polymer, flow 0.030","src/components/course/panels/hydraulics/CleaningExplorer.jsx Tile 'ECD at total depth' fmt(v, 5)","Typing 52, 33, 6, 5 and 1320 into the Your mud boxes, the ECD view on the horizontal case at 0.030 m3/s, prints this value at 5 dp, within its tol of the key (panelCapstoneGuard.test.js 'THE ROUTE'). The explorers open with the boxes blank (each case's own mud); the guard pins two pre-existing coincidences of the light mud, reported to the lead."
hydraulics,intermediate,horizontal_min_transport_ratio,-,0.8328468755463043,5e-05,none,[],False,"{""wave"": ""w4a"", ""route"": ""typed-case panel mode (W4a)"", ""migration"": ""20261027a_w4_hydraulics.sql""}",nextgen-panel,"{""decimals"": 8}",1.0,,4.453695634509813e-09,,,False,,"src/components/course/panels/hydraulics/CleaningExplorer.jsx Your mud boxes, Transport along the annulus view, case horizontal_kcl_polymer, flow 0.030","src/components/course/panels/hydraulics/CleaningExplorer.jsx Tile 'Worst transport ratio' fmt(v, 8)","Typing 52, 33, 6, 5 and 1320 into the Your mud boxes, the transport view on the horizontal case at 0.030 m3/s, prints this value at 8 dp, within its tol of the key (panelCapstoneGuard.test.js 'THE ROUTE'). The explorers open with the boxes blank (each case's own mud); the guard pins two pre-existing coincidences of the light mud, reported to the lead."
hydraulics,intermediate,horizontal_worst_cuttings_conc_pct,percent,0.7326199737252664,5e-05,none,[],False,"{""wave"": ""w4a"", ""route"": ""typed-case panel mode (W4a)"", ""migration"": ""20261027a_w4_hydraulics.sql""}",nextgen-panel,"{""decimals"": 6}",1.0,,2.627473361105359e-08,,,False,,"src/components/course/panels/hydraulics/CleaningExplorer.jsx Your mud boxes, Transport along the annulus view, case horizontal_kcl_polymer, flow 0.030","src/components/course/panels/hydraulics/CleaningExplorer.jsx Tile 'Worst cuttings concentration' fmt(v, 6)","Typing 52, 33, 6, 5 and 1320 into the Your mud boxes, the transport view on the horizontal case at 0.030 m3/s, prints this value at 6 dp, within its tol of the key (panelCapstoneGuard.test.js 'THE ROUTE'). The explorers open with the boxes blank (each case's own mud); the guard pins two pre-existing coincidences of the light mud, reported to the lead."
hydraulics,intermediate,horizontal_min_flow_tr080_m3s,m3/s,0.024178302356402937,5e-06,none,[],False,"{""wave"": ""w4a"", ""route"": ""typed-case panel mode (W4a)"", ""migration"": ""20261027a_w4_hydraulics.sql""}",nextgen-panel,"{""decimals"": 8}",1.0,,2.356402937359059e-09,,,False,,"src/components/course/panels/hydraulics/CleaningExplorer.jsx Your mud boxes, The flow rate you need view, case horizontal_kcl_polymer, target 0.80","src/components/course/panels/hydraulics/CleaningExplorer.jsx Tile 'Flow rate required' fmt(v, 8)","Typing 52, 33, 6, 5 and 1320 into the Your mud boxes, the flow rate view on the horizontal case with a target of 0.80, prints this value at 8 dp, within its tol of the key (panelCapstoneGuard.test.js 'THE ROUTE'). The explorers open with the boxes blank (each case's own mud); the guard pins two pre-existing coincidences of the light mud, reported to the lead."
hydraulics,advanced,slant_surge_dp_closed_Pa,Pa,1147176.908236135,50.0,none,[],False,"{""wave"": ""w4a"", ""route"": ""typed-case panel mode (W4a)"", ""migration"": ""20261027a_w4_hydraulics.sql""}",nextgen-panel,"{""decimals"": 6}",1e-06,,0.09176386496983469,,,False,,"src/components/course/panels/hydraulics/SurgeExplorer.jsx Your mud boxes, Closed string and open view, case slant_kcl_polymer, trip speed 0.75","src/components/course/panels/hydraulics/SurgeExplorer.jsx Tile 'Closed string pressure' fmt(v/1e6, 6)","Typing 52, 33, 6, 5 and 1320 into the Your mud boxes, the closed and open view on the slant case at 0.75 m/s, prints this value at 6 dp in MPa, within its tol of the key (panelCapstoneGuard.test.js 'THE ROUTE'). The explorers open with the boxes blank (each case's own mud); the guard pins two pre-existing coincidences of the light mud, reported to the lead."
hydraulics,advanced,slant_surge_emw_closed_kgm3,kg/m3,1366.6440330130283,0.005,none,[],False,"{""wave"": ""w4a"", ""route"": ""typed-case panel mode (W4a)"", ""migration"": ""20261027a_w4_hydraulics.sql""}",nextgen-panel,"{""decimals"": 4}",1.0,,3.301302831459907e-05,,,False,,"src/components/course/panels/hydraulics/SurgeExplorer.jsx Your mud boxes, Closed string and open view, case slant_kcl_polymer, trip speed 0.75","src/components/course/panels/hydraulics/SurgeExplorer.jsx Tile 'Closed surge EMW' fmt(v, 4)","Typing 52, 33, 6, 5 and 1320 into the Your mud boxes, the closed and open view on the slant case at 0.75 m/s, prints this value at 4 dp, within its tol of the key (panelCapstoneGuard.test.js 'THE ROUTE'). The explorers open with the boxes blank (each case's own mud); the guard pins two pre-existing coincidences of the light mud, reported to the lead."
hydraulics,advanced,slant_swab_emw_open_kgm3,kg/m3,1281.0694196662196,0.005,none,[],False,"{""wave"": ""w4a"", ""route"": ""typed-case panel mode (W4a)"", ""migration"": ""20261027a_w4_hydraulics.sql""}",nextgen-panel,"{""decimals"": 4}",1.0,,1.9666219486680347e-05,,,False,,"src/components/course/panels/hydraulics/SurgeExplorer.jsx Your mud boxes, Closed string and open view, case slant_kcl_polymer, trip speed 0.75","src/components/course/panels/hydraulics/SurgeExplorer.jsx Tile 'Open swab EMW' fmt(v, 4)","Typing 52, 33, 6, 5 and 1320 into the Your mud boxes, the closed and open view on the slant case at 0.75 m/s, prints this value at 4 dp, within its tol of the key (panelCapstoneGuard.test.js 'THE ROUTE'). The explorers open with the boxes blank (each case's own mud); the guard pins two pre-existing coincidences of the light mud, reported to the lead."
hydraulics,advanced,closed_over_open_dp_ratio,-,1.1981335138884341,5e-05,none,[],False,"{""wave"": ""w4a"", ""route"": ""typed-case panel mode (W4a)"", ""migration"": ""20261027a_w4_hydraulics.sql""}",nextgen-panel,"{""decimals"": 8}",1.0,,3.888434241261507e-09,,,False,,"src/components/course/panels/hydraulics/SurgeExplorer.jsx Your mud boxes, Closed string and open view, case slant_kcl_polymer, trip speed 0.75","src/components/course/panels/hydraulics/SurgeExplorer.jsx Tile 'Closed over open' fmt(v, 8)","Typing 52, 33, 6, 5 and 1320 into the Your mud boxes, the closed and open view on the slant case at 0.75 m/s, prints this value at 8 dp, within its tol of the key (panelCapstoneGuard.test.js 'THE ROUTE'). The explorers open with the boxes blank (each case's own mud); the guard pins two pre-existing coincidences of the light mud, reported to the lead."
hydraulics,advanced,horizontal_surge_emw_closed_kgm3,kg/m3,1411.1350006312582,0.005,none,[],False,"{""wave"": ""w4a"", ""route"": ""typed-case panel mode (W4a)"", ""migration"": ""20261027a_w4_hydraulics.sql""}",nextgen-panel,"{""decimals"": 4}",1.0,,6.312582172540715e-07,,,False,,"src/components/course/panels/hydraulics/SurgeExplorer.jsx Your mud boxes, Closed string and open view, case horizontal_kcl_polymer, trip speed 0.75","src/components/course/panels/hydraulics/SurgeExplorer.jsx Tile 'Closed surge EMW' fmt(v, 4)","Typing 52, 33, 6, 5 and 1320 into the Your mud boxes, the closed and open view on the horizontal case at 0.75 m/s, prints this value at 4 dp, within its tol of the key (panelCapstoneGuard.test.js 'THE ROUTE'). The explorers open with the boxes blank (each case's own mud); the guard pins two pre-existing coincidences of the light mud, reported to the lead."
hydraulics,advanced,slant_max_trip_speed_ms,m/s,1.0880403500952598,5e-05,none,[],False,"{""wave"": ""w4a"", ""route"": ""typed-case panel mode (W4a)"", ""migration"": ""20261027a_w4_hydraulics.sql""}",nextgen-panel,"{""decimals"": 6}",1.0,,3.500952598933793e-07,,,False,,"src/components/course/panels/hydraulics/SurgeExplorer.jsx Your mud boxes, The window and the speed limit view, case slant_kcl_polymer, fracture 1400, pore 1260","src/components/course/panels/hydraulics/SurgeExplorer.jsx Tile 'Speed limit, closed string' fmt(v, 6)","Typing 52, 33, 6, 5 and 1320 into the Your mud boxes, the window view on the slant case with 1400 and 1260, prints this value at 6 dp, within its tol of the key (panelCapstoneGuard.test.js 'THE ROUTE'). The explorers open with the boxes blank (each case's own mud); the guard pins two pre-existing coincidences of the light mud, reported to the lead."
hygiene,beginner,utorogu_osha_pel_dose_pct,percent,44.3602055155184,5e-07,none,[],False,,hand-calc,full,1.0,6,0.0,,,False,,/root/wt-b5-nextgen/src/content/courses/hygiene/beginner/m06-the-associate-capstone/l04-the-capstone-brief.md:26,,"Sum of C/T with T = 8/2^((L-90)/5), periods under 90 dropped; formula stated in the prompt. Panels (NoiseDosimeterExplorer, ProtectionChemicalsExplorer, HeatStressExplorer) show fixed teaching records only (select-only, no record inputs), so they cannot be set to the capstone case. Recomputed from the prompt's own formulas at full precision: equal to expected (difference below 1e-13). tol 5e-7 is half a unit of the six decimals the prompt asks for."
hygiene,beginner,utorogu_osha_pel_twa_dba,dBA,84.13656285746234,5e-07,none,[],False,,hand-calc,full,1.0,6,0.0,,,False,,/root/wt-b5-nextgen/src/content/courses/hygiene/beginner/m06-the-associate-capstone/l04-the-capstone-brief.md:26,,"16.61 log10(D/100) + 90, coefficient stated in the prompt. Recomputed from the prompt's own formulas at full precision: equal to expected (difference below 1e-13). tol 5e-7 is half a unit of the six decimals the prompt asks for."
hygiene,beginner,utorogu_action_level_dose_pct,percent,73.81407352757833,5e-07,none,[],False,,hand-calc,full,1.0,6,0.0,,,False,,/root/wt-b5-nextgen/src/content/courses/hygiene/beginner/m06-the-associate-capstone/l04-the-capstone-brief.md:26,,Same sum with threshold 80. Recomputed from the prompt's own formulas at full precision: equal to expected (difference below 1e-13). tol 5e-7 is half a unit of the six decimals the prompt asks for.
hygiene,beginner,utorogu_niosh_rel_dose_pct,percent,266.2009704602468,5e-07,none,[],False,,hand-calc,full,1.0,6,0.0,,,False,,/root/wt-b5-nextgen/src/content/courses/hygiene/beginner/m06-the-associate-capstone/l04-the-capstone-brief.md:26,,"Criterion 85, exchange 3, threshold 80. Recomputed from the prompt's own formulas at full precision: equal to expected (difference below 1e-13). tol 5e-7 is half a unit of the six decimals the prompt asks for."
hygiene,beginner,utorogu_niosh_rel_twa_dba,dBA,89.25209634402225,5e-07,none,[],False,,hand-calc,full,1.0,6,0.0,,,False,,/root/wt-b5-nextgen/src/content/courses/hygiene/beginner/m06-the-associate-capstone/l04-the-capstone-brief.md:26,,10.0 log10(D/100) + 85. Recomputed from the prompt's own formulas at full precision: equal to expected (difference below 1e-13). tol 5e-7 is half a unit of the six decimals the prompt asks for.
hygiene,beginner,utorogu_pel_minutes_left_min,minutes,111.51388851232277,5e-07,none,[],False,,hand-calc,full,1.0,6,0.0,,,False,,/root/wt-b5-nextgen/src/content/courses/hygiene/beginner/m06-the-associate-capstone/l04-the-capstone-brief.md:26,,"(1 - D/100) x 8/2^(6.3/5) x 60, as the prompt defines it. Recomputed from the prompt's own formulas at full precision: equal to expected (difference below 1e-13). tol 5e-7 is half a unit of the six decimals the prompt asks for."
hygiene,intermediate,amukpe_lex_8h_dba,dBA,88.8596336786288,5e-07,none,[],False,,hand-calc,full,1.0,6,0.0,,,False,,/root/wt-b5-nextgen/src/content/courses/hygiene/intermediate/m06-the-professional-capstone/l04-the-capstone-brief.md:28,,"10 log10(sum t 10^(L/10) / 8). Panels (NoiseDosimeterExplorer, ProtectionChemicalsExplorer, HeatStressExplorer) show fixed teaching records only (select-only, no record inputs), so they cannot be set to the capstone case. Recomputed from the prompt's own formulas at full precision: equal to expected (difference below 1e-13). tol 5e-7 is half a unit of the six decimals the prompt asks for."
hygiene,intermediate,amukpe_lex_weekly_dba,dBA,86.61553376952014,5e-07,none,[],False,,hand-calc,full,1.0,6,0.0,,,False,,/root/wt-b5-nextgen/src/content/courses/hygiene/intermediate/m06-the-professional-capstone/l04-the-capstone-brief.md:28,,10 log10(sum 10^(L/10) / 5). Recomputed from the prompt's own formulas at full precision: equal to expected (difference below 1e-13). tol 5e-7 is half a unit of the six decimals the prompt asks for.
hygiene,intermediate,amukpe_field_derated_exposure_dba,dBA,92.07265437345556,5e-07,none,[],False,,hand-calc,full,1.0,6,0.0,,,False,,/root/wt-b5-nextgen/src/content/courses/hygiene/intermediate/m06-the-professional-capstone/l04-the-capstone-brief.md:28,,16.61 log10(6.124) + 90 - (29 - 7)/2. Recomputed from the prompt's own formulas at full precision: equal to expected (difference below 1e-13). tol 5e-7 is half a unit of the six decimals the prompt asks for.
hygiene,intermediate,amukpe_benzene_twa8h_ppm,ppm,0.564875,5e-07,none,[],False,,hand-calc,full,1.0,6,0.0,,,False,,/root/wt-b5-nextgen/src/content/courses/hygiene/intermediate/m06-the-professional-capstone/l04-the-capstone-brief.md:28,,sum c t / 8 = 0.564875 exactly. Recomputed from the prompt's own formulas at full precision: equal to expected (difference below 1e-13). tol 5e-7 is half a unit of the six decimals the prompt asks for.
hygiene,intermediate,amukpe_toluene_stel_ppm,ppm,139.06666666666666,5e-07,none,[],False,,hand-calc,full,1.0,6,0.0,,,False,,/root/wt-b5-nextgen/src/content/courses/hygiene/intermediate/m06-the-professional-capstone/l04-the-capstone-brief.md:28,,sum c t / 15. Recomputed from the prompt's own formulas at full precision: equal to expected (difference below 1e-13). tol 5e-7 is half a unit of the six decimals the prompt asks for.
hygiene,intermediate,amukpe_mixture_index,index,0.9146666666666667,5e-07,none,[],False,,hand-calc,full,1.0,6,0.0,,,False,,/root/wt-b5-nextgen/src/content/courses/hygiene/intermediate/m06-the-professional-capstone/l04-the-capstone-brief.md:28,,sum C/L with the typed limits. Recomputed from the prompt's own formulas at full precision: equal to expected (difference below 1e-13). tol 5e-7 is half a unit of the six decimals the prompt asks for.
hygiene,advanced,osioka_wbgt_twa_c,degrees C,29.543333333333333,5e-07,none,[],False,,hand-calc,full,1.0,6,0.0,,,False,,/root/wt-b5-nextgen/src/content/courses/hygiene/advanced/m06-from-exposures-to-a-sampling-decision/l04-the-capstone-brief.md,,"Time weighted mean of three stated readouts over 60 min. Panels (NoiseDosimeterExplorer, ProtectionChemicalsExplorer, HeatStressExplorer) show fixed teaching records only (select-only, no record inputs), so they cannot be set to the capstone case. Recomputed from the prompt's own formulas at full precision: equal to expected (difference below 1e-13). tol 5e-7 is half a unit of the six decimals the prompt asks for."
hygiene,advanced,osioka_metabolic_twa_w,watts,311.43333333333334,5e-07,none,[],False,,hand-calc,full,1.0,6,0.0,,,False,,/root/wt-b5-nextgen/src/content/courses/hygiene/advanced/m06-from-exposures-to-a-sampling-decision/l04-the-capstone-brief.md,,Time weighted mean of the three stated rates. Recomputed from the prompt's own formulas at full precision: equal to expected (difference below 1e-13). tol 5e-7 is half a unit of the six decimals the prompt asks for.
hygiene,advanced,osioka_extended_action_level_dba,dBA,82.54057305810645,5e-07,none,[],False,,hand-calc,full,1.0,6,0.0,,,False,,/root/wt-b5-nextgen/src/content/courses/hygiene/advanced/m06-from-exposures-to-a-sampling-decision/l04-the-capstone-brief.md,,"16.61 log10(50/(12.5 x 11.25)) + 90, formula stated in the prompt. Recomputed from the prompt's own formulas at full precision: equal to expected (difference below 1e-13). tol 5e-7 is half a unit of the six decimals the prompt asks for."
hygiene,advanced,osioka_extended_action_dose_pct,percent,68.99765774496588,5e-07,none,[],False,,hand-calc,full,1.0,6,0.0,,,False,,/root/wt-b5-nextgen/src/content/courses/hygiene/advanced/m06-from-exposures-to-a-sampling-decision/l04-the-capstone-brief.md,,"Action-level sum over the whole shift, no rescaling. Recomputed from the prompt's own formulas at full precision: equal to expected (difference below 1e-13). tol 5e-7 is half a unit of the six decimals the prompt asks for."
hygiene,advanced,osioka_adjusted_limit_ppm,ppm,56.666666666666664,5e-07,none,[],False,,hand-calc,full,1.0,6,0.0,,,False,,/root/wt-b5-nextgen/src/content/courses/hygiene/advanced/m06-from-exposures-to-a-sampling-decision/l04-the-capstone-brief.md,,"Brief and Scala daily 0.5667 vs weekly 0.8542, daily governs; 100 x 0.5667. Recomputed from the prompt's own formulas at full precision: equal to expected (difference below 1e-13). tol 5e-7 is half a unit of the six decimals the prompt asks for."
hygiene,advanced,osioka_adjusted_mixture_index,index,1.138235294117647,5e-07,none,[],False,,hand-calc,full,1.0,6,0.0,,,False,,/root/wt-b5-nextgen/src/content/courses/hygiene/advanced/m06-from-exposures-to-a-sampling-decision/l04-the-capstone-brief.md,,sum C/(L x 0.5667). Recomputed from the prompt's own formulas at full precision: equal to expected (difference below 1e-13). tol 5e-7 is half a unit of the six decimals the prompt asks for.
integrity,beginner,asfound_primary_count,,9.0,5e-07,none,[],False,"{""migration"": ""20261024a_w1_integrity.sql"", ""wave"": ""w1"", ""prompt"": ""Prompt only, no field moves. The beginner prompt said the two barrier tables were supplied with the capstone, but no page showed them (they existed only in the generator /root/dr-wip-integrity/dr11_fields.mjs), and it stated four of the six answers instead: 'nineteen physical elements', 'six serving""}",hand-calc,integer,1.0,0,0.0,,,False,"{""redesign"": ""Publish the two rosters the prompt says are 'supplied with this capstone' (as found: 19 rows, as secured: 17 rows, name / kind / envelope / status, from /root/dr-wip-integrity/dr11_fields.mjs:71-121) as tables in the prompt, and cut the summary 'six serving the primary envelope only, ten serving the secondary only, and THREE serving BOTH' plus the free check 'field 4 less field 3 must equal three'. Keys and expected values stay; each count becomes a count the learner makes on the table.""}","capstone prompt tables (as found and as secured rosters, published in W1)",,"Counted on the two tables the prompt now publishes (as found 19 rows, as secured 17 rows, each with its envelope): as found primary 9, secondary 13, distinct 19, seat total 22; as secured primary 11, distinct 17. The summary counts and the 'less three' free check are cut, so each count is made on the table. Reproduced by parsing the published prompt text."
integrity,beginner,asfound_secondary_count,,13.0,5e-07,none,[],False,"{""migration"": ""20261024a_w1_integrity.sql"", ""wave"": ""w1"", ""prompt"": ""Prompt only, no field moves. The beginner prompt said the two barrier tables were supplied with the capstone, but no page showed them (they existed only in the generator /root/dr-wip-integrity/dr11_fields.mjs), and it stated four of the six answers instead: 'nineteen physical elements', 'six serving""}",hand-calc,integer,1.0,0,0.0,,,False,"{""redesign"": ""Publish the two rosters the prompt says are 'supplied with this capstone' (as found: 19 rows, as secured: 17 rows, name / kind / envelope / status, from /root/dr-wip-integrity/dr11_fields.mjs:71-121) as tables in the prompt, and cut the summary 'six serving the primary envelope only, ten serving the secondary only, and THREE serving BOTH' plus the free check 'field 4 less field 3 must equal three'. Keys and expected values stay; each count becomes a count the learner makes on the table.""}","capstone prompt tables (as found and as secured rosters, published in W1)",,"Counted on the two tables the prompt now publishes (as found 19 rows, as secured 17 rows, each with its envelope): as found primary 9, secondary 13, distinct 19, seat total 22; as secured primary 11, distinct 17. The summary counts and the 'less three' free check are cut, so each count is made on the table. Reproduced by parsing the published prompt text."
integrity,beginner,asfound_distinct_element_count,,19.0,5e-07,none,[],False,"{""migration"": ""20261024a_w1_integrity.sql"", ""wave"": ""w1"", ""prompt"": ""Prompt only, no field moves. The beginner prompt said the two barrier tables were supplied with the capstone, but no page showed them (they existed only in the generator /root/dr-wip-integrity/dr11_fields.mjs), and it stated four of the six answers instead: 'nineteen physical elements', 'six serving""}",hand-calc,integer,1.0,,0.0,,,False,"{""redesign"": ""Publish the two rosters the prompt says are 'supplied with this capstone' (as found: 19 rows, as secured: 17 rows, name / kind / envelope / status, from /root/dr-wip-integrity/dr11_fields.mjs:71-121) as tables in the prompt, and cut the summary 'six serving the primary envelope only, ten serving the secondary only, and THREE serving BOTH' plus the free check 'field 4 less field 3 must equal three'. Keys and expected values stay; each count becomes a count the learner makes on the table.""}","capstone prompt tables (as found and as secured rosters, published in W1)",,"Counted on the two tables the prompt now publishes (as found 19 rows, as secured 17 rows, each with its envelope): as found primary 9, secondary 13, distinct 19, seat total 22; as secured primary 11, distinct 17. The summary counts and the 'less three' free check are cut, so each count is made on the table. Reproduced by parsing the published prompt text."
integrity,beginner,asfound_seat_total,,22.0,5e-07,none,[],False,"{""migration"": ""20261024a_w1_integrity.sql"", ""wave"": ""w1"", ""prompt"": ""Prompt only, no field moves. The beginner prompt said the two barrier tables were supplied with the capstone, but no page showed them (they existed only in the generator /root/dr-wip-integrity/dr11_fields.mjs), and it stated four of the six answers instead: 'nineteen physical elements', 'six serving""}",hand-calc,integer,1.0,,0.0,,,False,"{""redesign"": ""Publish the two rosters the prompt says are 'supplied with this capstone' (as found: 19 rows, as secured: 17 rows, name / kind / envelope / status, from /root/dr-wip-integrity/dr11_fields.mjs:71-121) as tables in the prompt, and cut the summary 'six serving the primary envelope only, ten serving the secondary only, and THREE serving BOTH' plus the free check 'field 4 less field 3 must equal three'. Keys and expected values stay; each count becomes a count the learner makes on the table.""}","capstone prompt tables (as found and as secured rosters, published in W1)",,"Counted on the two tables the prompt now publishes (as found 19 rows, as secured 17 rows, each with its envelope): as found primary 9, secondary 13, distinct 19, seat total 22; as secured primary 11, distinct 17. The summary counts and the 'less three' free check are cut, so each count is made on the table. Reproduced by parsing the published prompt text."
integrity,beginner,secured_primary_count,,11.0,5e-07,none,[],False,"{""migration"": ""20261024a_w1_integrity.sql"", ""wave"": ""w1"", ""prompt"": ""Prompt only, no field moves. The beginner prompt said the two barrier tables were supplied with the capstone, but no page showed them (they existed only in the generator /root/dr-wip-integrity/dr11_fields.mjs), and it stated four of the six answers instead: 'nineteen physical elements', 'six serving""}",hand-calc,,1.0,,,,,False,"{""redesign"": ""Publish the two rosters the prompt says are 'supplied with this capstone' (as found: 19 rows, as secured: 17 rows, name / kind / envelope / status, from /root/dr-wip-integrity/dr11_fields.mjs:71-121) as tables in the prompt, and cut the summary 'six serving the primary envelope only, ten serving the secondary only, and THREE serving BOTH' plus the free check 'field 4 less field 3 must equal three'. Keys and expected values stay; each count becomes a count the learner makes on the table.""}","capstone prompt tables (as found and as secured rosters, published in W1)",src/components/course/panels/integrity/EnvelopeExplorer.jsx:86-91,"Counted on the two tables the prompt now publishes (as found 19 rows, as secured 17 rows, each with its envelope): as found primary 9, secondary 13, distinct 19, seat total 22; as secured primary 11, distinct 17. The summary counts and the 'less three' free check are cut, so each count is made on the table. Reproduced by parsing the published prompt text."
integrity,beginner,secured_distinct_element_count,,17.0,5e-07,none,[],False,"{""migration"": ""20261024a_w1_integrity.sql"", ""wave"": ""w1"", ""prompt"": ""Prompt only, no field moves. The beginner prompt said the two barrier tables were supplied with the capstone, but no page showed them (they existed only in the generator /root/dr-wip-integrity/dr11_fields.mjs), and it stated four of the six answers instead: 'nineteen physical elements', 'six serving""}",hand-calc,,1.0,,,,,False,"{""redesign"": ""Publish the two rosters the prompt says are 'supplied with this capstone' (as found: 19 rows, as secured: 17 rows, name / kind / envelope / status, from /root/dr-wip-integrity/dr11_fields.mjs:71-121) as tables in the prompt, and cut the summary 'six serving the primary envelope only, ten serving the secondary only, and THREE serving BOTH' plus the free check 'field 4 less field 3 must equal three'. Keys and expected values stay; each count becomes a count the learner makes on the table.""}","capstone prompt tables (as found and as secured rosters, published in W1)",src/components/course/panels/integrity/EnvelopeExplorer.jsx:86-91,"Counted on the two tables the prompt now publishes (as found 19 rows, as secured 17 rows, each with its envelope): as found primary 9, secondary 13, distinct 19, seat total 22; as secured primary 11, distinct 17. The summary counts and the 'less three' free check are cut, so each count is made on the table. Reproduced by parsing the published prompt text."
integrity,intermediate,mawop_a_tubing_row_pa,Pa,16226227.041788332,10.0,redesign,[],False,,unobtainable,,1e-06,,,,,True,"{""redesign"": ""Publish the Kestrel A-7 annulus inputs in the prompt (per row: limit in Pa or psi, role or factor, TVD, backup density; A fluid 1250, B fluid 1150, displacement brine 1650 and gas 150 kg/m3; from /root/dr-wip-integrity/dr11_fields.mjs:127-142, 209-257) with each TVD stated, so every row is the taught closed form factor x limit - (rho_ann - rho_backup) x 9.80665 x TVD (src/content/courses/integrity/intermediate/m02-maasp/l03-the-hydrostatic-term.md:9) worked at full precision.""}",/root/dr-wip-integrity/dr11_fields.mjs:209-257,"src/components/course/panels/integrity/AnnulusExplorer.jsx:19 (mpa = fmt(pa/1e6, 4)); src/components/course/panels/integrity/AnnulusExplorer.jsx:76, :199","Expected 16226227.04 Pa comes from 4040 psi x 0.75 at the packer TVD with 1250 over 1000 kg/m3 (/root/dr-wip-integrity/dr11_fields.mjs:220-221); none of limit, TVD or densities is in the prompt ('Each bounding element carries its own pressure limit...' with no values). AnnulusExplorer's only inputs are annulus and backup density on the golden's fixed elements (AnnulusExplorer.jsx:65, :166, :408)."
integrity,intermediate,mawop_a_shoe_row_pa,Pa,16497910.032817762,10.0,redesign,[],False,,unobtainable,,1e-06,,,,,True,"{""redesign"": ""Publish the Kestrel A-7 annulus inputs in the prompt (per row: limit in Pa or psi, role or factor, TVD, backup density; A fluid 1250, B fluid 1150, displacement brine 1650 and gas 150 kg/m3; from /root/dr-wip-integrity/dr11_fields.mjs:127-142, 209-257) with each TVD stated, so every row is the taught closed form factor x limit - (rho_ann - rho_backup) x 9.80665 x TVD (src/content/courses/integrity/intermediate/m02-maasp/l03-the-hydrostatic-term.md:9) worked at full precision.""}",/root/dr-wip-integrity/dr11_fields.mjs:209-257,"src/components/course/panels/integrity/AnnulusExplorer.jsx:19 (mpa = fmt(pa/1e6, 4)); src/components/course/panels/integrity/AnnulusExplorer.jsx:76, :199","Shoe row = 1100 kg/m3 LOT x g x TVD(2265 m MD) less the head over 1015 kg/m3 backup (/root/dr-wip-integrity/dr11_fields.mjs:222-224). The LOT density, the shoe depth and the survey are not published to the learner."
integrity,intermediate,mawop_a_pa,Pa,13513225.370183308,10.0,redesign,[],False,,unobtainable,,1e-06,,,,,True,"{""redesign"": ""Publish the Kestrel A-7 annulus inputs in the prompt (per row: limit in Pa or psi, role or factor, TVD, backup density; A fluid 1250, B fluid 1150, displacement brine 1650 and gas 150 kg/m3; from /root/dr-wip-integrity/dr11_fields.mjs:127-142, 209-257) with each TVD stated, so every row is the taught closed form factor x limit - (rho_ann - rho_backup) x 9.80665 x TVD (src/content/courses/integrity/intermediate/m02-maasp/l03-the-hydrostatic-term.md:9) worked at full precision.""}",/root/dr-wip-integrity/dr11_fields.mjs:209-257,"src/components/course/panels/integrity/AnnulusExplorer.jsx:19 (mpa = fmt(pa/1e6, 4)); src/components/course/panels/integrity/AnnulusExplorer.jsx:76, :199",Minimum over four A-annulus rows incl. the 5220 psi outer-casing burst at factor 0.5 and a 5000 psi wellhead rating (/root/dr-wip-integrity/dr11_fields.mjs:215-228); no row input is published. The panel's MAWOP tile (AnnulusExplorer.jsx:199) shows only the golden's 11.9057 MPa.
integrity,intermediate,mawop_a_governing_tvd_m,m,1944.8770336087282,0.0005,redesign,[],False,,unobtainable,,1e-06,,,,,True,"{""redesign"": ""Replace with mawop_a_margin_to_runner_up_pa, 'A annulus, margin of the governing row over the next smallest' (Pa), which the generator already computes (/root/dr-wip-integrity/dr11_fields.mjs:350) and which requires every row to be worked, once the row inputs are published as for the other fields.""}",/root/dr-wip-integrity/dr11_fields.mjs:209-257,"src/components/course/panels/integrity/AnnulusExplorer.jsx:19 (mpa = fmt(pa/1e6, 4)); src/components/course/panels/integrity/AnnulusExplorer.jsx:76, :199","Expected 1944.877 m is the minimum-curvature TVD of 2265 m MD on the D1 survey (/root/dr-wip-integrity/dr11_fields.mjs:34-50, 209). Neither the shoe MD nor the survey stations are in the prompt, and a learner cannot interpolate minimum curvature by hand from nothing."
integrity,intermediate,maasp_b_pa,Pa,15378302.866843894,10.0,redesign,[],False,,unobtainable,,1e-06,,,,,True,"{""redesign"": ""Publish the Kestrel A-7 annulus inputs in the prompt (per row: limit in Pa or psi, role or factor, TVD, backup density; A fluid 1250, B fluid 1150, displacement brine 1650 and gas 150 kg/m3; from /root/dr-wip-integrity/dr11_fields.mjs:127-142, 209-257) with each TVD stated, so every row is the taught closed form factor x limit - (rho_ann - rho_backup) x 9.80665 x TVD (src/content/courses/integrity/intermediate/m02-maasp/l03-the-hydrostatic-term.md:9) worked at full precision.""}",/root/dr-wip-integrity/dr11_fields.mjs:209-257,"src/components/course/panels/integrity/AnnulusExplorer.jsx:19 (mpa = fmt(pa/1e6, 4)); src/components/course/panels/integrity/AnnulusExplorer.jsx:76, :199","B annulus MAASP over three rows with explicit design factor 0.72 and wear factor 0.62, 3450 and 5220 psi, 1550 kg/m3 LOT at 1450 m MD (/root/dr-wip-integrity/dr11_fields.mjs:234-245). None of it is in the prompt; the lessons teach only the RP 90 role table and the golden's fixtures."
integrity,intermediate,maasp_gasfilled_tubing_row_pa,Pa,-7098210.7407652065,10.0,redesign,[],False,,unobtainable,,1e-06,,,,,True,"{""redesign"": ""Publish the Kestrel A-7 annulus inputs in the prompt (per row: limit in Pa or psi, role or factor, TVD, backup density; A fluid 1250, B fluid 1150, displacement brine 1650 and gas 150 kg/m3; from /root/dr-wip-integrity/dr11_fields.mjs:127-142, 209-257) with each TVD stated, so every row is the taught closed form factor x limit - (rho_ann - rho_backup) x 9.80665 x TVD (src/content/courses/integrity/intermediate/m02-maasp/l03-the-hydrostatic-term.md:9) worked at full precision.""}",/root/dr-wip-integrity/dr11_fields.mjs:209-257,"src/components/course/panels/integrity/AnnulusExplorer.jsx:19 (mpa = fmt(pa/1e6, 4)); src/components/course/panels/integrity/AnnulusExplorer.jsx:76, :199","-7098210.74 Pa = 0.75 x 4040 psi - (1650 - 150) x g x TVD(packer) (/root/dr-wip-integrity/dr11_fields.mjs:250-257). The brine and gas densities and the packer TVD are not in the prompt, which says only 'heavy brine' and 'GAS'."
integrity,advanced,plug_slurry_m3,m3,4.620238645056858,5e-07,redesign,[],False,,unobtainable,,1.0,,,,,True,"{""redesign"": ""Publish the P&A inputs in the prompt (P1: 7 in liner ID 0.1594 m, stinger 3.5 in OD / 0.0760 m ID, base 2740 and top 2568.5 m MD, excess 0.35, spacer ahead 1.6 m3, tagged foundation; reservoir top 2611 m; annular cement 2455 to 2528.5 m unlogged; P3 and S1 geometries; from /root/dr-wip-integrity/dr11_fields.mjs:145-177) so each value is the taught closed form (capacities, spacer ratio, settle, margins) worked at full precision.""}",/root/dr-wip-integrity/dr11_fields.mjs:259-302,"src/components/course/panels/integrity/PaExplorer.jsx:72 (fmt(p.slurryM3, 6))","4.620239 m3 = pi/4 x 0.1594^2 x 171.5 x 1.35; the liner ID, the interval and the excess are not in the prompt (only '35 percent excess'). PaExplorer lets the learner change hole ID and stinger OD only (PaExplorer.jsx:62-63); interval, excess, stinger ID and spacer are fixed to the golden."
integrity,advanced,plug_spacer_behind_m3,m3,0.5279360645295814,5e-08,redesign,[],False,,unobtainable,,1.0,,,,,True,"{""redesign"": ""Publish the P&A inputs in the prompt (P1: 7 in liner ID 0.1594 m, stinger 3.5 in OD / 0.0760 m ID, base 2740 and top 2568.5 m MD, excess 0.35, spacer ahead 1.6 m3, tagged foundation; reservoir top 2611 m; annular cement 2455 to 2528.5 m unlogged; P3 and S1 geometries; from /root/dr-wip-integrity/dr11_fields.mjs:145-177) so each value is the taught closed form (capacities, spacer ratio, settle, margins) worked at full precision.""}",/root/dr-wip-integrity/dr11_fields.mjs:259-302,"src/components/course/panels/integrity/PaExplorer.jsx:75 (fmt(p.spacerBehindM3, 6))",0.527936 m3 = 1.6 x c_in / c_ann for a 0.0760 m stinger bore in a 3.5 in stinger inside 0.1594 m; spacer ahead and all diameters are unpublished.
integrity,advanced,plug_top_settle_m,m,21.154551869215993,5e-06,redesign,[],False,,unobtainable,,1.0,,,,,True,"{""redesign"": ""Publish the P&A inputs in the prompt (P1: 7 in liner ID 0.1594 m, stinger 3.5 in OD / 0.0760 m ID, base 2740 and top 2568.5 m MD, excess 0.35, spacer ahead 1.6 m3, tagged foundation; reservoir top 2611 m; annular cement 2455 to 2528.5 m unlogged; P3 and S1 geometries; from /root/dr-wip-integrity/dr11_fields.mjs:145-177) so each value is the taught closed form (capacities, spacer ratio, settle, margins) worked at full precision.""}",/root/dr-wip-integrity/dr11_fields.mjs:259-302,"src/components/course/panels/integrity/PaExplorer.jsx:179 (fmt(settleM, 4))",21.154552 m = settled top minus as-pumped top for the unpublished P1 geometry; lesson l03-pulling-the-stinger gives the one-line form but the inputs are absent.
integrity,advanced,above_source_margin_m,m,-7.5,5e-06,redesign,[],False,,unobtainable,,1.0,,,,,True,"{""redesign"": ""Publish the P&A inputs in the prompt (P1: 7 in liner ID 0.1594 m, stinger 3.5 in OD / 0.0760 m ID, base 2740 and top 2568.5 m MD, excess 0.35, spacer ahead 1.6 m3, tagged foundation; reservoir top 2611 m; annular cement 2455 to 2528.5 m unlogged; P3 and S1 geometries; from /root/dr-wip-integrity/dr11_fields.mjs:145-177) so each value is the taught closed form (capacities, spacer ratio, settle, margins) worked at full precision.""}",/root/dr-wip-integrity/dr11_fields.mjs:259-302,src/components/course/panels/integrity/PaExplorer.jsx:423,-7.5 = (2611 - 2568.5) - 50; neither the reservoir top nor the plug top is in the prompt. The old dataset text 'FAILS on a 7.5 metre shortfall' leaked the magnitude and was recut on 2026-09-16 (migrations/20260916_labelleak_recut_integrity_advanced.sql).
integrity,advanced,annular_cement_margin_m,m,-26.5,5e-06,redesign,[],False,,unobtainable,,1.0,,,,,True,"{""redesign"": ""Publish the P&A inputs in the prompt (P1: 7 in liner ID 0.1594 m, stinger 3.5 in OD / 0.0760 m ID, base 2740 and top 2568.5 m MD, excess 0.35, spacer ahead 1.6 m3, tagged foundation; reservoir top 2611 m; annular cement 2455 to 2528.5 m unlogged; P3 and S1 geometries; from /root/dr-wip-integrity/dr11_fields.mjs:145-177) so each value is the taught closed form (capacities, spacer ratio, settle, margins) worked at full precision.""}",/root/dr-wip-integrity/dr11_fields.mjs:259-302,src/components/course/panels/integrity/PaExplorer.jsx:492-495,-26.5 = (2528.5 - 2455) - 100 for unlogged cement; the interval and 'no log' are not in the prompt.
integrity,advanced,program_slurry_takeoff_m3,m3,18.197179289478704,5e-07,redesign,[],False,,unobtainable,,1.0,,,,,True,"{""redesign"": ""Publish the P&A inputs in the prompt (P1: 7 in liner ID 0.1594 m, stinger 3.5 in OD / 0.0760 m ID, base 2740 and top 2568.5 m MD, excess 0.35, spacer ahead 1.6 m3, tagged foundation; reservoir top 2611 m; annular cement 2455 to 2528.5 m unlogged; P3 and S1 geometries; from /root/dr-wip-integrity/dr11_fields.mjs:145-177) so each value is the taught closed form (capacities, spacer ratio, settle, margins) worked at full precision Also rewrite the trap to: 'Field 6 is the takeoff total. The two plugs without a geometry add no volume and are listed by name instead.'""}",/root/dr-wip-integrity/dr11_fields.mjs:259-302,"src/components/course/panels/integrity/PaExplorer.jsx:403 (fmt(prog.takeoff.slurryM3, 4))","18.197179 m3 = P1 4.620239 + P3 7.1434 + S1 6.4335 designed slurries; the engine sums only plugs with a placement (packages/engines/engines/drilling/plugAbandonment.js:248), so the prompt's 'Field 6 sums every plug including the two the programme does not design a placement for, so it is not the sum of the designed slurries alone' is false."
intervention,beginner,wor_loglog_slope_full,dimensionless,1.0917339879792818,2e-06,none,[],False,,hand-calc,full,1.0,,0.0,,,False,,/root/wt-b5-nextgen/src/content/courses/intervention/beginner/m02-the-straight-line/l01-least-squares-in-log-space.md; /root/wt-b5-nextgen/src/content/courses/intervention/beginner/m06-the-associate-reading/l02-working-the-capstone.md,,OLS of ln WOR on ln t over all 46 generated rows (spreadsheet SLOPE); reproduced 1.09173398797928 vs expected 1.09173398797928.
intervention,beginner,wor_loglog_intercept_full,ln(stb/stb),-6.813547426032721,1.5e-05,none,[],False,,hand-calc,full,1.0,,0.0,,,False,,/root/wt-b5-nextgen/src/content/courses/intervention/beginner/m02-the-straight-line/l03-the-intercept.md,,Same OLS intercept in log space at t = 1 day (INTERCEPT); reproduced -6.81354742603272.
intervention,beginner,wor_loglog_r2_full,fraction,0.9945801076744271,2e-06,none,[],False,,hand-calc,full,1.0,,0.0,,,False,,/root/wt-b5-nextgen/src/content/courses/intervention/beginner/m03-reading-the-fit/l01-r-squared-is-about-the-fit.md:9,,Lesson gives r2 = sxy^2/(sxx syy) as a fraction (RSQ); reproduced 0.994580107674427.
intervention,beginner,wor_loglog_span_decades_full,log cycles,2.0821867561873497,5e-06,none,[],False,,hand-calc,full,1.0,,0.0,,,False,,/root/wt-b5-nextgen/src/content/courses/intervention/beginner/m03-reading-the-fit/l02-the-span-in-log-cycles.md:3,,"log10(2900/24), no points dropped; reproduced 2.08218675618735."
intervention,beginner,pss_denominator_at_skin_6p4,dimensionless,14.187671722759779,3e-05,none,[],False,,hand-calc,full,1.0,,0.0,,,False,,/root/wt-b5-nextgen/src/content/courses/intervention/beginner/m04-the-geometry-group/l03-skin-adds-undivided.md; beginner/m06 l02 working-the-capstone,,ln(1480/0.29) - 0.75 + 6.4 closed form; reproduced 14.1876717227598 exactly.
intervention,beginner,minimum_skin_for_geometry,dimensionless,-7.787671722759779,2e-05,none,[],False,,hand-calc,full,1.0,,0.0,,,False,,/root/wt-b5-nextgen/src/content/courses/intervention/beginner/m04-the-geometry-group/l04-the-floor-a-geometry-allows.md,,-(ln(1480/0.29) - 0.75) closed form; reproduced -7.78767172275978 exactly.
intervention,intermediate,chan_wor_slope_late,dimensionless,1.082879368115042,2e-06,none,[],False,,hand-calc,full,1.0,,0.0,,,False,,/root/wt-b5-nextgen/src/content/courses/intervention/intermediate/m01-the-late-window/l03-where-the-window-starts.md:20; /root/wt-b5-nextgen/src/content/courses/intervention/intermediate/m02-the-diagnosis/l01-two-fits-from-one-call.md,,"Window start index floor(46*0.45)=20, OLS of ln WOR over rows 20..45 (26 rows); reproduced 1.08287936811504."
intervention,intermediate,chan_wor_r2_late,fraction,0.9712098240285529,2e-06,none,[],False,,hand-calc,full,1.0,,0.0,,,False,,/root/wt-b5-nextgen/src/content/courses/intervention/intermediate/m02-the-diagnosis/l01-two-fits-from-one-call.md,,RSQ on the same 26 late rows; reproduced 0.971209824028554.
intervention,intermediate,chan_derivative_slope_late,dimensionless,1.3126500458396317,3e-06,none,[],False,,hand-calc,full,1.0,,0.0,,,False,,/root/wt-b5-nextgen/src/content/courses/intervention/intermediate/m02-the-diagnosis/l01-two-fits-from-one-call.md; intermediate/m06 l02 working-the-capstone,,OLS of ln dWOR/dln t over the 22 late rows with positive analytic derivative; reproduced 1.31265004583963.
intervention,intermediate,chan_derivative_r2_late,fraction,0.9988473571869138,2e-06,none,[],False,,hand-calc,full,1.0,,0.0,,,False,,/root/wt-b5-nextgen/src/content/courses/intervention/intermediate/m02-the-diagnosis/l01-two-fits-from-one-call.md,,RSQ on the 22 positive-derivative late rows; reproduced 0.998847357186914.
intervention,intermediate,chan_late_window_start_days,days,202.12851149338593,0.0005,none,[],False,,hand-calc,full,1.0,,0.0,,,False,,/root/wt-b5-nextgen/src/content/courses/intervention/intermediate/m01-the-late-window/l03-where-the-window-starts.md:20,,Sample 20: 24*(2900/24)^(20/45); reproduced 202.128511493386 exactly.
intervention,intermediate,acid_job_pi_multiplier,dimensionless,2.683160465823103,6e-06,none,[],False,,hand-calc,full,1.0,,0.0,,,False,,/root/wt-b5-nextgen/src/content/courses/intervention/intermediate/m03-what-removing-skin-is-worth/l01-a-ratio-of-two-groups.md:3,,(ln(1480/0.29)-0.75+6.4)/(ln(1480/0.29)-0.75-2.5) closed form; reproduced 2.68316046582310 exactly.
intervention,advanced,chan_derivative_span_decades,log cycles,0.97168715288743,2e-06,none,[],False,,hand-calc,full,1.0,,0.0,,,False,,/root/wt-b5-nextgen/src/content/courses/intervention/advanced/m01-the-evidence-that-argues-the-other-way/l04-the-span-the-drop-costs.md,,log10 of last over first surviving time of the 22-row derivative fit (t20 to t41); reproduced 0.97168715288743.
intervention,advanced,post_choke_wor_slope,dimensionless,-0.6164206816838835,2e-06,none,[],False,,hand-calc,full,1.0,,0.0,,,False,,/root/wt-b5-nextgen/src/content/courses/intervention/advanced/m01-the-evidence-that-argues-the-other-way/l03-fitting-the-discarded-stretch.md,,OLS of ln WOR over the 4 rows with t > 1900; reproduced -0.616420681683884.
intervention,advanced,chan_late030_derivative_slope,dimensionless,1.4096605496345478,3e-06,none,[],False,,hand-calc,full,1.0,,0.0,,,False,,/root/wt-b5-nextgen/src/content/courses/intervention/advanced/m02-the-dial-that-decides-the-spend/l01-one-history-many-windows.md,,"Start index floor(46*0.70)=32, positive-derivative rows only; reproduced 1.40966054963455."
intervention,advanced,chan_late090_derivative_slope,dimensionless,1.2109917718605152,3e-06,none,[],False,,hand-calc,full,1.0,,0.0,,,False,,/root/wt-b5-nextgen/src/content/courses/intervention/advanced/m02-the-dial-that-decides-the-spend/l01-one-history-many-windows.md,,"Start index floor(46*0.10)=4, positive-derivative rows only; reproduced 1.21099177186052."
intervention,advanced,gor_null_derivative_wor_slope,dimensionless,0.5564504142933543,2e-06,none,[],False,,hand-calc,full,1.0,,0.0,,,False,,/root/wt-b5-nextgen/src/content/courses/intervention/advanced/m03-a-missing-column-read-as-zero/l02-the-flat-branch.md:15,,worSlope is fitted on the ratio column so the null derivative does not touch it; OLS of ln GOR over rows floor(30*0.45)=13..29; reproduced 0.556450414293354.
intervention,advanced,skin_pi_multiplier_at_minus7,dimensionless,18.012163332524107,4e-05,none,[],False,,hand-calc,full,1.0,,0.0,,,False,,/root/wt-b5-nextgen/src/content/courses/intervention/advanced/m04-guards-in-the-wrong-place/l01-the-guard-at-the-singularity.md; intermediate/m03 l01,,Same ratio-of-denominators closed form with after-skin -7.0; reproduced 18.0121633325241 exactly.
linesizing,beginner,imo1_velocity_fts,ft/s,2.2025394846583723,1e-06,none,[],False,,hand-calc,full,1.0,,0.0,,,False,,"/root/wt-b5-nextgen/src/content/courses/linesizing/beginner/m02-velocity-reynolds-and-friction/l01-a-bore-is-an-area.md:15 (5.6145833333333 ft3/bbl, 86400 s, 144 in2)",,"6800 x 5.6145833 / 86400 / (pi/4 x (6.065/12)^2) = 2.2025395; reproduced exactly. Tol 1e-6 is a relative 4.5e-7, fine for a full-precision hand route."
linesizing,beginner,imo1_reynolds,dimensionless,20628.885999489932,0.01,none,[],False,,hand-calc,full,1.0,,0.0,,,False,,/root/wt-b5-nextgen/src/content/courses/linesizing/beginner/m02-velocity-reynolds-and-friction/l02-the-reynolds-number-in-field-units.md (1 cp = 6.7197e-4 lbm/ft s),,52.3 x v x (6.065/12) / (4.2 x 6.7197e-4) = 20628.8860; reproduced exactly with the lesson-printed conversion; tol 0.01.
linesizing,beginner,imo1_friction_factor,dimensionless,0.027758986529736098,1e-09,display,"[""display_miss""]",False,,suite-app,"{""decimals"": 4}",1.0,,4.1013470263900204e-05,,,True,"{""display"": ""/opt/petrolord-studio/workspaces/dev1/projects/petrolord-suite/src/components/linesizing/SizingPanel.jsx:31 -> fmt(sizing.f, 10) (the course prints friction factors to ten decimals); or teach the Colebrook iteration in beginner m02 l04 (lesson content) so it is a spreadsheet hand-calc""}","/root/wt-b5-nextgen/src/content/courses/linesizing/beginner/m02-velocity-reynolds-and-friction/l04-colebrook-and-what-it-solves-for.md (""It is solved rather than evaluated ... The engine iterates""); /opt/petrolord-studio/workspaces/dev1/projects/petrolord-suite/src/components/linesizing/SizingPanel.jsx:31","/opt/petrolord-studio/workspaces/dev1/projects/petrolord-suite/src/components/linesizing/SizingPanel.jsx:31 fmt(sizing.f, 4)","Tol 1e-9 on 0.0277590 (relative 3.6e-8). Colebrook iterated in a spreadsheet at eps/D = 0.006/6.065 and Re 20628.886 reproduces 0.027758986530 exactly, but the lessons tell the learner the engine iterates rather than teaching the iteration; the studio shows 0.0278."
linesizing,beginner,imo1_friction_drop_psi,psi,29.776303763560268,1e-05,display,[],False,,suite-app,,1.0,,,,,True,"{""display"": ""/opt/petrolord-studio/workspaces/dev1/projects/petrolord-suite/src/components/linesizing/SizingPanel.jsx:27 -> add a Stat for the friction term at fmt(v, 6) beside the total; or teach the Colebrook iteration (see imo1_friction_factor), after which f L/D rho v^2/(2 gc 144) is a hand step""}",/root/wt-b5-nextgen/src/content/courses/linesizing/beginner/m03-three-losses-kept-apart/l02-friction-along-the-pipe.md; /opt/petrolord-studio/workspaces/dev1/projects/petrolord-suite/src/components/linesizing/SizingPanel.jsx:27,"/opt/petrolord-studio/workspaces/dev1/projects/petrolord-suite/src/components/linesizing/SizingPanel.jsx:27 (only the total drop, fmt(sizing.dpTotalPsi, 1)); the friction term is not printed separately","f x 19800/(6.065/12) x 52.3 v^2 / (2 x 32.174 x 144) = 29.776304 with the converged f; tol 1e-5 psi (relative 3.4e-7) needs f to about 1e-8, which only the engine or a taught iteration gives."
linesizing,beginner,imo1_total_drop_psi,psi,95.25672115819587,1e-05,display,"[""display_miss""]",False,,suite-app,"{""decimals"": 1}",1.0,,0.04327884180412411,,,True,"{""display"": ""/opt/petrolord-studio/workspaces/dev1/projects/petrolord-suite/src/components/linesizing/SizingPanel.jsx:27 -> fmt(sizing.dpTotalPsi, 6); or teach the Colebrook iteration so friction + 3.85 velocity heads + 52.3 x 180/144 is a hand sum""}",/opt/petrolord-studio/workspaces/dev1/projects/petrolord-suite/src/components/linesizing/SizingPanel.jsx:27,"/opt/petrolord-studio/workspaces/dev1/projects/petrolord-suite/src/components/linesizing/SizingPanel.jsx:27 fmt(sizing.dpTotalPsi, 1)",Friction 29.776304 + fittings 0.107 + elevation 65.3750 = 95.256721; the studio prints 95.3 against tol 1e-5.
linesizing,beginner,imo1_erosional_velocity_fts,ft/s,16.593209696456945,1e-06,none,[],False,,hand-calc,full,1.0,,0.0,,,False,,/root/wt-b5-nextgen/src/content/courses/linesizing/beginner/m04-the-erosional-limit/l01-c-over-root-rho.md,,120 / sqrt(52.3) = 16.593210; reproduced exactly; tol 1e-6.
linesizing,intermediate,brass_elevation_factor,dimensionless,0.9537503233579996,1e-09,none,[],False,,hand-calc,full,1.0,,0.0,,,False,,/root/wt-b5-nextgen/src/content/courses/linesizing/intermediate/m03-the-elevation-adjustment/l01-a-static-column-in-a-flowing-line.md (s = 0.0375 G dz / (T z)),,"s = 0.0375 x 0.62 x (-950) / (552 x 0.845), e^s = 0.9537503234; reproduced exactly; tol 1e-9 (the lessons print group factors to ten decimals)."
linesizing,intermediate,brass_weymouth_scfd,scfd,121983243.41355602,1000.0,display,[],False,,unobtainable,,1.0,,,,,True,"{""display"": ""/root/wt-b5-nextgen/src/components/course/panels/linesizing/GasLineExplorer.jsx:375 -> add bore, length, p1, p2, gravity, T, z, E, elevation inputs so the four(...) rate at :107 reads the BRASS case; or print the Weymouth equation in intermediate m02 l01""}","/root/wt-b5-nextgen/src/content/courses/linesizing/intermediate/m02-the-four-transmission-forms/l01-weymouth.md (prints cases and the exponent 2.6666666667, never the equation or 433.5)",/root/wt-b5-nextgen/src/components/course/panels/linesizing/GasLineExplorer.jsx:107 four(f.qScfd) (teaching trunk only),"Tol 1000 scfd is a relative 8e-6; any constant or exponent choice other than the engine's (433.5, 520/14.65, d^(8/3)) misses by far more (d^2.667 vs d^(8/3) alone is about 0.1 percent)."
linesizing,intermediate,brass_panhandleb_scfd,scfd,158089257.28536567,1000.0,display,[],False,,unobtainable,,1.0,,,,,True,"{""display"": ""/root/wt-b5-nextgen/src/components/course/panels/linesizing/GasLineExplorer.jsx:375 -> editable inputs (see brass_weymouth_scfd); or print the Panhandle B equation in intermediate m02 l02""}","/root/wt-b5-nextgen/src/content/courses/linesizing/intermediate/m02-the-four-transmission-forms/l02-the-two-panhandles.md (prints the exponent 2.53, never the equation or 737)",/root/wt-b5-nextgen/src/components/course/panels/linesizing/GasLineExplorer.jsx:107 four(f.qScfd) (teaching trunk only),"737 x E x (Tb/Pb)^1.02 x (driving/(G^0.961 T Le z))^0.51 x d^2.53 reproduces 158089257.2854 exactly, but none of that is in the lessons."
linesizing,intermediate,brass_general_scfd,scfd,135290712.75490567,1000.0,display,[],False,,unobtainable,,1.0,,,,,True,"{""display"": ""/root/wt-b5-nextgen/src/components/course/panels/linesizing/GasLineExplorer.jsx:375 -> editable inputs incl. viscosity and roughness (see brass_weymouth_scfd)""}","/root/wt-b5-nextgen/src/content/courses/linesizing/intermediate/m02-the-four-transmission-forms/l03-general-flow-and-its-iteration.md (""the form is iterated until the two agree"")",/root/wt-b5-nextgen/src/components/course/panels/linesizing/GasLineExplorer.jsx:107 four(f.qScfd) (teaching trunk only),General Flow iterates rate and Colebrook friction jointly; engine-only and no surface takes the BRASS inputs.
linesizing,intermediate,brass_general_friction_factor,dimensionless,0.010546475636391016,1e-09,display,[],False,,unobtainable,,1.0,,,,,True,"{""display"": ""/root/wt-b5-nextgen/src/components/course/panels/linesizing/GasLineExplorer.jsx:375 -> editable inputs; the settled f already prints at ten decimals at :124""}",/root/wt-b5-nextgen/src/content/courses/linesizing/intermediate/m02-the-four-transmission-forms/l03-general-flow-and-its-iteration.md,/root/wt-b5-nextgen/src/components/course/panels/linesizing/GasLineExplorer.jsx:124 ten(t.generalFDarcy) (teaching trunk only),Tol 1e-9; the settled friction factor exists only inside the General Flow iteration.
linesizing,intermediate,brass_outlet_pressure_psia,psia,999.6232577666815,1e-05,display,"[""display_miss""]",False,,suite-app,"{""decimals"": 1}",1.0,,0.02325776668146773,,,True,"{""display"": ""/opt/petrolord-studio/workspaces/dev1/projects/petrolord-suite/src/components/linesizing/SizingPanel.jsx:41 -> fmt(sizing.p2Psia, 6) (the course prints pressures to six decimals); or print the Weymouth equation so p2 = sqrt((p1^2 - (Q/K)^2)/e^s) is a hand step""}","/opt/petrolord-studio/workspaces/dev1/projects/petrolord-suite/src/components/linesizing/SizingPanel.jsx:41 (gas mode, Weymouth outlet at a rate)","/opt/petrolord-studio/workspaces/dev1/projects/petrolord-suite/src/components/linesizing/SizingPanel.jsx:41 fmt(sizing.p2Psia, 1)","The studio inverts Weymouth at the contracted rate but prints 999.6 against 999.623258 (tol 1e-5). With the Weymouth form, the closed-form inverse reproduces 999.6232578 exactly; the lesson (m04 l01) says the engine bisects and gives no form."
linesizing,advanced,quaiboe_required_wall_in,in,0.46236211651154774,5e-07,none,[],False,,hand-calc,full,1.0,,0.0,,,False,,/root/wt-b5-nextgen/src/content/courses/linesizing/advanced/m01-the-wall-a-code-demands/l01-barlow-with-a-design-factor.md,,1450 x 16 / (2 x 60000 x 0.5 x 1 x 0.967) + 0.0625 = 0.462362 (Class 3 design factor 0.5 from m01 l02); reproduced exactly. Tol 5e-7 is exactly half a unit at the six decimals the course prints inches to; the six-decimal rounding here is off by 1.2e-7.
linesizing,advanced,quaiboe_maop_as_built_psig,psig,1586.4843750000002,1e-05,none,[],False,,hand-calc,full,1.0,,0.0,,,False,,/root/wt-b5-nextgen/src/content/courses/linesizing/advanced/m01-the-wall-a-code-demands/l05-reading-the-rating-back.md,,2 x 60000 x 0.5 x 1 x 0.967 x (0.5 - 0.0625) / 16 = 1586.484375; reproduced exactly; tol 1e-5.
linesizing,advanced,quaiboe_line_volume_bbl,bbl,66935.15776219887,0.0001,none,[],False,,hand-calc,full,1.0,,0.0,,,False,,/root/wt-b5-nextgen/src/content/courses/linesizing/advanced/m02-the-pig-and-what-it-pushes/l01-a-line-is-a-volume.md,,pi/4 x (15/12)^2 x 306240 / 5.6145833 = 66935.1578; reproduced; tol 1e-4.
linesizing,advanced,quaiboe_swept_volume_bbl,bbl,2342.7305216769605,5e-05,none,[],False,,hand-calc,full,1.0,,0.0,,,False,,/root/wt-b5-nextgen/src/content/courses/linesizing/advanced/m02-the-pig-and-what-it-pushes/l03-the-swept-volume.md,,66935.1578 x 0.035 = 2342.7305; reproduced; tol 5e-5.
linesizing,advanced,quaiboe_pig_run_hours,hours,21.266666666666666,5e-07,none,[],False,,hand-calc,full,1.0,,0.0,,,False,,/root/wt-b5-nextgen/src/content/courses/linesizing/advanced/m02-the-pig-and-what-it-pushes/l04-the-run.md,,"306240 / 4 / 3600 = 21.266667; reproduced; tol 5e-7 is half a unit at six decimals and the rounding error here is 3.3e-7, so a six-decimal entry passes."
linesizing,advanced,quaiboe_pigging_interval_days,days,9.023889245505679,5e-05,none,[],False,,hand-calc,full,1.0,,0.0,,,False,,/root/wt-b5-nextgen/src/content/courses/linesizing/advanced/m02-the-pig-and-what-it-pushes/l05-the-interval-a-catcher-allows.md,,(3200 - 2342.7305) / 95 = 9.023889; reproduced; tol 5e-5 (four-decimal days print).
lopa,beginner,akpo_separator_unmitigated_frequency_per_yr,per year,0.0064335600000000005,5e-13,none,[],False,,nextgen-panel,"{""decimals"": 12}",1.0,,8.673617379884035e-19,,,False,,/root/wt-b5-nextgen/src/components/course/panels/lopa/WorksheetExplorer.jsx:55,/root/wt-b5-nextgen/src/components/course/panels/lopa/panelBits.jsx:9 (twelve = toFixed(12)),"Unmitigated frequency tile twelve(); 0.37 x 0.23 x 0.42 x 0.18 = 0.00643356 exactly, also by hand."
lopa,beginner,akpo_separator_required_rrf,RRF,64.3356,5e-07,none,[],False,,nextgen-panel,"{""decimals"": 6}",1.0,,0.0,,,False,,/root/wt-b5-nextgen/src/components/course/panels/lopa/WorksheetExplorer.jsx:57,/root/wt-b5-nextgen/src/components/course/panels/lopa/panelBits.jsx:8 (six = toFixed(6)),Required RRF tile six(); 0.00643356 x 0.1 / 1e-5 = 64.3356 (only the independent alarm is credited).
lopa,beginner,akpo_tank_mitigated_frequency_without_sif_per_yr,per year,0.00501984,5e-13,none,[],False,,nextgen-panel,"{""decimals"": 12}",1.0,,0.0,,,False,,/root/wt-b5-nextgen/src/components/course/panels/lopa/WorksheetExplorer.jsx:56,/root/wt-b5-nextgen/src/components/course/panels/lopa/panelBits.jsx:9 (twelve = toFixed(12)),Mitigated frequency without a SIF tile twelve(); 0.83 x 0.64 x 0.35 x 0.27 x 0.1 = 0.00501984.
lopa,beginner,akpo_tank_required_sif_pfdavg,PFDavg,0.0019920953655893415,5e-13,none,[],False,,nextgen-panel,"{""decimals"": 12}",1.0,,4.106584863827756e-13,,,False,,/root/wt-b5-nextgen/src/components/course/panels/lopa/WorksheetExplorer.jsx:58,/root/wt-b5-nextgen/src/components/course/panels/lopa/panelBits.jsx:9 (twelve = toFixed(12)),"Required SIF PFDavg tile twelve(); 1e-5 / 0.00501984 = 0.001992095365589 (12 decimals 0.001992095366, diff 3.4e-13 inside 5e-13)."
lopa,beginner,akpo_compressor_mitigated_frequency_with_sif_per_yr,per year,4.825392000000002e-06,5e-13,none,[],False,,nextgen-panel,"{""decimals"": 12}",1.0,,1.6940658945086007e-21,,,False,,/root/wt-b5-nextgen/src/components/course/panels/lopa/WorksheetExplorer.jsx:61,/root/wt-b5-nextgen/src/components/course/panels/lopa/panelBits.jsx:9 (twelve = toFixed(12)),Mitigated frequency with the SIF tile twelve(); 0.19 x 0.33 x 0.52 x 0.4 x 0.1 x 0.0037 = 4.825392e-6.
lopa,beginner,akpo_export_catalogue_sif_mitigated_frequency_per_yr,per year,0.0002730000000000001,5e-13,none,[],False,,nextgen-panel,"{""decimals"": 12}",1.0,,5.421010862427522e-20,,,False,,/root/wt-b5-nextgen/src/components/course/panels/lopa/WorksheetExplorer.jsx:60-61,/root/wt-b5-nextgen/src/components/course/panels/lopa/panelBits.jsx:9 (twelve = toFixed(12)),"Required SIL tile names the band for RRF 100 (0.01 over TMEL 1e-4), the learner types the SIL 1 catalogue PFDavg 0.0273 as the SIF and reads 0.000273 from the twelve() tile."
lopa,intermediate,usan_transmitters_2oo3_pfdavg,PFDavg,0.00019634220842816946,5e-13,none,[],False,,nextgen-panel,"{""decimals"": 12}",1.0,,4.2816946277564327e-13,,,False,,/root/wt-b5-nextgen/src/components/course/panels/lopa/SifExplorer.jsx:35,/root/wt-b5-nextgen/src/components/course/panels/lopa/panelBits.jsx:9 (twelve = toFixed(12)),"Subsystem mode PFDavg tile twelve() with 2oo3, rates, T1 8760, MTTR/MRT 16, beta 0.06, betaD 0.03."
lopa,intermediate,usan_logic_solver_1oo1_pfdavg,PFDavg,0.000214376,5e-13,none,[],False,,nextgen-panel,"{""decimals"": 12}",1.0,,0.0,,,False,,/root/wt-b5-nextgen/src/components/course/panels/lopa/SifExplorer.jsx:35,/root/wt-b5-nextgen/src/components/course/panels/lopa/panelBits.jsx:9 (twelve = toFixed(12)),Subsystem PFDavg twelve(); 1oo1 (lambdaDU + lambdaDD) tCE form = 0.000214376 exactly.
lopa,intermediate,usan_valves_1oo2_pfdavg,PFDavg,0.0011773445892821334,5e-13,none,[],False,,nextgen-panel,"{""decimals"": 12}",1.0,,2.8213347456895743e-13,,,False,,/root/wt-b5-nextgen/src/components/course/panels/lopa/SifExplorer.jsx:35,/root/wt-b5-nextgen/src/components/course/panels/lopa/panelBits.jsx:9 (twelve = toFixed(12)),Subsystem PFDavg twelve() for 1oo2 with beta 0.1 and betaD 0.05.
lopa,intermediate,usan_sif_rrf,RRF,629.6980204068868,5e-07,none,[],False,,nextgen-panel,"{""decimals"": 6}",1.0,,4.0688678382139187e-07,,,False,,/root/wt-b5-nextgen/src/components/course/panels/lopa/SifExplorer.jsx:100,/root/wt-b5-nextgen/src/components/course/panels/lopa/panelBits.jsx:8 (six = toFixed(6)),Function mode Achieved RRF six() of the series sum of the three subsystems; 629.698020.
lopa,intermediate,usan_proposed_2oo2_transmitters_pfdavg,PFDavg,0.00559976,5e-13,none,[],False,,nextgen-panel,"{""decimals"": 12}",1.0,,0.0,,,False,,/root/wt-b5-nextgen/src/components/course/panels/lopa/SifExplorer.jsx:35,/root/wt-b5-nextgen/src/components/course/panels/lopa/panelBits.jsx:9 (twelve = toFixed(12)),Subsystem PFDavg twelve() with architecture 2oo2 selected; 0.00559976.
lopa,intermediate,usan_mitigated_frequency_with_sif_per_yr,per year,4.402110075252959e-07,5e-13,none,[],False,,nextgen-panel,"{""decimals"": 12}",1.0,,7.525295872082565e-15,,,False,,/root/wt-b5-nextgen/src/components/course/panels/lopa/WorksheetExplorer.jsx:61,/root/wt-b5-nextgen/src/components/course/panels/lopa/panelBits.jsx:9 (twelve = toFixed(12)),"Worksheet mitigated frequency with the SIF, SIF PFDavg typed as the series sum; 0.21 x 0.44 x 0.3 x 0.01 x PFDsif = 4.4021e-7; also printed via SifExplorer :99 then hand-multiplied."
lopa,advanced,yoho_valves_1oo2_max_interval_hours,hours,19751.841538652778,5e-07,none,[],False,,nextgen-panel,"{""decimals"": 6}",1.0,,3.4722324926406145e-07,,,False,,/root/wt-b5-nextgen/src/components/course/panels/lopa/ProofTestExplorer.jsx:75,/root/wt-b5-nextgen/src/components/course/panels/lopa/panelBits.jsx:8 (six = toFixed(6)),Target mode Longest T1 tile six() for 1oo2 at budget 0.0022; 19751.841539.
lopa,advanced,yoho_valve_1oo1_ptc_pfdavg,PFDavg,0.012848940000000001,5e-13,none,[],False,,nextgen-panel,"{""decimals"": 12}",1.0,,1.734723475976807e-18,,,False,,/root/wt-b5-nextgen/src/components/course/panels/lopa/SifExplorer.jsx:35,/root/wt-b5-nextgen/src/components/course/panels/lopa/panelBits.jsx:9 (twelve = toFixed(12)),SifExplorer subsystem mode PFDavg twelve() (the subsystem fields take coverage and lifetime) with PTC 0.75 and lifetime 105120 at T1 8760; 0.01284894.
lopa,advanced,yoho_valve_1oo1_ptc_max_interval_hours,hours,5173.880341878748,5e-07,none,[],False,,nextgen-panel,"{""decimals"": 6}",1.0,,1.2125201465096325e-07,,,False,,/root/wt-b5-nextgen/src/components/course/panels/lopa/ProofTestExplorer.jsx:116,/root/wt-b5-nextgen/src/components/course/panels/lopa/panelBits.jsx:8 (six = toFixed(6)),Longest T1 six() at target 0.0118 with the partial-coverage lifetime term; 5173.880342.
lopa,advanced,yoho_transmitter_ptc_floor_pfdavg,PFDavg,0.01624752,5e-13,none,[],False,,nextgen-panel,"{""decimals"": 12}",1.0,,0.0,,,False,,/root/wt-b5-nextgen/src/components/course/panels/lopa/ProofTestExplorer.jsx:114,/root/wt-b5-nextgen/src/components/course/panels/lopa/panelBits.jsx:9 (twelve = toFixed(12)),Floor PFDavg (T1 going to zero) twelve(); also closed form 0.4 x 6.1e-7 x 131400 / 2 + (6.1e-7 + 2.4e-6) x 72 = 0.01624752.
lopa,advanced,yoho_sif_rrf_at_three_year_interval,RRF,192.27709511406886,5e-07,none,[],False,,nextgen-panel,"{""decimals"": 6}",1.0,,1.1406885391807009e-07,,,False,,/root/wt-b5-nextgen/src/components/course/panels/lopa/SifExplorer.jsx:100,/root/wt-b5-nextgen/src/components/course/panels/lopa/panelBits.jsx:8 (six = toFixed(6)),Function mode Achieved RRF six() with every T1 typed as 26280; 192.277095.
lopa,advanced,yoho_transmitters_2oo3_max_interval_hours,hours,3765.3355760909617,5e-07,none,[],False,,nextgen-panel,"{""decimals"": 6}",1.0,,9.096174835576676e-08,,,False,,/root/wt-b5-nextgen/src/components/course/panels/lopa/ProofTestExplorer.jsx:75,/root/wt-b5-nextgen/src/components/course/panels/lopa/panelBits.jsx:8 (six = toFixed(6)),Longest T1 six() for 2oo3 at budget 0.00015; 3765.335576.
mapping,beginner,n_control_points,count,6.0,0.0,none,"[""zero_tol""]",True,,nextgen-panel,integer,1.0,,0.0,,,False,,/root/wt-b5-nextgen/src/components/course/panels/mapping/MapExplorer.jsx:133 (Control points tile),/root/wt-b5-nextgen/src/components/course/panels/mapping/MapExplorer.jsx:133 String(s.nPoints),Integer count printed as '6'; tol 0 honest.
mapping,beginner,grid_nx,nodes,25.0,0.0,none,"[""zero_tol""]",True,,nextgen-panel,integer,1.0,,0.0,,,False,,/root/wt-b5-nextgen/src/components/course/panels/mapping/MapExplorer.jsx:134 (Grid width tile),/root/wt-b5-nextgen/src/components/course/panels/mapping/MapExplorer.jsx:134 String(s.nx),Integer node count '25'; tol 0 honest; also derivable from the padding rule.
mapping,beginner,live_nodes,count,201.0,0.0,none,"[""zero_tol""]",True,,nextgen-panel,integer,1.0,,0.0,,,False,,/root/wt-b5-nextgen/src/components/course/panels/mapping/MapExplorer.jsx:136 (Mapped (live) nodes tile),/root/wt-b5-nextgen/src/components/course/panels/mapping/MapExplorer.jsx:136 `${s.liveNodes} of ${nx*ny}`,Integer count '201 of 500'; tol 0 honest.
mapping,beginner,crest_depth_m,m,1539.7181396484375,0.5,none,[],True,,nextgen-panel,"{""decimals"": 4}",1.0,,3.964843745052349e-05,,,False,,/root/wt-b5-nextgen/src/components/course/panels/mapping/MapExplorer.jsx:137,"/root/wt-b5-nextgen/src/components/course/panels/mapping/MapExplorer.jsx:137 fmt(s.zMin, 4)",Prints 1539.7181 against tol 0.5.
mapping,beginner,depth_at_p1_m,m,1542.619873046875,0.5,none,[],True,,nextgen-panel,"{""decimals"": 4}",1.0,,2.695312491596269e-05,,,False,,/root/wt-b5-nextgen/src/components/course/panels/mapping/MapExplorer.jsx:139,"/root/wt-b5-nextgen/src/components/course/panels/mapping/MapExplorer.jsx:139 fmt(s.depthAtTarget, 4)",Prints 1542.6199 against tol 0.5.
mapping,beginner,contour_step_m,m,10.0,0.0,none,"[""zero_tol""]",True,,nextgen-panel,integer,1.0,,0.0,5,0.2,False,,/root/wt-b5-nextgen/src/components/course/panels/mapping/MapExplorer.jsx:140 (Contour interval tile),"/root/wt-b5-nextgen/src/components/course/panels/mapping/MapExplorer.jsx:140 fmt(s.contourStep, 0)",Printed as the integer 10; tol 0 honest for a chosen interval.
mapping,intermediate,iso_min_m,m,25.0,0.1,none,[],True,,nextgen-panel,"{""decimals"": 4}",1.0,,0.0,,,False,,"/root/wt-b5-nextgen/src/components/course/panels/mapping/IsochoreExplorer.jsx:71 (Minimum tile, isochore view)","/root/wt-b5-nextgen/src/components/course/panels/mapping/IsochoreExplorer.jsx:19 fmt(v, 4)",Prints 25.0000 against tol 0.1.
mapping,intermediate,iso_max_m,m,35.897705078125,0.1,none,[],True,,nextgen-panel,"{""decimals"": 4}",1.0,,5.078124999613465e-06,,,False,,/root/wt-b5-nextgen/src/components/course/panels/mapping/IsochoreExplorer.jsx:72,"/root/wt-b5-nextgen/src/components/course/panels/mapping/IsochoreExplorer.jsx:19 fmt(v, 4)",Prints 35.8977 against tol 0.1.
mapping,intermediate,iso_mean_m,m,32.25429068038713,0.1,none,[],True,,nextgen-panel,"{""decimals"": 4}",1.0,,9.319612871649952e-06,,,False,,/root/wt-b5-nextgen/src/components/course/panels/mapping/IsochoreExplorer.jsx:73 (Map mean),"/root/wt-b5-nextgen/src/components/course/panels/mapping/IsochoreExplorer.jsx:19 fmt(v, 4)","Prints 32.2543 against tol 0.1; the 50 m and 200 m cell states (32.2873, 32.2720) also fall inside tol."
mapping,intermediate,iso_at_p1_m,m,34.050048828125,0.1,none,[],True,,nextgen-panel,"{""decimals"": 4}",1.0,,4.882812500284217e-05,,,False,,/root/wt-b5-nextgen/src/components/course/panels/mapping/IsochoreExplorer.jsx:74 (Value at P-1),"/root/wt-b5-nextgen/src/components/course/panels/mapping/IsochoreExplorer.jsx:19 fmt(v, 4)",Prints 34.0500 against tol 0.1.
mapping,intermediate,iso_live,count,201.0,0.0,redesign,"[""zero_tol"", ""guessable""]",True,"{""migration"": ""20261024a_w1_mapping.sql"", ""wave"": ""w1"", ""rekey"": {""key"": ""iso_nodes_above_well_mean"", ""label"": ""Live isochore nodes above the well mean"", ""unit"": ""count"", ""expected"": 146.0, ""tol"": 0.0}, ""rekey_annot"": {""source"": ""nextgen-panel"", ""source_ref"": ""src/components/course/panels/mapping/IsochoreExplorer.jsx:78 (Live nodes above the well mean tile, Isochore at the 100 m cell)"", ""printed"": ""integer"", ""display_scale"": 1, ""display_ref"": ""src/components/course/panels/mapping/IsochoreExplorer.jsx:78 `${s.nodesAboveWellMean} of ${s.liveNodes}`"", ""prompt_precision"": null, ""answer_space"": null, ""guess_p"": null, ""evidence"": ""computeIsochoreMap(100, \""ISOCHORE\"").summary.nodesAboveWellMean = 146 (pinned in isochoreLab.test.js). The same tile reads 41 on TOP_SAND and 48 on BASE_SAND, 583 and 36 on the isochore at 50 m and 200 m; the live total 201 (the old answer) is printed beside it and fails. An integer count printed exactly, tol 0. Not guessable: the answer space is 0..201 and the lessons now say only \""well over half\"". The panel opens on the isochore at 100 m, so the default state prints it (the whole mapping course is a W5 re-case). The three intermediate lessons that printed 146 were reworded."", ""class"": ""none"", ""owner_decision"": false, ""leak"": true}}",nextgen-panel,integer,1.0,,0.0,2,0.5,False,"{""redesign"": ""Replace with 'Live isochore nodes above the well mean' (count), read from the existing tile IsochoreExplorer.jsx:78 in the same panel state, tol 0; it is a measured isochore count that the Associate tier never produced.""}",/root/wt-b5-nextgen/src/components/course/panels/mapping/IsochoreExplorer.jsx:70 (Live nodes tile),/root/wt-b5-nextgen/src/components/course/panels/mapping/IsochoreExplorer.jsx:70 `${s.liveNodes} of ${s.nNodes}`,"The isochore frame and hull are the same as the Associate capstone's TOP_SAND map, so the answer is the 201 the learner already typed for beginner live_nodes; a learner who carries that number across passes without gridding anything."
mapping,intermediate,mean_well_thickness_m,m,31.166666666666668,0.05,none,[],True,,hand-calc,"{""decimals"": 4}",1.0,,3.333333333088717e-05,,,False,,/root/wt-b5-nextgen/src/content/courses/mapping/intermediate/m06-the-isochore-workflow/l03-the-capstone-walkthrough.md:26 ((32+36+29+25+31+34)/6); panel IsochoreExplorer.jsx:76,"/root/wt-b5-nextgen/src/components/course/panels/mapping/IsochoreExplorer.jsx:76 fmt(s.wellMean, 4)","187/6 = 31.1667; panel prints 31.1667, tol 0.05."
mapping,advanced,cross_validatable_wells,count,1.0,0.0,none,"[""zero_tol""]",True,,nextgen-panel,integer,1.0,,0.0,7,0.14,False,,/root/wt-b5-nextgen/src/components/course/panels/mapping/ValidationExplorer.jsx:63 (Cross-validatable wells tile),/root/wt-b5-nextgen/src/components/course/panels/mapping/ValidationExplorer.jsx:63 String(s.crossValidatable),Integer count '1' on the default all-six state; tol 0 honest.
mapping,advanced,loo_resid_e6,m,9.8438720703125,0.1,none,[],True,,nextgen-panel,"{""decimals"": 4}",1.0,,2.7929687499650413e-05,,,False,,"/root/wt-b5-nextgen/src/components/course/panels/mapping/ValidationExplorer.jsx:72 (Residual tile, Without Ekene-6 set)","/root/wt-b5-nextgen/src/components/course/panels/mapping/ValidationExplorer.jsx:13 fmt(v, 4)",Prints 9.8439 against tol 0.1.
mapping,advanced,pred_at_e7,m,1543.3271484375,0.1,none,[],True,,nextgen-panel,"{""decimals"": 4}",1.0,,4.843750002692104e-05,,,False,,"/root/wt-b5-nextgen/src/components/course/panels/mapping/ValidationExplorer.jsx:70 (Six-well prediction there, Six plus Ekene-7 set)","/root/wt-b5-nextgen/src/components/course/panels/mapping/ValidationExplorer.jsx:13 fmt(v, 4)",Prints 1543.3271 against tol 0.1.
mapping,advanced,blind_residual_e7,m,-5.6728515625,0.1,none,[],True,,nextgen-panel,"{""decimals"": 4}",1.0,,4.843750000027569e-05,,,False,,/root/wt-b5-nextgen/src/components/course/panels/mapping/ValidationExplorer.jsx:72,"/root/wt-b5-nextgen/src/components/course/panels/mapping/ValidationExplorer.jsx:13 fmt(v, 4)",Prints -5.6729 against tol 0.1; also 1543.3271 - 1549.
mapping,advanced,zmin_with_e7,m,1540.70556640625,0.1,none,[],True,,nextgen-panel,"{""decimals"": 4}",1.0,,3.359375000400178e-05,,,False,,"/root/wt-b5-nextgen/src/components/course/panels/mapping/ValidationExplorer.jsx:64 (Crest, Six plus Ekene-7 set)","/root/wt-b5-nextgen/src/components/course/panels/mapping/ValidationExplorer.jsx:13 fmt(v, 4)",Prints 1540.7056 against tol 0.1.
mapping,advanced,live_with_e7,count,201.0,0.0,redesign,"[""zero_tol"", ""guessable""]",True,"{""migration"": ""20261024a_w1_mapping.sql"", ""wave"": ""w1"", ""rekey"": {""key"": ""depth_at_p1_with_e7_m"", ""label"": ""Depth at prospect P-1 with Ekene-7 included"", ""unit"": ""m"", ""expected"": 1547.105224609375, ""tol"": 0.01}, ""rekey_annot"": {""source"": ""nextgen-panel"", ""source_ref"": ""src/components/course/panels/mapping/ValidationExplorer.jsx:67 (Depth at P-1 tile, control set Six plus Ekene-7)"", ""printed"": {""decimals"": 4}, ""display_scale"": 1, ""display_ref"": ""src/components/course/panels/mapping/ValidationExplorer.jsx:67 fmt(s.atTarget) (toFixed(4))"", ""prompt_precision"": null, ""answer_space"": null, ""guess_p"": null, ""evidence"": ""computeValidationMap(\""plus7\"").summary.atTarget = 1547.105224609375 (pinned in validationLab.test.js). The same tile under the other seven control sets reads 1542.6199 (all six, the default state and the beginner answer), 1543.0889, 1541.9392, 1543.8075, 1547.2102 (closest, 0.105 away), 1542.1936, 1549.7084: all fail tol 0.01. Printed at 4 dp, rounding miss 2.5e-5. The default state does not print it. LEAK: advanced m04 l04 and m05 l03 teach the seven-well P-1 reading (1547.105224609375) as the module's own worked result; left for the W5 re-case like the other mapping leaks."", ""class"": ""none"", ""owner_decision"": false, ""leak"": true}}",nextgen-panel,integer,1.0,,0.0,2,0.5,False,"{""redesign"": ""Replace with 'Depth at P-1 with Ekene-7 included' (m), read from the Depth at P-1 tile (ValidationExplorer.jsx:67, fmt 4) in the Six plus Ekene-7 state, tol 0.1; it measures what the new well did to the prospect.""}","/root/wt-b5-nextgen/src/components/course/panels/mapping/ValidationExplorer.jsx:62 (Live nodes tile, Six plus Ekene-7 set)",/root/wt-b5-nextgen/src/components/course/panels/mapping/ValidationExplorer.jsx:62 String(s.liveNodes),"Ekene-7 lies inside the six-well hull, so the live count is unchanged at 201, the same number graded in the Associate (live_nodes) and Professional (iso_live) capstones; 'unchanged' is the obvious guess and it is right."
mbal,beginner,f_last_rb,rb,317926.842484584,50.0,none,[],True,,nextgen-panel,"{""decimals"": 1}",1.0,,0.04248458403162658,,,False,,"/root/wt-b5-nextgen/src/components/course/panels/mbal/TankExplorer.jsx:89 (survey table, 'F rb' column, aquifer selector on None)","/root/wt-b5-nextgen/src/components/course/panels/mbal/TankExplorer.jsx:89 fmt(r.F_rb, 1)","Last survey row prints F to one decimal (317,926.8) against tol 50 rb; also hand-calc Np*Bo taught in the walkthrough."
mbal,beginner,et_last_rb,rb/stb,0.0261900809071921,5e-05,none,[],True,,nextgen-panel,"{""decimals"": 7}",1.0,,1.9092807900661368e-08,,,False,,"/root/wt-b5-nextgen/src/components/course/panels/mbal/TankExplorer.jsx:92 ('Et rb' column, last row)","/root/wt-b5-nextgen/src/components/course/panels/mbal/TankExplorer.jsx:92 fmt(r.Et_rb, 7)",Et printed to 7 decimals (0.0261901) vs tol 5e-5.
mbal,beginner,ooip_stb,stb,12139208.1074968,20000.0,none,[],True,,nextgen-panel,"{""decimals"": 1}",1.0,,0.007496800273656845,,,False,,/root/wt-b5-nextgen/src/components/course/panels/mbal/TankExplorer.jsx:101 'OOIP from the slope' tile,"/root/wt-b5-nextgen/src/components/course/panels/mbal/TankExplorer.jsx:101 fmt(result.estimated_ooip_stb, 1)","Tile prints 12,139,208.1 vs tol 20000 stb."
mbal,beginner,efw_share_pct,%,39.2996108949418,0.2,none,[],True,,nextgen-panel,"{""decimals"": 6}",1.0,,1.0505819858508403e-07,,,False,,/root/wt-b5-nextgen/src/components/course/panels/mbal/TankExplorer.jsx:109 'Efw share of Et at the last survey' tile,"/root/wt-b5-nextgen/src/components/course/panels/mbal/TankExplorer.jsx:109 fmt(last.efwShare * 100, 6)","Tile prints 39.299611 % vs tol 0.2 (displayed = expected, already in percent)."
mbal,beginner,ddi_final,-,0.607003891050583,0.005,none,[],True,,nextgen-panel,"{""sigfigs"": 9}",1.0,,5.058309326955168e-11,,,False,,/root/wt-b5-nextgen/src/components/course/panels/mbal/TankExplorer.jsx:105 'Depletion drive index' tile,"/root/wt-b5-nextgen/src/components/course/panels/mbal/TankExplorer.jsx:105 sci(result.final_ddi, 9)",Tile prints 0.607003891 vs tol 0.005; hand route Eo/Et of last row taught in the walkthrough.
mbal,beginner,r_squared,-,1.0,0.001,redesign,"[""guessable""]",True,"{""migration"": ""20261024a_w1_mbal.sql"", ""wave"": ""w1"", ""rekey"": {""key"": ""eo_last_rb_stb"", ""label"": ""Oil expansion Eo at the last survey"", ""unit"": ""rb/stb"", ""expected"": 0.01589748101759514, ""tol"": 5e-05}, ""rekey_annot"": {""source"": ""nextgen-panel"", ""source_ref"": ""src/components/course/panels/mbal/TankExplorer.jsx:90 (survey table 'Eo rb/stb', last row)"", ""printed"": {""decimals"": 7}, ""display_scale"": 1, ""display_ref"": ""src/components/course/panels/mbal/TankExplorer.jsx:90 fmt(r.Eo_rb_stb, 7)"", ""prompt_precision"": null, ""answer_space"": null, ""guess_p"": null, ""evidence"": ""tankLab.runEkeneTank().last.Eo_rb_stb = 0.01589748101759514 (Bo 1.21589748101760 less Boi 1.2); prints 0.0158975. Neighbours: Efw 0.0102926, Et 0.0261901, previous survey Eo 0.0140221 all miss by > 1.8e-3."", ""class"": ""none"", ""owner_decision"": false, ""leak"": true}}",nextgen-panel,"{""sigfigs"": 12}",1.0,,0.0,4,0.5,False,"{""redesign"": ""eo_last_rb_stb, label 'Oil expansion Eo at the last survey', unit rb/stb, expected 0.0158974810175952 (Et less Efw of the last row), tol 5e-5; read from the 'Eo rb/stb' column of the Tank explorer survey table (TankExplorer.jsx:90, 7 decimals).""}",/root/wt-b5-nextgen/src/components/course/panels/mbal/TankExplorer.jsx:103 'R-squared' tile,"/root/wt-b5-nextgen/src/components/course/panels/mbal/TankExplorer.jsx:103 sci(result.r_squared, 12)","Expected is exactly 1 (integral), tol 0.001; plausible unworked guesses {1, 0.999, 0.99, 0.98}, of which 1 and 0.999 pass."
mbal,intermediate,wei_bbl,bbl,211934253.721285,500000.0,none,[],True,,nextgen-panel,"{""decimals"": 0}",1.0,,0.27871501445770264,,,False,,/root/wt-b5-nextgen/src/components/course/panels/mbal/AquiferExplorer.jsx:76 'Wei' tile (fields load at Ahmed 10-10 geometry),"/root/wt-b5-nextgen/src/components/course/panels/mbal/AquiferExplorer.jsx:76 fmt(out.constants.Wei, 0)","Wei printed to whole barrels (211,934,254) vs tol 500000; four-step hand route also taught in the walkthrough."
mbal,intermediate,j_bbl_d_psi,bbl/d/psi,116.496154838747,0.5,none,[],True,,nextgen-panel,"{""sigfigs"": 9}",1.0,,1.6125299850955344e-07,,,False,,/root/wt-b5-nextgen/src/components/course/panels/mbal/AquiferExplorer.jsx:78 'J' tile,"/root/wt-b5-nextgen/src/components/course/panels/mbal/AquiferExplorer.jsx:78 sci(out.constants.J, 9)",J printed to 9 sig figs (116.496155) vs tol 0.5; the book's printed 116.5 also passes.
mbal,intermediate,decay_365,-,0.422897624804177,0.002,none,[],True,,nextgen-panel,"{""sigfigs"": 9}",1.0,,1.9582302446252697e-10,,,False,,/root/wt-b5-nextgen/src/components/course/panels/mbal/AquiferExplorer.jsx:80 'Decay over one step' tile,"/root/wt-b5-nextgen/src/components/course/panels/mbal/AquiferExplorer.jsx:80 sci(out.constants.decay, 9)",Printed 0.422897625 vs tol 0.002; book's 0.4229 passes.
mbal,intermediate,we_final_mmbbl,MMbbl,37.9731544101719,0.4,none,[],True,,nextgen-panel,"{""decimals"": 6}",1.0,,4.1017190000047776e-07,,,False,,"/root/wt-b5-nextgen/src/components/course/panels/mbal/AquiferExplorer.jsx:98 marching table, last row engine column (MMbbl)","/root/wt-b5-nextgen/src/components/course/panels/mbal/AquiferExplorer.jsx:98 fmt(w / 1e6, 6)",Engine column prints MMbbl to 6 decimals vs tol 0.4; printed book column 37.971 also passes.
mbal,intermediate,pot_ooip_stb,stb,-516449.043355256,20000.0,none,[],True,,nextgen-panel,"{""decimals"": 1}",1.0,,0.043355256028007716,,,False,,/root/wt-b5-nextgen/src/components/course/panels/mbal/TankExplorer.jsx:101 'OOIP from the slope' tile with selector on 'Pot aquifer (not needed here)' (state at :18),"/root/wt-b5-nextgen/src/components/course/panels/mbal/TankExplorer.jsx:101 fmt(result.estimated_ooip_stb, 1)","One selector click gives -516,449 (probe) vs tol 20000."
mbal,intermediate,pot_r2,-,0.999485673716372,0.002,tolerance,"[""guessable""]",False,"{""migration"": ""20261024a_w1_mbal.sql"", ""wave"": ""w1"", ""tol"": [0.002, 0.0001]}",nextgen-panel,"{""sigfigs"": 12}",1.0,,3.7203573555188996e-13,4,0.5,False,"{""new_tol"": 0.0001}",/root/wt-b5-nextgen/src/components/course/panels/mbal/TankExplorer.jsx:103 'R-squared' tile on the pot setting,"/root/wt-b5-nextgen/src/components/course/panels/mbal/TankExplorer.jsx:103 sci(result.r_squared, 12)","Expected 0.999485673716372 with tol 0.002, so a blind guess of 1 (|1 - 0.99949| = 0.00051) passes; unworked guesses {1, 0.999, 0.99, 0.98}, two pass."
mbal,advanced,dake_ooip_mmstb,MMSTB,307.22140955372,3.0,none,[],False,,prompt-given,full,1.0,,0.0,,,False,,/root/wt-b5-nextgen/src/content/courses/mbal/advanced/m02-carter-tracy/l03-dake-9-2.md ('What the engine returns' table),,"No course panel runs Dake 9.2 (TankExplorer runs Ekene only, per l03 'At the panel'); the lesson table states 'OOIP 307221409.553720 stb, that is 307.221409553720 MMSTB'. Tol 3 MMSTB excludes Dake's own 312."
mbal,advanced,dake_we_mmrb,MMrb,88.06458831394,1.0,none,[],False,,prompt-given,full,1.0,,0.0,,,False,,/root/wt-b5-nextgen/src/content/courses/mbal/advanced/m02-carter-tracy/l03-dake-9-2.md ('What the engine returns' table),,"Lesson states 'cumulative We 88064588.3139400 rb, that is 88.0645883139400 MMrb' (also m02/l04); tol 1 MMrb."
mbal,advanced,pd_finite_100,-,9.30886079703705,0.05,none,[],True,,nextgen-panel,"{""sigfigs"": 9}",1.0,,2.9629489972649026e-09,,,False,,"/root/wt-b5-nextgen/src/components/course/panels/mbal/PdExplorer.jsx:68 'pD finite at tD 100' tile, selector loads at reD 5 (:18)","/root/wt-b5-nextgen/src/components/course/panels/mbal/PdExplorer.jsx:68 sci(at(100).finite, 9)",Tile prints 9.30886080 vs tol 0.05 on the default reD 5.
mbal,advanced,a111_we_bbl,bbl,411281.250000001,500.0,none,[],False,,hand-calc,full,1.0,,0.0,,,False,,/root/wt-b5-nextgen/src/content/courses/mbal/advanced/m03-combination-drive/l03-ahmed-11-1.md (We by subtraction),,Closed form We = F - N(Eo + m Eg + Efw) taught with every term; tol 500 bbl.
mbal,advanced,a111_wdi,-,0.211250877090399,0.002,none,[],True,,hand-calc,full,1.0,,0.0,,,False,,/root/wt-b5-nextgen/src/content/courses/mbal/advanced/m06-the-expert-reading/l02-capstone-walkthrough.md (walkthrough two) and /root/wt-b5-nextgen/src/content/courses/mbal/advanced/m03-combination-drive/l04-apportioning-the-drive.md,,"WDI = (We - Wp Bw)/A, one-line closed form; tol 0.002, book's 0.2112 passes."
mbal,advanced,a111_index_sum,-,1.0,0.002,redesign,"[""guessable""]",False,"{""migration"": ""20261024a_w1_mbal.sql"", ""wave"": ""w1"", ""rekey"": {""key"": ""a111_ddi"", ""label"": ""Ahmed 11-1 depletion drive index, net convention"", ""unit"": ""-"", ""expected"": 0.43854519939188374, ""tol"": 0.002}, ""rekey_annot"": {""source"": ""hand-calc"", ""source_ref"": ""src/content/courses/mbal/advanced/m03-combination-drive/l03-ahmed-11-1.md; src/components/course/panels/mbal/tankLab.js:157 combinationDrive().byNetWithdrawal.DDI"", ""printed"": ""full"", ""display_scale"": 1, ""display_ref"": null, ""prompt_precision"": null, ""answer_space"": null, ""guess_p"": null, ""evidence"": ""N Eo / A = 1e7 x 0.075 / 1710200 = 0.43854519939188374. Book prints 0.4385 (inside tol, the net convention). Gross convention 0.42608794 misses by 0.0125; SDI 0.3465, WDI 0.2113, EDI 0.0038 all far."", ""class"": ""none"", ""owner_decision"": false, ""leak"": true}}",hand-calc,full,1.0,,0.0,2,0.5,False,"{""redesign"": ""a111_ddi, label 'Ahmed 11-1 depletion drive index, net convention', unit -, expected N Eo / A = 0.438545199391884, tol 0.002; hand-calc from the terms in advanced m03/l03 (book prints 0.4385).""}",/root/wt-b5-nextgen/src/content/courses/mbal/advanced/m06-the-expert-reading/l02-capstone-walkthrough.md (walkthrough two),,"Expected exactly 1 (integral), tol 0.002. Unworked answer space {1, 0.9716 (A/F)}; 1 passes."
metering,beginner,krakama_beta_ratio,ratio,0.48549054003257736,5e-07,none,[],False,,hand-calc,full,1.0,6,0.0,,,False,,src/content/courses/metering/beginner/m01-one-orifice-run-end-to-end,src/components/course/panels/metering/gradedTolerance.js,3.8747/7.981; six-decimal rounding error 4.6e-7 <= tol 5e-7.
metering,beginner,krakama_differential_psi,psi,3.1586098390000004,5e-07,none,[],False,,hand-calc,full,1.0,6,0.0,,,False,,src/content/courses/metering/beginner/m01-one-orifice-run-end-to-end/l03-the-inch-of-water.md,src/components/course/panels/metering/gradedTolerance.js,87.43 in H2O x the inch-of-water factor the lesson states; error 1.6e-7.
metering,beginner,krakama_transmitter_uncertainty_pct,percent of reading,0.349994281139197,5e-07,none,[],False,,hand-calc,full,1.0,6,0.0,,,False,,src/content/courses/metering/beginner/m06-the-uncertainty-budget/l02-the-differential-term.md,src/components/course/panels/metering/gradedTolerance.js,0.072 x 425 / 87.43 = 0.349994; error 2.8e-7.
metering,beginner,krakama_flow_turndown_ratio,ratio,2.204774746428498,5e-07,none,[],False,,hand-calc,full,1.0,6,0.0,,,False,,src/content/courses/metering/beginner/m05,src/components/course/panels/metering/gradedTolerance.js,sqrt(425/87.43) = 2.204775; error 2.5e-7.
metering,beginner,krakama_total_uncertainty_pct,percent of flow,0.5585545354757169,5e-07,display,[],False,,nextgen-panel,"{""decimals"": 6}",1.0,6,4.645242831502472e-07,,,True,"{""display"": ""src/content/courses/metering/beginner/m06-the-uncertainty-budget/l01-six-terms-one-root-sum-of-squares.md -> state the two bore sensitivities as relations of beta (orifice bore 2 + 2b4/(1-b4), pipe bore 2b4/(1-b4)); or let MeterRunExplorer take the five term uncertainties and pipe bore as inputs""}",src/components/course/panels/metering/MeterRunExplorer.jsx:139,src/components/course/panels/metering/MeterRunExplorer.jsx:139,"RSS needs the orifice-bore and pipe-bore sensitivities (engine: 2 + 2b4/(1-b4) and 2b4/(1-b4)), which beginner/m06/l01 prints only as numbers at the ABOH beta (2.114632, 0.114632) and never as a relation. Reusing the ABOH sensitivities moves the total by about 2e-5 against tol 5e-7. The only route is contrived: type an orifice bore of 0.485491 x 6.065 in into MeterRunExplorer so its beta matches, read the six-decimal sensitivities, then recombine with the capstone's own term uncertainties."
metering,beginner,krakama_turbine_gross_bbl,bbl,4604.50161890254,5e-05,none,[],False,,hand-calc,full,1.0,4,0.0,,,False,,src/content/courses/metering/beginner/m04-permanent-loss-turbines-and-straight-run/l03-a-turbine-volume-is-gross.md,src/components/course/panels/metering/gradedTolerance.js,4187233/912.47 x 1.0034 = 4604.5016; four-decimal error 1.9e-5 <= 5e-5.
metering,intermediate,utonana_ff_critical_ratio,ratio,0.884125795896952,5e-07,none,[],False,,hand-calc,full,1.0,6,0.0,,,False,,src/content/courses/metering/intermediate/m01-the-choking-boundary/l05-the-critical-pressure-ratio-factor.md,src/components/course/panels/metering/gradedTolerance.js,0.96 - 0.28 sqrt(41.62/566.8); error 2.0e-7.
metering,intermediate,utonana_allowable_drop_psi,psi,338.6106717157376,5e-07,none,[],False,,hand-calc,full,1.0,6,0.0,,,False,,src/content/courses/metering/intermediate/m01-the-choking-boundary/l02-the-allowable-drop.md,src/components/course/panels/metering/gradedTolerance.js,0.93^2 x (428.3 - FF x 41.62) = 338.610672; error 2.8e-7.
metering,intermediate,utonana_liquid_cv,Cv,34.0856183317242,5e-07,none,[],False,,hand-calc,full,1.0,6,0.0,,,False,,src/content/courses/metering/intermediate/m01-the-choking-boundary,src/components/course/panels/metering/gradedTolerance.js,742.6 sqrt(0.7134/338.6107) on the choked (smaller) drop; error 3.3e-7.
metering,intermediate,utonana_cavitation_sigma,ratio,1.1419604646265147,5e-07,none,[],False,,hand-calc,full,1.0,6,0.0,,,False,,src/content/courses/metering/intermediate/m01-the-choking-boundary/l02-the-allowable-drop.md,src/components/course/panels/metering/gradedTolerance.js,(428.3-41.62)/338.6107 = 1.141960; error 4.6e-7 <= 5e-7.
metering,intermediate,utonana_valve_authority,ratio,0.7859982332155476,5e-07,none,[],False,,hand-calc,full,1.0,6,0.0,,,False,,src/content/courses/metering/intermediate/m04-authority-and-the-characteristic/l02-the-ladder-and-the-screen.md,src/components/course/panels/metering/gradedTolerance.js,(428.3-72.4)/452.8 = 0.785998; error 2.3e-7.
metering,intermediate,utonana_normal_travel_pct,percent open,75.119235881917,5e-07,none,[],False,,hand-calc,full,1.0,6,0.0,,,False,,src/content/courses/metering/intermediate/m06-travel-rangeability-and-the-verdict/l02-equal-percentage-and-linear-travel.md,src/components/course/panels/metering/gradedTolerance.js,100 x (1 + ln(34.62/88)/ln(42.5)) = 75.119236; error 1.2e-7.
metering,advanced,saghara_bottom_course_required_in,in,0.3410914313359685,5e-07,none,[],False,,hand-calc,full,1.0,,0.0,,,False,,src/content/courses/metering/advanced/m02-the-shell-and-what-governs/l01-the-one-foot-method.md,src/components/course/panels/metering/gradedTolerance.js,2.6 x 78.4 x (42.6-1) x 0.8312/25300 + 0.0625 = 0.341091; error 4.3e-7 <= 5e-7.
metering,advanced,saghara_sg_at_which_test_governs,specific gravity,0.7505632472622514,5e-07,none,[],False,,hand-calc,full,1.0,,0.0,,,False,,src/content/courses/metering/advanced/m02-the-shell-and-what-governs/l02-when-the-water-test-governs.md,src/components/course/panels/metering/gradedTolerance.js,Gravity at which design (with CA) equals the hydrotest thickness; error 2.5e-7.
metering,advanced,saghara_inbreathing_scfh,scfh,52218.131495532485,5e-05,none,[],False,,hand-calc,full,1.0,,0.0,,,False,,src/content/courses/metering/advanced/m03-normal-venting,src/components/course/panels/metering/gradedTolerance.js,"1.12 x 1.08 x nominal capacity (44 ft shell, 5.614583 ft3/bbl) + 1150 x 5.614583 = 52218.1315; error 4.5e-6."
metering,advanced,saghara_vacuum_governing_draw_bblhr,bbl/hr,1396.812501113412,5e-05,none,[],False,,hand-calc,full,1.0,,0.0,,,False,,src/content/courses/metering/advanced/m03-normal-venting/l03-vacuum-destroys-tanks.md,src/components/course/panels/metering/gradedTolerance.js,Draw at which inbreathing equals outbreathing (fill 4820 plus 0.58 thermal) = 1396.8125; error 1.1e-6.
metering,advanced,saghara_working_capacity_bbl,bbl,36628.07322123172,5e-05,none,[],False,,hand-calc,full,1.0,,0.0,,,False,,src/content/courses/metering/advanced/m01-the-tank-and-its-geometry/l02-capacity-and-the-exact-barrel.md,src/components/course/panels/metering/gradedTolerance.js,pi/4 x 78.4^2 x 42.6 / 5.614583 = 36628.0732; error 2.1e-5 <= 5e-5.
metering,advanced,saghara_recovery_saved_lb_yr,lb/yr,200679.24000000002,5e-05,none,[],False,,hand-calc,full,1.0,,0.0,,,False,,src/content/courses/metering/advanced/m05-losses-and-what-control-saves,src/components/course/panels/metering/gradedTolerance.js,214860 x 0.934 = 200679.24 exactly.
network,beginner,trunk_maop_psi,psi,2444.6511627906975,0.0013,none,[],False,,hand-calc,full,1.0,,0.0,,,False,,src/content/courses/network/beginner/m02-the-line-and-what-it-holds/l03-what-a-wall-can-hold.md:3,src/content/courses/network/beginner/m02-the-line-and-what-it-holds/l03-what-a-wall-can-hold.md:3,"Barlow P = 2 S t f / D on the outside diameter (l03:3): 2 x 60000 x 0.365 x 0.6 / 10.75 = 2444.6512; closed form from prompt inputs, full precision."
network,beginner,trunk_fitting_eq_length_ft,ft,341.59090909090907,0.00018,none,[],False,,hand-calc,full,1.0,,0.0,,,False,,src/content/courses/network/beginner/m03-fittings-as-pipe/l02-equivalent-length.md:1,src/content/courses/network/beginner/m03-fittings-as-pipe/l02-equivalent-length.md:1,L = sum(K) x D / f with the bore in feet (m03/l02-l03): 5.85 x (10.02/12) / 0.0143 = 341.5909; closed form.
network,beginner,solo_w1_wellhead_psia,psia,561.6257875816433,0.00029,none,[],False,,hand-calc,full,1.0,,0.0,,,False,,src/content/courses/network/beginner/m05-one-well-on-its-own/l04-where-the-wellhead-lands.md:22,src/content/courses/network/beginner/m05-one-well-on-its-own/l04-where-the-wellhead-lands.md:22,Solve 7300(1-0.2x-0.8x^2) = k_s sqrt(p-235) with 1/k_s^2 = 1/430^2 + 1/815^2 (equivalently the prompt's two statements); 561.6258 psia.
network,beginner,solo_w1_rate_lbd,lb/d,6873.302934940513,0.0035,none,[],False,,hand-calc,full,1.0,,0.0,,,False,,src/content/courses/network/beginner/m05-one-well-on-its-own/l04-where-the-wellhead-lands.md:22,src/content/courses/network/beginner/m05-one-well-on-its-own/l04-where-the-wellhead-lands.md:22,"Vogel at the solved wellhead, 6873.3029 lb/d; the prompt's free check restates it."
network,beginner,solo_w4_wellhead_psia,psia,290.93392225131095,0.00015,none,[],False,,hand-calc,full,1.0,,0.0,,,False,,src/content/courses/network/beginner/m05-one-well-on-its-own/l04-where-the-wellhead-lands.md:22,src/content/courses/network/beginner/m05-one-well-on-its-own/l04-where-the-wellhead-lands.md:22,"Same one-variable root on 1850, 1180 and 232; 290.9339 psia."
network,beginner,solo_w4_rate_lbd,lb/d,1668.807296619226,0.00084,none,[],False,,hand-calc,full,1.0,,0.0,,,False,,src/content/courses/network/beginner/m05-one-well-on-its-own/l04-where-the-wellhead-lands.md:22,src/content/courses/network/beginner/m05-one-well-on-its-own/l04-where-the-wellhead-lands.md:22,"Vogel at that wellhead, 1668.8073 lb/d."
network,intermediate,net_header_h1_psia,psia,879.9476730307991,0.00044,display,[],False,,unobtainable,,1.0,,,,,True,"{""display"": ""src/components/course/panels/network/NetworkExplorer.jsx:419 add an editable/capstone-shaped network; fmt default 4 decimals (:24) is enough for tol 0.00044""}",src/components/course/panels/network/NetworkExplorer.jsx:419,src/components/course/panels/network/NetworkExplorer.jsx:24,"No learner-facing surface runs this network: the NextGen panels are select-only over teaching cases (SelectField only, src/components/course/panels/network/NetworkExplorer.jsx:419, FightExplorer.jsx:301) and networkLab.js carries no capstone material by design (src/components/course/panels/network/panelCapstoneGuard.test.js:1-8); the Suite Production Network Studio (src/utils/production/network.js:406 runNetwork) models wells by nodal curves and pipes by geometry, with no Vogel-in-lb/d or k-root-psi branch input. The lessons teach the engine's Newton solve (intermediate/m01/l02-l03) and never a hand or spreadsheet route for an 8-unknown system with an allocation min() and a capacity limit. Nine-branch looped turbulent solve with OBIAFU-19 allocation and capacity limit."
network,intermediate,net_satellite_m_psia,psia,884.148272605056,0.00045,display,[],False,,unobtainable,,1.0,,,,,True,"{""display"": ""src/components/course/panels/network/NetworkExplorer.jsx:419 editable network""}",src/components/course/panels/network/NetworkExplorer.jsx:419,src/components/course/panels/network/NetworkExplorer.jsx:24,"No learner-facing surface runs this network: the NextGen panels are select-only over teaching cases (SelectField only, src/components/course/panels/network/NetworkExplorer.jsx:419, FightExplorer.jsx:301) and networkLab.js carries no capstone material by design (src/components/course/panels/network/panelCapstoneGuard.test.js:1-8); the Suite Production Network Studio (src/utils/production/network.js:406 runNetwork) models wells by nodal curves and pipes by geometry, with no Vogel-in-lb/d or k-root-psi branch input. The lessons teach the engine's Newton solve (intermediate/m01/l02-l03) and never a hand or spreadsheet route for an 8-unknown system with an allocation min() and a capacity limit. Same solve."
network,intermediate,net_tee_h2_psia,psia,704.6819057375309,0.00036,display,[],False,,unobtainable,,1.0,,,,,True,"{""display"": ""src/components/course/panels/network/NetworkExplorer.jsx:419 editable network""}",src/components/course/panels/network/NetworkExplorer.jsx:419,src/components/course/panels/network/NetworkExplorer.jsx:24,"No learner-facing surface runs this network: the NextGen panels are select-only over teaching cases (SelectField only, src/components/course/panels/network/NetworkExplorer.jsx:419, FightExplorer.jsx:301) and networkLab.js carries no capstone material by design (src/components/course/panels/network/panelCapstoneGuard.test.js:1-8); the Suite Production Network Studio (src/utils/production/network.js:406 runNetwork) models wells by nodal curves and pipes by geometry, with no Vogel-in-lb/d or k-root-psi branch input. The lessons teach the engine's Newton solve (intermediate/m01/l02-l03) and never a hand or spreadsheet route for an 8-unknown system with an allocation min() and a capacity limit. Same solve."
network,intermediate,net_trunk_mass_lbd,lb/d,17662.798867634527,0.0089,display,[],False,,unobtainable,,1.0,,,,,True,"{""display"": ""src/components/course/panels/network/NetworkExplorer.jsx:419 editable network""}",src/components/course/panels/network/NetworkExplorer.jsx:419,src/components/course/panels/network/NetworkExplorer.jsx:24,"No learner-facing surface runs this network: the NextGen panels are select-only over teaching cases (SelectField only, src/components/course/panels/network/NetworkExplorer.jsx:419, FightExplorer.jsx:301) and networkLab.js carries no capstone material by design (src/components/course/panels/network/panelCapstoneGuard.test.js:1-8); the Suite Production Network Studio (src/utils/production/network.js:406 runNetwork) models wells by nodal curves and pipes by geometry, with no Vogel-in-lb/d or k-root-psi branch input. The lessons teach the engine's Newton solve (intermediate/m01/l02-l03) and never a hand or spreadsheet route for an 8-unknown system with an allocation min() and a capacity limit. Trunk mass = 815 sqrt(h2 - 235) needs h2 from the solve."
network,intermediate,net_bypass_mass_lbd,lb/d,12974.021847848679,0.0065,display,[],False,,unobtainable,,1.0,,,,,True,"{""display"": ""src/components/course/panels/network/NetworkExplorer.jsx:419 editable network""}",src/components/course/panels/network/NetworkExplorer.jsx:419,src/components/course/panels/network/NetworkExplorer.jsx:24,"No learner-facing surface runs this network: the NextGen panels are select-only over teaching cases (SelectField only, src/components/course/panels/network/NetworkExplorer.jsx:419, FightExplorer.jsx:301) and networkLab.js carries no capstone material by design (src/components/course/panels/network/panelCapstoneGuard.test.js:1-8); the Suite Production Network Studio (src/utils/production/network.js:406 runNetwork) models wells by nodal curves and pipes by geometry, with no Vogel-in-lb/d or k-root-psi branch input. The lessons teach the engine's Newton solve (intermediate/m01/l02-l03) and never a hand or spreadsheet route for an 8-unknown system with an allocation min() and a capacity limit. Needs h1 and h2 from the solve."
network,intermediate,net_crosslink_mass_lbd,lb/d,-942.7867573914898,0.00048,display,[],False,,unobtainable,,1.0,,,,,True,"{""display"": ""src/components/course/panels/network/NetworkExplorer.jsx:419 editable network""}",src/components/course/panels/network/NetworkExplorer.jsx:419,src/components/course/panels/network/NetworkExplorer.jsx:24,"No learner-facing surface runs this network: the NextGen panels are select-only over teaching cases (SelectField only, src/components/course/panels/network/NetworkExplorer.jsx:419, FightExplorer.jsx:301) and networkLab.js carries no capstone material by design (src/components/course/panels/network/panelCapstoneGuard.test.js:1-8); the Suite Production Network Studio (src/utils/production/network.js:406 runNetwork) models wells by nodal curves and pipes by geometry, with no Vogel-in-lb/d or k-root-psi branch input. The lessons teach the engine's Newton solve (intermediate/m01/l02-l03) and never a hand or spreadsheet route for an 8-unknown system with an allocation min() and a capacity limit. Needs h1 and the satellite tee pressure from the solve; sign in the drawn sense."
network,advanced,fight_w1_rate_lbd,lb/d,6161.276989112374,0.0031,display,[],False,,unobtainable,,1.0,,,,,True,"{""display"": ""src/components/course/panels/network/FightExplorer.jsx:301 editable network""}",src/components/course/panels/network/FightExplorer.jsx:301,src/components/course/panels/network/NetworkExplorer.jsx:24,"No learner-facing surface runs this network: the NextGen panels are select-only over teaching cases (SelectField only, src/components/course/panels/network/NetworkExplorer.jsx:419, FightExplorer.jsx:301) and networkLab.js carries no capstone material by design (src/components/course/panels/network/panelCapstoneGuard.test.js:1-8); the Suite Production Network Studio (src/utils/production/network.js:406 runNetwork) models wells by nodal curves and pipes by geometry, with no Vogel-in-lb/d or k-root-psi branch input. The lessons teach the engine's Newton solve (intermediate/m01/l02-l03) and never a hand or spreadsheet route for an 8-unknown system with an allocation min() and a capacity limit. OBIAFU-3 rate on the system needs the full turbulent solve."
network,advanced,fight_w4_rate_lbd,lb/d,729.3706808145245,0.00037,display,[],False,,unobtainable,,1.0,,,,,True,"{""display"": ""src/components/course/panels/network/FightExplorer.jsx:301 editable network""}",src/components/course/panels/network/FightExplorer.jsx:301,src/components/course/panels/network/NetworkExplorer.jsx:24,"No learner-facing surface runs this network: the NextGen panels are select-only over teaching cases (SelectField only, src/components/course/panels/network/NetworkExplorer.jsx:419, FightExplorer.jsx:301) and networkLab.js carries no capstone material by design (src/components/course/panels/network/panelCapstoneGuard.test.js:1-8); the Suite Production Network Studio (src/utils/production/network.js:406 runNetwork) models wells by nodal curves and pipes by geometry, with no Vogel-in-lb/d or k-root-psi branch input. The lessons teach the engine's Newton solve (intermediate/m01/l02-l03) and never a hand or spreadsheet route for an 8-unknown system with an allocation min() and a capacity limit. Needs the full turbulent solve."
network,advanced,stream_bypass_water_stbd,stb/d,1470.97340763847,0.00074,display,[],False,,unobtainable,,1.0,,,,,True,"{""display"": ""src/components/course/panels/network/FightExplorer.jsx:301 editable network plus branchStreams table""}",src/components/course/panels/network/FightExplorer.jsx:301,src/components/course/panels/network/NetworkExplorer.jsx:24,"No learner-facing surface runs this network: the NextGen panels are select-only over teaching cases (SelectField only, src/components/course/panels/network/NetworkExplorer.jsx:419, FightExplorer.jsx:301) and networkLab.js carries no capstone material by design (src/components/course/panels/network/panelCapstoneGuard.test.js:1-8); the Suite Production Network Studio (src/utils/production/network.js:406 runNetwork) models wells by nodal curves and pipes by geometry, with no Vogel-in-lb/d or k-root-psi branch input. The lessons teach the engine's Newton solve (intermediate/m01/l02-l03) and never a hand or spreadsheet route for an 8-unknown system with an allocation min() and a capacity limit. Water propagated along solved flow directions with a mass-share split at the satellite tee; needs every solved branch mass."
network,advanced,exact_linear_h1_psia,psia,626.3272410560802,0.00032,none,[],False,,hand-calc,full,1.0,,0.0,,,False,,src/content/courses/network/intermediate/m01-the-solve/l01-the-one-case-with-a-closed-form.md:9,src/content/courses/network/intermediate/m01-the-solve/l01-the-one-case-with-a-closed-form.md:9,"Linear wells and linear branches collapse to a weighted Laplacian (intermediate/m01/l01); each well plus its flowline is a linear Norton source, leaving a 3x3 linear system (west manifold, satellite tee, trunk tee) a spreadsheet MINVERSE solves exactly."
network,advanced,hidden_produced_lbd,lb/d,17962.798867634523,0.009,display,[],False,,unobtainable,,1.0,,,,,True,"{""display"": ""src/components/course/panels/network/FightExplorer.jsx:301 editable network with checkConservation readout""}",src/components/course/panels/network/FightExplorer.jsx:301,src/components/course/panels/network/NetworkExplorer.jsx:24,"No learner-facing surface runs this network: the NextGen panels are select-only over teaching cases (SelectField only, src/components/course/panels/network/NetworkExplorer.jsx:419, FightExplorer.jsx:301) and networkLab.js carries no capstone material by design (src/components/course/panels/network/panelCapstoneGuard.test.js:1-8); the Suite Production Network Studio (src/utils/production/network.js:406 runNetwork) models wells by nodal curves and pipes by geometry, with no Vogel-in-lb/d or k-root-psi branch input. The lessons teach the engine's Newton solve (intermediate/m01/l02-l03) and never a hand or spreadsheet route for an 8-unknown system with an allocation min() and a capacity limit. Produced = trunk mass + 300 lb/d (the prompt says so), and the trunk mass needs the turbulent solve."
network,advanced,hidden_gap_fraction,dimensionless,0.01670118349655065,8.4e-09,display,[],False,,unobtainable,,1.0,,,,,True,"{""display"": ""src/components/course/panels/network/FightExplorer.jsx:301 editable network; print relative gap to 9+ decimals""}",src/components/course/panels/network/FightExplorer.jsx:301,src/components/course/panels/network/NetworkExplorer.jsx:24,"No learner-facing surface runs this network: the NextGen panels are select-only over teaching cases (SelectField only, src/components/course/panels/network/NetworkExplorer.jsx:419, FightExplorer.jsx:301) and networkLab.js carries no capstone material by design (src/components/course/panels/network/panelCapstoneGuard.test.js:1-8); the Suite Production Network Studio (src/utils/production/network.js:406 runNetwork) models wells by nodal curves and pipes by geometry, with no Vogel-in-lb/d or k-root-psi branch input. The lessons teach the engine's Newton solve (intermediate/m01/l02-l03) and never a hand or spreadsheet route for an 8-unknown system with an allocation min() and a capacity limit. 300 / produced; derivable once field 5 is known, which needs the solve. tol 8.4e-9 needs 9 decimals from any display."
nodal,beginner,ipr_pi_stbd_per_psi,stb/d/psi,1.856946354883082,1e-06,none,[],False,,hand-calc,full,1.0,,0.0,,,False,,/root/wt-b5-nextgen/src/content/courses/nodal/beginner/m03-below-the-bubble-point; /root/wt-b5-nextgen/src/content/courses/nodal/beginner/m06-the-associate-reading/l02-working-the-capstone.md,,Composite calibration J = q / ((pr - pb) + pb/1.8 (1 - 0.2x - 0.8x^2)) from the prompt's test; reproduced exactly. The pd-ipr-explorer panel is teaching wells only (IprExplorer.jsx:583 select of BONNY-7 etc.).
nodal,beginner,ipr_q_at_bubble_stbd,stb/d,649.9312242090787,0.0003,none,[],False,,hand-calc,full,1.0,,0.0,,,False,,/root/wt-b5-nextgen/src/content/courses/nodal/beginner/m06-the-associate-reading/l02-working-the-capstone.md (step four),,J (pr - pb); reproduced exactly.
nodal,beginner,ipr_q_at_1650psia_stbd,stb/d,2782.757243643787,0.0014,none,[],False,,hand-calc,full,1.0,,0.0,,,False,,/root/wt-b5-nextgen/src/content/courses/nodal/beginner/m04-reading-the-curve-both-ways,,Vogel block below pb; reproduced exactly.
nodal,beginner,ipr_aof_stbd,stb/d,3848.005502063276,0.0019,none,[],False,,hand-calc,full,1.0,,0.0,,,False,,/root/wt-b5-nextgen/src/content/courses/nodal/beginner/m05-absolute-open-flow,,qb + J pb / 1.8; reproduced exactly.
nodal,beginner,ipr_pwf_at_2400stbd_psia,psia,1976.629067965619,0.001,none,[],False,,hand-calc,full,1.0,,0.0,,,False,,/root/wt-b5-nextgen/src/content/courses/nodal/beginner/m04-reading-the-curve-both-ways,,"Inverse of the Vogel block is a quadratic in pwf/pb, closed form; closed form gives 1976.6290679656 against expected 1976.6290679656 (engine uses a Brent root, nodalLab.js:511; difference below 1e-9)."
nodal,beginner,ipr_pwf_at_3300stbd_psia,psia,1098.6212097187506,0.00055,none,[],False,,hand-calc,full,1.0,,0.0,,,False,,/root/wt-b5-nextgen/src/content/courses/nodal/beginner/m04-reading-the-curve-both-ways,,"Closed-form quadratic inverse gives 1098.621209727 against expected 1098.621209719 (8e-9 apart, tol 5.5e-4)."
nodal,intermediate,vlp_min_q_stbd,stb/d,1285.2338376891341,0.00064,redesign,[],False,,unobtainable,,1.0,,,,,True,"{""redesign"": ""State the three tubing constants in the Professional and Expert prompts ('bhp(q) = pWh + 3835 / (1 + q/600) + 0.000238 q^2, psia'), and in the Professional prompt state that the 49 points run evenly from one thousandth of the open flow to the open flow. The form is already taught (intermediate/m03-what-moves-the-curve/l03-water-cut-and-density.md:9), and with the constants stated every value is spreadsheet-reproducible: verified here, the sampled minimum and both ends match exactly and bisection roots on the 900-point scan land within 1.3e-6 stb/d of expected.""}",/root/wt-b5-nextgen/migrations/20260904_pd1_nodal_course.sql:139,,"The prompt says 'the gravity-plus-friction relation supplied with this capstone' but never states its constants (gGrav 3835 psi, qRef 600 stb/d, kFric 0.000238 psi/(stb/d)^2 live only in /root/wt-b5-nextgen/src/components/course/panels/nodal/nodalLab.js:99-120 (CAP)). They are not in any lesson, panel or the capstone card (NodalLearningPage.jsx:317-318 renders only title and prompt; the dataset column is not shown), and panelCapstoneGuard.test.js forbids panels from reading CAP. Given the constants it is a spreadsheet job (49 samples from AOF x 1e-3 to AOF, pick the smallest bhp): reproduces 1285.2338376891 exactly."
nodal,intermediate,vlp_min_bhp_psia,psia,2849.67283735105,0.0014,redesign,[],False,,unobtainable,,1.0,,,,,True,"{""redesign"": ""State the three tubing constants in the Professional and Expert prompts ('bhp(q) = pWh + 3835 / (1 + q/600) + 0.000238 q^2, psia'), and in the Professional prompt state that the 49 points run evenly from one thousandth of the open flow to the open flow. The form is already taught (intermediate/m03-what-moves-the-curve/l03-water-cut-and-density.md:9), and with the constants stated every value is spreadsheet-reproducible: verified here, the sampled minimum and both ends match exactly and bisection roots on the 900-point scan land within 1.3e-6 stb/d of expected.""}",/root/wt-b5-nextgen/migrations/20260904_pd1_nodal_course.sql:139,,"The prompt says 'the gravity-plus-friction relation supplied with this capstone' but never states its constants (gGrav 3835 psi, qRef 600 stb/d, kFric 0.000238 psi/(stb/d)^2 live only in /root/wt-b5-nextgen/src/components/course/panels/nodal/nodalLab.js:99-120 (CAP)). They are not in any lesson, panel or the capstone card (NodalLearningPage.jsx:317-318 renders only title and prompt; the dataset column is not shown), and panelCapstoneGuard.test.js forbids panels from reading CAP. Given the constants: 2849.672837 exactly."
nodal,intermediate,vlp_loaded_end_bhp_psia,psia,5046.565087663264,0.0025,redesign,[],False,,unobtainable,,1.0,,,,,True,"{""redesign"": ""State the three tubing constants in the Professional and Expert prompts ('bhp(q) = pWh + 3835 / (1 + q/600) + 0.000238 q^2, psia'), and in the Professional prompt state that the 49 points run evenly from one thousandth of the open flow to the open flow. The form is already taught (intermediate/m03-what-moves-the-curve/l03-water-cut-and-density.md:9), and with the constants stated every value is spreadsheet-reproducible: verified here, the sampled minimum and both ends match exactly and bisection roots on the 900-point scan land within 1.3e-6 stb/d of expected.""}",/root/wt-b5-nextgen/migrations/20260904_pd1_nodal_course.sql:139,,"The prompt says 'the gravity-plus-friction relation supplied with this capstone' but never states its constants (gGrav 3835 psi, qRef 600 stb/d, kFric 0.000238 psi/(stb/d)^2 live only in /root/wt-b5-nextgen/src/components/course/panels/nodal/nodalLab.js:99-120 (CAP)). They are not in any lesson, panel or the capstone card (NodalLearningPage.jsx:317-318 renders only title and prompt; the dataset column is not shown), and panelCapstoneGuard.test.js forbids panels from reading CAP. Given the constants: bhp at AOF x 1e-3 = 5046.565088 exactly. The prompt's 'from just above zero' does not state the 1e-3 x AOF start (nodalLab.js:64 TUBING_CURVE_QMIN_FRACTION); a learner starting at q = 1 stb/d gets a different end value, so the start fraction must be stated too."
nodal,intermediate,vlp_friction_end_bhp_psia,psia,5277.411341029544,0.0026,redesign,[],False,,unobtainable,,1.0,,,,,True,"{""redesign"": ""State the three tubing constants in the Professional and Expert prompts ('bhp(q) = pWh + 3835 / (1 + q/600) + 0.000238 q^2, psia'), and in the Professional prompt state that the 49 points run evenly from one thousandth of the open flow to the open flow. The form is already taught (intermediate/m03-what-moves-the-curve/l03-water-cut-and-density.md:9), and with the constants stated every value is spreadsheet-reproducible: verified here, the sampled minimum and both ends match exactly and bisection roots on the 900-point scan land within 1.3e-6 stb/d of expected.""}",/root/wt-b5-nextgen/migrations/20260904_pd1_nodal_course.sql:139,,"The prompt says 'the gravity-plus-friction relation supplied with this capstone' but never states its constants (gGrav 3835 psi, qRef 600 stb/d, kFric 0.000238 psi/(stb/d)^2 live only in /root/wt-b5-nextgen/src/components/course/panels/nodal/nodalLab.js:99-120 (CAP)). They are not in any lesson, panel or the capstone card (NodalLearningPage.jsx:317-318 renders only title and prompt; the dataset column is not shown), and panelCapstoneGuard.test.js forbids panels from reading CAP. Given the constants: bhp at the AOF = 5277.411341 exactly."
nodal,intermediate,liftgas_valve_pwf_psia,psia,1516.5314295864096,0.00076,display,[],False,,unobtainable,,1.0,,,,,True,"{""display"": ""/root/wt-b5-nextgen/src/components/course/panels/nodal/VlpExplorer.jsx:299 -> give the gas column view editable inputs (surface pressure, gas gravity, MD, TVD, wellhead and bottomhole temperature, step count, rate) and print pwf and pmf with fmt(v, 6)""}",/root/wt-b5-nextgen/src/components/course/panels/nodal/VlpExplorer.jsx:299 GasColumn (teaching wells only); engine /root/wt-b5-nextgen/packages/engines/engines/production/nodal.js:684 cullenderSmithBhp,"/root/wt-b5-nextgen/src/components/course/panels/nodal/VlpExplorer.jsx:23 fmt (toLocaleString max 4 decimals by default; column readings printed fmt(v, 6))","All column inputs are stated (sg 0.72, 1225 psia, 8900 MD, 8300 TVD, 96 to 214 degF, 20 steps) and the vendored engine returns 1516.5314295864 exactly, but the only column the learner can run is the teaching wells' (the GasColumn view has a well selector and no inputs). A hand march needs the engine's z-factor correlation, per-interval fixed-point iteration closed to 0.001 psi and a Simpson refinement (intermediate/m04-the-gas-column/l02-cullender-and-smith.md:27); that closure tolerance is itself comparable to the 7.6e-4 psi grading tol."
nodal,intermediate,liftgas_mid_pmf_psia,psia,1373.724371881081,0.00069,display,[],False,,unobtainable,,1.0,,,,,True,"{""display"": ""/root/wt-b5-nextgen/src/components/course/panels/nodal/VlpExplorer.jsx:299 -> same editable column view, printing the midpoint pressure with fmt(v, 6)""}",/root/wt-b5-nextgen/src/components/course/panels/nodal/VlpExplorer.jsx:299; nodal.js:684,/root/wt-b5-nextgen/src/components/course/panels/nodal/VlpExplorer.jsx:23,"Same as the valve pressure: engine returns pmf 1373.7243718811 exactly on the stated inputs, but no learner-settable surface computes it."
nodal,advanced,node_op_q_stbd,stb/d,929.9820637311327,0.00046,redesign,[],False,,unobtainable,,1.0,,,,,True,"{""redesign"": ""State the three tubing constants in the Professional and Expert prompts ('bhp(q) = pWh + 3835 / (1 + q/600) + 0.000238 q^2, psia'), and in the Professional prompt state that the 49 points run evenly from one thousandth of the open flow to the open flow. The form is already taught (intermediate/m03-what-moves-the-curve/l03-water-cut-and-density.md:9), and with the constants stated every value is spreadsheet-reproducible: verified here, the sampled minimum and both ends match exactly and bisection roots on the 900-point scan land within 1.3e-6 stb/d of expected.""}",/root/wt-b5-nextgen/migrations/20260904_pd1_nodal_course.sql:150,,"The prompt says 'the gravity-plus-friction relation supplied with this capstone' but never states its constants (gGrav 3835 psi, qRef 600 stb/d, kFric 0.000238 psi/(stb/d)^2 live only in /root/wt-b5-nextgen/src/components/course/panels/nodal/nodalLab.js:99-120 (CAP)). They are not in any lesson, panel or the capstone card (NodalLearningPage.jsx:317-318 renders only title and prompt; the dataset column is not shown), and panelCapstoneGuard.test.js forbids panels from reading CAP. Given the constants, a spreadsheet root of pwf_ipr(q) - bhp(q) on the upper crossing gives 929.982064051 against expected 929.982063731 (3.2e-7, tol 4.6e-4)."
nodal,advanced,node_op_pwf_psia,psia,2945.7774594005996,0.0015,redesign,[],False,,unobtainable,,1.0,,,,,True,"{""redesign"": ""State the three tubing constants in the Professional and Expert prompts ('bhp(q) = pWh + 3835 / (1 + q/600) + 0.000238 q^2, psia'), and in the Professional prompt state that the 49 points run evenly from one thousandth of the open flow to the open flow. The form is already taught (intermediate/m03-what-moves-the-curve/l03-water-cut-and-density.md:9), and with the constants stated every value is spreadsheet-reproducible: verified here, the sampled minimum and both ends match exactly and bisection roots on the 900-point scan land within 1.3e-6 stb/d of expected.""}",/root/wt-b5-nextgen/migrations/20260904_pd1_nodal_course.sql:150,,"The prompt says 'the gravity-plus-friction relation supplied with this capstone' but never states its constants (gGrav 3835 psi, qRef 600 stb/d, kFric 0.000238 psi/(stb/d)^2 live only in /root/wt-b5-nextgen/src/components/course/panels/nodal/nodalLab.js:99-120 (CAP)). They are not in any lesson, panel or the capstone card (NodalLearningPage.jsx:317-318 renders only title and prompt; the dataset column is not shown), and panelCapstoneGuard.test.js forbids panels from reading CAP. Given the constants: 2945.77745926 against 2945.77745940."
nodal,advanced,node_unstable_q_stbd,stb/d,905.3367675852949,0.00045,redesign,[],False,,unobtainable,,1.0,,,,,True,"{""redesign"": ""State the three tubing constants in the Professional and Expert prompts ('bhp(q) = pWh + 3835 / (1 + q/600) + 0.000238 q^2, psia'), and in the Professional prompt state that the 49 points run evenly from one thousandth of the open flow to the open flow. The form is already taught (intermediate/m03-what-moves-the-curve/l03-water-cut-and-density.md:9), and with the constants stated every value is spreadsheet-reproducible: verified here, the sampled minimum and both ends match exactly and bisection roots on the 900-point scan land within 1.3e-6 stb/d of expected.""}",/root/wt-b5-nextgen/migrations/20260904_pd1_nodal_course.sql:150,,"The prompt says 'the gravity-plus-friction relation supplied with this capstone' but never states its constants (gGrav 3835 psi, qRef 600 stb/d, kFric 0.000238 psi/(stb/d)^2 live only in /root/wt-b5-nextgen/src/components/course/panels/nodal/nodalLab.js:99-120 (CAP)). They are not in any lesson, panel or the capstone card (NodalLearningPage.jsx:317-318 renders only title and prompt; the dataset column is not shown), and panelCapstoneGuard.test.js forbids panels from reading CAP. Given the constants: 905.33676625 against 905.33676759 (1.3e-6, tol 4.5e-4)."
nodal,advanced,node_unstable_pwf_psia,psia,2959.6346643478146,0.0015,redesign,[],False,,unobtainable,,1.0,,,,,True,"{""redesign"": ""State the three tubing constants in the Professional and Expert prompts ('bhp(q) = pWh + 3835 / (1 + q/600) + 0.000238 q^2, psia'), and in the Professional prompt state that the 49 points run evenly from one thousandth of the open flow to the open flow. The form is already taught (intermediate/m03-what-moves-the-curve/l03-water-cut-and-density.md:9), and with the constants stated every value is spreadsheet-reproducible: verified here, the sampled minimum and both ends match exactly and bisection roots on the 900-point scan land within 1.3e-6 stb/d of expected.""}",/root/wt-b5-nextgen/migrations/20260904_pd1_nodal_course.sql:150,,"The prompt says 'the gravity-plus-friction relation supplied with this capstone' but never states its constants (gGrav 3835 psi, qRef 600 stb/d, kFric 0.000238 psi/(stb/d)^2 live only in /root/wt-b5-nextgen/src/components/course/panels/nodal/nodalLab.js:99-120 (CAP)). They are not in any lesson, panel or the capstone card (NodalLearningPage.jsx:317-318 renders only title and prompt; the dataset column is not shown), and panelCapstoneGuard.test.js forbids panels from reading CAP. Given the constants: 2959.63466513 against 2959.63466435."
nodal,advanced,sweep_pwh1176_q_stbd,stb/d,1184.0068509231141,0.00057,redesign,[],False,,unobtainable,,1.0,,,,,True,"{""redesign"": ""State the three tubing constants in the Professional and Expert prompts ('bhp(q) = pWh + 3835 / (1 + q/600) + 0.000238 q^2, psia'), and in the Professional prompt state that the 49 points run evenly from one thousandth of the open flow to the open flow. The form is already taught (intermediate/m03-what-moves-the-curve/l03-water-cut-and-density.md:9), and with the constants stated every value is spreadsheet-reproducible: verified here, the sampled minimum and both ends match exactly and bisection roots on the 900-point scan land within 1.3e-6 stb/d of expected.""}",/root/wt-b5-nextgen/migrations/20260904_pd1_nodal_course.sql:150,,"The prompt says 'the gravity-plus-friction relation supplied with this capstone' but never states its constants (gGrav 3835 psi, qRef 600 stb/d, kFric 0.000238 psi/(stb/d)^2 live only in /root/wt-b5-nextgen/src/components/course/panels/nodal/nodalLab.js:99-120 (CAP)). They are not in any lesson, panel or the capstone card (NodalLearningPage.jsx:317-318 renders only title and prompt; the dataset column is not shown), and panelCapstoneGuard.test.js forbids panels from reading CAP. Given the constants at pWh 1176: 1184.00685054 against 1184.00685092."
nodal,advanced,sweep_pwh1176_pwf_psia,psia,2799.4388422395805,0.0015,redesign,[],False,,unobtainable,,1.0,,,,,True,"{""redesign"": ""State the three tubing constants in the Professional and Expert prompts ('bhp(q) = pWh + 3835 / (1 + q/600) + 0.000238 q^2, psia'), and in the Professional prompt state that the 49 points run evenly from one thousandth of the open flow to the open flow. The form is already taught (intermediate/m03-what-moves-the-curve/l03-water-cut-and-density.md:9), and with the constants stated every value is spreadsheet-reproducible: verified here, the sampled minimum and both ends match exactly and bisection roots on the 900-point scan land within 1.3e-6 stb/d of expected.""}",/root/wt-b5-nextgen/migrations/20260904_pd1_nodal_course.sql:150,,"The prompt says 'the gravity-plus-friction relation supplied with this capstone' but never states its constants (gGrav 3835 psi, qRef 600 stb/d, kFric 0.000238 psi/(stb/d)^2 live only in /root/wt-b5-nextgen/src/components/course/panels/nodal/nodalLab.js:99-120 (CAP)). They are not in any lesson, panel or the capstone card (NodalLearningPage.jsx:317-318 renders only title and prompt; the dataset column is not shown), and panelCapstoneGuard.test.js forbids panels from reading CAP. Given the constants at pWh 1176: 2799.43884235 against 2799.43884224."
perfsand,beginner,spf_per_m,1/m,26.246719160104984,5e-07,none,[],False,,hand-calc,"{""decimals"": 6}",1.0,,1.6010498526952688e-07,,,False,,src/content/courses/perfsand/beginner/m06-the-associate-reading/l02-working-the-capstone.md:17,src/components/course/panels/perfsand/ShotExplorer.jsx:109,"8 spf/ft x 3.280839895 = 26.24671916 per m, a one-step conversion the lesson directs; the Geometry view also takes a custom spf (ShotExplorer.jsx:104) and prints fmt(spfPerFt*FT_PER_M, 6) = 26.246719, within tol 5e-7 of the expected."
perfsand,beginner,perf_spacing_m,m,0.0381,5e-08,none,[],False,,hand-calc,"{""decimals"": 6}",1.0,,0.0,,,False,,src/content/courses/perfsand/beginner/m06-the-associate-reading/l02-working-the-capstone.md:17,src/components/course/panels/perfsand/ShotExplorer.jsx:110,"Spacing = 0.3048/8 = 0.0381 m exactly; the Geometry view prints fmt(s.hM, 6) = 0.0381 with spf 8 entered."
perfsand,beginner,d50_m,m,0.00015154816894736884,5e-10,none,[],False,,hand-calc,full,1.0,,0.0,,,False,,src/content/courses/perfsand/beginner/m04-the-sand-sample/l04-interpolating-on-a-log-scale.md,,"Log interpolation between the 200 um (36) and 140 um (54) sieves of the prompt's curve, taught in m04 l04 and the capstone lesson (l02:19); the Sieve view only offers the published and rung sands (ShotExplorer.jsx:157), so the capstone curve is worked by hand at full precision."
perfsand,beginner,d10_m,m,0.0003658764876914779,5e-10,none,[],False,,hand-calc,full,1.0,,0.0,,,False,,src/content/courses/perfsand/beginner/m04-the-sand-sample/l04-interpolating-on-a-log-scale.md,,"Log interpolation between 400 um (7) and 280 um (19) on the retained curve; closed form from prompt inputs, full precision, tol 5e-10 m is 0.0005 um which a calculator easily meets."
perfsand,beginner,uniformity,,3.4289759314122965,5e-07,none,[],False,,hand-calc,full,1.0,,0.0,,,False,,src/content/courses/perfsand/beginner/m05-uniformity-and-fines/l01-the-uniformity-coefficient.md,,"D40/D90 from two more log interpolations of the prompt's curve (capstone lesson l02:21,37); no panel can load the capstone sieve, full precision by hand."
perfsand,beginner,fines_pct,%,6.136789960794047,5e-06,none,[],False,,hand-calc,full,1.0,,0.0,,,False,,src/content/courses/perfsand/beginner/m05-uniformity-and-fines/l03-the-forty-four-micron-cutoff.md,,100 minus the retained percentage log-interpolated at 44 um between 50 um (92) and 38 um (96); lesson l02:23 directs the interpolation. tol 5e-6 fine for a hand value.
perfsand,intermediate,skin_h,,-1.3764549734793852,5e-07,none,[],False,,hand-calc,full,1.0,,0.0,,,False,,src/content/courses/perfsand/intermediate/m06-the-professional-reading/l02-working-the-capstone.md:17,src/components/course/panels/perfsand/SkinExplorer.jsx:241,"ln(rw/(alpha(rw+lp))) with rw = 9.875/2 in, lp = 22 in; alpha at 90 deg is printed as 0.726 in the Phasing table (fmt(r.alpha, 4)), which is the exact table value. Recomputed -1.3764549735 = expected."
perfsand,intermediate,skin_v,,0.3651263069479987,5e-07,display,[],False,,hand-calc,full,1.0,,0.0,,,True,"{""display"": ""src/components/course/panels/perfsand/SkinExplorer.jsx:231-247 -> add a1, a2, b1, b2, c1, c2 columns to the Phasing table from KT_PHASING_TABLE[r.phasingDeg] (already imported through perfsandLab), printed in full (e.g. String(v)), so the 90 degree row carries every constant the converging and blockage terms need""}",src/content/courses/perfsand/intermediate/m06-the-professional-reading/l02-working-the-capstone.md:19,src/components/course/panels/perfsand/SkinExplorer.jsx:231-247,"10^(a1 log rpD + a2) hD^(b-1) rpD^b needs the 90 deg a1, a2, b1, b2 (-1.905, 0.1038, 1.5674, 1.6935, perforation.js:39); no lesson or panel prints them (grep of content/courses/perfsand and panels/perfsand finds none; the Phasing table shows alpha only) and no screen can be set to the capstone gun."
perfsand,intermediate,skin_cz,,0.25795865826120373,5e-07,none,[],False,,hand-calc,full,1.0,,0.0,,,False,,src/content/courses/perfsand/intermediate/m02-the-four-components/l04-crushed-zone-skin.md,,"(h/lp) ln(rc/rp)(k/kc - 1) from prompt inputs, form taught in m02 l04; no constants. Recomputed 0.2579586583 = expected."
perfsand,intermediate,skin_total,,-0.7474989638653953,5e-07,display,[],False,,hand-calc,full,1.0,,0.0,,,True,"{""display"": ""src/components/course/panels/perfsand/SkinExplorer.jsx:231-247 -> add a1, a2, b1, b2, c1, c2 columns to the Phasing table from KT_PHASING_TABLE[r.phasingDeg] (already imported through perfsandLab), printed in full (e.g. String(v)), so the 90 degree row carries every constant the converging and blockage terms need""}",src/content/courses/perfsand/intermediate/m06-the-professional-reading/l02-working-the-capstone.md:23,src/components/course/panels/perfsand/SkinExplorer.jsx:231-247,"Sum of the four components; it inherits skin_v's missing a/b constants and also needs the 90 deg blockage constants c1 = 1.9e-3, c2 = 6.155, which no lesson or panel prints (the blockage term 0.00587 is far above tol 5e-7)."
perfsand,intermediate,productivity_ratio,,1.1111973107176247,5e-07,display,[],False,,hand-calc,full,1.0,,0.0,,,True,"{""display"": ""src/components/course/panels/perfsand/SkinExplorer.jsx:231-247 -> add a1, a2, b1, b2, c1, c2 columns to the Phasing table from KT_PHASING_TABLE[r.phasingDeg] (already imported through perfsandLab), printed in full (e.g. String(v)), so the 90 degree row carries every constant the converging and blockage terms need""}",src/content/courses/perfsand/intermediate/m04-productivity-ratio/l01-skin-into-a-flow-number.md,src/components/course/panels/perfsand/SkinExplorer.jsx:231-247,"ln(re/rw)/(ln(re/rw)+s) with re 220 m is a closed form, but s is skin_total, so it inherits the missing Karakas-Tariq constants; the Ratio view takes a typed skin (SkinExplorer.jsx:277) but only reports fixed re values (50..2000, not 220)."
perfsand,intermediate,rp_d,,0.07980073645961891,5e-08,none,[],False,,hand-calc,full,1.0,,0.0,,,False,,src/content/courses/perfsand/intermediate/m02-the-four-components/l02-converging-flow-skin.md,,"rp/(2h)(1+sqrt(kv/kh)) from prompt inputs, form taught in m02 l02; no constants. Recomputed 0.0798007365 = expected; tol 5e-8 fine at full precision."
perfsand,advanced,gravel_band_min_m,m,0.0007577408447368442,5e-10,none,[],False,,hand-calc,full,1.0,,0.0,,,False,,src/content/courses/perfsand/advanced/m06-the-expert-reading/l02-working-the-capstone.md:17,src/components/course/panels/perfsand/SandExplorer.jsx:120,"5 x the Associate D50 (hand-calc, full precision), and the Saucier range '5 to 6' is printed (SandExplorer.jsx:127). The Gravel view band tile prints only 2 decimals of um (757.74) against tol 0.0005 um, but the lesson routes the learner through the hand value."
perfsand,advanced,gauge_margin_m,m,8.699999999999995e-05,5e-10,none,[],True,,nextgen-panel,"{""decimals"": 2}",1000000.0,,5.421010862427522e-20,7,0.143,False,,src/components/course/panels/perfsand/SandExplorer.jsx:116-125,src/components/course/panels/perfsand/SandExplorer.jsx:125,"Typing the capstone D50 into 'Or a D50 directly (um)' gives gravel 16/30, largest gauge 23.4252 thou, gauge 20 thou and 'Gauge margin 87.00 um' (fmt(pack.marginM/UM, 3)); expected 8.7e-5 m is exactly 87 um, tol 5e-10 m."
perfsand,advanced,pwf_crit_pa,Pa,11691094.102374725,500.0,none,[],True,"{""wave"": ""w4a"", ""route"": ""typed-case panel mode (W4a)"", ""migration"": ""20261027a_w4_perfsand.sql""}",nextgen-panel,"{""decimals"": 5}",1e-06,,4.1023747231811285,,,False,,"src/components/course/panels/perfsand/SandExplorer.jsx Sanding onset view: Top 2200, Bottom 2320, Step 25, Strength boost 1.15, Cavity open hole","src/components/course/panels/perfsand/SandExplorer.jsx Tile 'Critical flowing pressure' fmt(v/1e6, 5)","Typing the stated interval, step and boost into the Sanding onset view with the open hole cavity prints this value at 5 dp in MPa, within its tol of the key (panelCapstoneGuard.test.js 'THE ROUTE'). The view opens with every box blank, the published 2450 to 2550 m case, which prints no graded answer."
perfsand,advanced,cdp_governing_pa,Pa,8884412.847751666,500.0,none,[],True,"{""wave"": ""w4a"", ""route"": ""typed-case panel mode (W4a)"", ""migration"": ""20261027a_w4_perfsand.sql""}",nextgen-panel,"{""decimals"": 5}",1e-06,,2.8477516639977694,,,False,,"src/components/course/panels/perfsand/SandExplorer.jsx Sanding onset view: Top 2200, Bottom 2320, Step 25, Strength boost 1.15, Cavity open hole","src/components/course/panels/perfsand/SandExplorer.jsx Tile 'Governing margin' fmt(v/1e6, 5)","Typing the stated interval, step and boost into the Sanding onset view with the open hole cavity prints this value at 5 dp in MPa, within its tol of the key (panelCapstoneGuard.test.js 'THE ROUTE'). The view opens with every box blank, the published 2450 to 2550 m case, which prints no graded answer."
perfsand,advanced,cdp_bottom_pa,Pa,12588855.56336058,500.0,none,[],True,"{""wave"": ""w4a"", ""route"": ""typed-case panel mode (W4a)"", ""migration"": ""20261027a_w4_perfsand.sql""}",nextgen-panel,"{""decimals"": 5}",1e-06,,4.4366394225507975,,,False,,"src/components/course/panels/perfsand/SandExplorer.jsx Sanding onset view: Top 2200, Bottom 2320, Step 25, Strength boost 1.15, Cavity open hole","src/components/course/panels/perfsand/SandExplorer.jsx Tile 'Margin at the bottom' fmt(v/1e6, 5)","Typing the stated interval, step and boost into the Sanding onset view with the open hole cavity prints this value at 5 dp in MPa, within its tol of the key (panelCapstoneGuard.test.js 'THE ROUTE'). The view opens with every box blank, the published 2450 to 2550 m case, which prints no graded answer."
perfsand,advanced,boost_at_zero_margin,,0.7896888993074376,5e-07,none,[],True,"{""wave"": ""w4a"", ""route"": ""typed-case panel mode (W4a)"", ""migration"": ""20261027a_w4_perfsand.sql""}",nextgen-panel,"{""decimals"": 8}",1.0,,6.925624518316909e-10,,,False,,"src/components/course/panels/perfsand/SandExplorer.jsx Sanding onset view: Top 2200, Bottom 2320, Step 25, Strength boost 1.15, Cavity open hole","src/components/course/panels/perfsand/SandExplorer.jsx Tile 'Boost for zero margin' fmt(v, 8)","Typing the stated interval, step and boost into the Sanding onset view with the open hole cavity prints this value at 8 dp, within its tol of the key (panelCapstoneGuard.test.js 'THE ROUTE'). The view opens with every box blank, the published 2450 to 2550 m case, which prints no graded answer."
petrophysics,beginner,sand_a_net_m,m,18.0,0.75,redesign,[],True,,nextgen-panel,"{""decimals"": 1}",1.0,,0.0,,,True,"{""redesign"": ""Keep key, label and unit. Make the beginner capstone a typed submission like the other tiers: PetrophysicsLearningPage.jsx:130-131 replace capstoneAnswers(workflow) with the learner's typed fields, read from the Net-pay summary table (PetrophysicsLearningPage.jsx:183-186).""}","/root/wt-b5-nextgen/src/pages/apps/PetrophysicsLearningPage.jsx:130 (beginner payload = capstoneAnswers(workflow), no typed entry); table /root/wt-b5-nextgen/src/pages/apps/PetrophysicsLearningPage.jsx:180-188",/root/wt-b5-nextgen/src/pages/apps/PetrophysicsLearningPage.jsx:183 s.net_m?.toFixed(1),"Net pay on a 0.5 m sample grid, tol 0.75 m; the page prints it toFixed(1). The graded value is not typed by the learner: submit() sends capstoneAnswers(workflow) from the pre-filled givens."
petrophysics,beginner,sand_a_phi_avg,v/v,0.20805198865869562,0.01,redesign,[],True,,nextgen-panel,"{""decimals"": 1}",100.0,,5.1988658695600876e-05,,,True,"{""redesign"": ""Keep key, label and unit. Make the beginner capstone a typed submission like the other tiers: PetrophysicsLearningPage.jsx:130-131 replace capstoneAnswers(workflow) with the learner's typed fields, read from the Net-pay summary table (PetrophysicsLearningPage.jsx:183-186).""}","/root/wt-b5-nextgen/src/pages/apps/PetrophysicsLearningPage.jsx:130 (beginner payload = capstoneAnswers(workflow), no typed entry); table /root/wt-b5-nextgen/src/pages/apps/PetrophysicsLearningPage.jsx:180-188",/root/wt-b5-nextgen/src/pages/apps/PetrophysicsLearningPage.jsx:185 (s.phi_avg * 100).toFixed(1) + '%',Printed as percent with 1 decimal (resolution 0.001 v/v) against tol 0.01; display is fine but the value is auto-submitted from pre-filled givens.
petrophysics,beginner,sand_a_sw_avg,v/v,0.361262643786335,0.02,redesign,[],True,,nextgen-panel,"{""decimals"": 1}",100.0,,0.00026264378633500396,,,True,"{""redesign"": ""Keep key, label and unit. Make the beginner capstone a typed submission like the other tiers: PetrophysicsLearningPage.jsx:130-131 replace capstoneAnswers(workflow) with the learner's typed fields, read from the Net-pay summary table (PetrophysicsLearningPage.jsx:183-186).""}","/root/wt-b5-nextgen/src/pages/apps/PetrophysicsLearningPage.jsx:130 (beginner payload = capstoneAnswers(workflow), no typed entry); table /root/wt-b5-nextgen/src/pages/apps/PetrophysicsLearningPage.jsx:180-188",/root/wt-b5-nextgen/src/pages/apps/PetrophysicsLearningPage.jsx:186 (s.sw_avg * 100).toFixed(1) + '%',"Percent, 1 decimal vs tol 0.02; display fine; auto-submitted from pre-filled givens."
petrophysics,beginner,sand_b_net_m,m,5.5,0.75,redesign,[],True,,nextgen-panel,"{""decimals"": 1}",1.0,,0.0,,,True,"{""redesign"": ""Keep key, label and unit. Make the beginner capstone a typed submission like the other tiers: PetrophysicsLearningPage.jsx:130-131 replace capstoneAnswers(workflow) with the learner's typed fields, read from the Net-pay summary table (PetrophysicsLearningPage.jsx:183-186).""}","/root/wt-b5-nextgen/src/pages/apps/PetrophysicsLearningPage.jsx:130 (beginner payload = capstoneAnswers(workflow), no typed entry); table /root/wt-b5-nextgen/src/pages/apps/PetrophysicsLearningPage.jsx:180-188",/root/wt-b5-nextgen/src/pages/apps/PetrophysicsLearningPage.jsx:183 s.net_m?.toFixed(1),"5.5 m on a 0.5 m grid, tol 0.75 (accepts 5.0 to 6.0); toFixed(1) display; auto-submitted."
petrophysics,beginner,sand_b_phi_avg,v/v,0.1417010751338701,0.01,redesign,[],True,,nextgen-panel,"{""decimals"": 1}",100.0,,0.000298924866129896,,,True,"{""redesign"": ""Keep key, label and unit. Make the beginner capstone a typed submission like the other tiers: PetrophysicsLearningPage.jsx:130-131 replace capstoneAnswers(workflow) with the learner's typed fields, read from the Net-pay summary table (PetrophysicsLearningPage.jsx:183-186).""}","/root/wt-b5-nextgen/src/pages/apps/PetrophysicsLearningPage.jsx:130 (beginner payload = capstoneAnswers(workflow), no typed entry); table /root/wt-b5-nextgen/src/pages/apps/PetrophysicsLearningPage.jsx:180-188",/root/wt-b5-nextgen/src/pages/apps/PetrophysicsLearningPage.jsx:185,"Percent, 1 decimal vs tol 0.01; auto-submitted."
petrophysics,beginner,sand_b_sw_avg,v/v,0.5423153983883204,0.02,redesign,[],True,,nextgen-panel,"{""decimals"": 1}",100.0,,0.0003153983883203981,,,True,"{""redesign"": ""Keep key, label and unit. Make the beginner capstone a typed submission like the other tiers: PetrophysicsLearningPage.jsx:130-131 replace capstoneAnswers(workflow) with the learner's typed fields, read from the Net-pay summary table (PetrophysicsLearningPage.jsx:183-186).""}","/root/wt-b5-nextgen/src/pages/apps/PetrophysicsLearningPage.jsx:130 (beginner payload = capstoneAnswers(workflow), no typed entry); table /root/wt-b5-nextgen/src/pages/apps/PetrophysicsLearningPage.jsx:180-188",/root/wt-b5-nextgen/src/pages/apps/PetrophysicsLearningPage.jsx:186,"Percent, 1 decimal vs tol 0.02; auto-submitted."
petrophysics,intermediate,phind_avg_sand_a,v/v,0.17615030026601647,0.005,tolerance,[],True,"{""migration"": ""20261024a_w1_petrophysics.sql"", ""wave"": ""w1"", ""tol"": [0.005, 0.002]}",nextgen-panel,"{""decimals"": 4}",1.0,,4.9699733983527006e-05,,,False,"{""new_tol"": 0.002}","/root/wt-b5-nextgen/src/components/course/panels/petrophysics/PorosityLab.jsx:85 (Tile ""SAND_A mean, N-D"")","/root/wt-b5-nextgen/src/components/course/panels/petrophysics/PorosityLab.jsx:85 fmt(zoneMean(...)) -> /root/wt-b5-nextgen/src/components/course/panels/petrophysics/typewellLab.js:113 fmt = (v, d = 4) => v.toFixed(d)","Panel prints 0.1762 on default state. The wrong N-D combine (Root mean square, one select click) prints 0.1805, which is within the current tol 0.005, so a wrong method passes despite the walkthrough's claim that a wrong method will miss."
petrophysics,intermediate,phiw_avg_sand_a,v/v,0.2069057569286416,0.005,tolerance,[],True,"{""migration"": ""20261024a_w1_petrophysics.sql"", ""wave"": ""w1"", ""tol"": [0.005, 0.002]}",nextgen-panel,"{""decimals"": 4}",1.0,,5.756928641603709e-06,,,False,"{""new_tol"": 0.002}","/root/wt-b5-nextgen/src/components/course/panels/petrophysics/PorosityLab.jsx:83 (Tile ""SAND_A mean, Wyllie sonic"")","/root/wt-b5-nextgen/src/components/course/panels/petrophysics/PorosityLab.jsx:83 -> /root/wt-b5-nextgen/src/components/course/panels/petrophysics/typewellLab.js:113 fmt = (v, d = 4) => v.toFixed(d)","Panel prints 0.2069 on default. The SAND_A density-porosity mean printed beside it is 0.2022, within tol 0.005 of the expected Wyllie value, so reading the wrong tile passes."
petrophysics,intermediate,pickett_a_rw,Ω·m,0.05,0.002,redesign,"[""guessable""]",True,"{""migration"": ""20261024a_w1_petrophysics.sql"", ""wave"": ""w1"", ""rekey"": {""key"": ""pickett_a_rw_2072_2078"", ""label"": ""Pickett fit over 2072 to 2078 m: a\u00b7Rw"", ""unit"": ""\u03a9\u00b7m"", ""expected"": 0.6886854786769905, ""tol"": 0.002}, ""rekey_annot"": {""source"": ""nextgen-panel"", ""source_ref"": ""src/components/course/panels/petrophysics/PickettExplorer.jsx:101 (Tile 'Fitted a x Rw' after window 2072 to 2078 and Fit water line)"", ""printed"": {""decimals"": 4}, ""display_scale"": 1, ""display_ref"": ""src/components/course/panels/petrophysics/PickettExplorer.jsx:101 fmt(fit.aRw, 4)"", ""prompt_precision"": null, ""answer_space"": null, ""guess_p"": null, ""evidence"": ""typewellLab.fitPickett(phiNd, 2072, 2078) -> engine pickettFitDepthWindow, 12 points, aRw 0.6886854786769905; prints 0.6887 (miss 1.5e-5 < 0.002). Neighbours: water-leg 0.0500 (given Rw), windows 2071/2073 to 2078 give 1.1875 / 0.3481, 2072 to 2077 gives 1.3506: all miss by > 0.3."", ""class"": ""none"", ""owner_decision"": false, ""leak"": false}}",nextgen-panel,"{""decimals"": 4}",1.0,,0.0,1,1.0,False,"{""redesign"": ""pickett_a_rw_2072_2078 / 'Pickett fit a x Rw over 2072 to 2078 m' / ohm.m, expected 0.68869 (engine pickettFitDepthWindow on N-D porosity, 12 points), tol 0.002; read in PickettExplorer after setting the window top to 2072 and clicking Fit water line (printed to 4 decimals).""}","/root/wt-b5-nextgen/src/components/course/panels/petrophysics/PickettExplorer.jsx:101 (Tile ""Fitted a x Rw"", after Fit water line)","/root/wt-b5-nextgen/src/components/course/panels/petrophysics/PickettExplorer.jsx:101 fmt(fit.aRw, 4)","Expected 0.05 equals the typewell given rw 0.05 (typewell.json params; ShalySwLab.jsx:18 pre-fills rw), and the walkthrough says the fit 'landing on 0.0500 and 2.000 is the water leg confirming the given parameters'."
petrophysics,intermediate,pickett_m,-,2.0,0.02,redesign,"[""guessable""]",True,"{""migration"": ""20261024a_w1_petrophysics.sql"", ""wave"": ""w1"", ""rekey"": {""key"": ""pickett_m_2072_2078"", ""label"": ""Pickett fit over 2072 to 2078 m: cementation exponent m"", ""unit"": ""-"", ""expected"": 0.8784525453945112, ""tol"": 0.0002}, ""rekey_annot"": {""source"": ""nextgen-panel"", ""source_ref"": ""src/components/course/panels/petrophysics/PickettExplorer.jsx:100 (Tile 'Fitted m' after window 2072 to 2078 and Fit water line)"", ""printed"": {""decimals"": 4}, ""display_scale"": 1, ""display_ref"": ""src/components/course/panels/petrophysics/PickettExplorer.jsx:100 fmt(fit.m, 4) (was 3 dp; raised in W1)"", ""prompt_precision"": null, ""answer_space"": null, ""guess_p"": null, ""evidence"": ""Same fit, m 0.8784525453945112; prints 0.8785 (miss 4.7e-5 < 0.0002). Tol 0.0002 because the course prints NTG 0.878 (18/20.5 = 0.87805, miss 0.0004) and an Archie-vs-shaly figure 0.8769 (miss 0.0016) in lessons; both fail at 0.0002 and would pass at 0.002. Water-leg m 2.000 and windows 2071/2073 to 2078 (0.644 / 1.171) all fail."", ""class"": ""none"", ""owner_decision"": false, ""leak"": false}}",nextgen-panel,"{""decimals"": 3}",1.0,,0.0,5,1.0,False,"{""redesign"": ""pickett_m_2072_2078 / 'Pickett fit m over 2072 to 2078 m' / -, expected 0.87845, tol 0.002; read in PickettExplorer after setting the window top to 2072 and clicking Fit water line (printed to 3 decimals).""}","/root/wt-b5-nextgen/src/components/course/panels/petrophysics/PickettExplorer.jsx:100 (Tile ""Fitted m"")","/root/wt-b5-nextgen/src/components/course/panels/petrophysics/PickettExplorer.jsx:100 fmt(fit.m, 3)","Expected 2.0 equals the given m (typewell params m 2.0, pre-filled in the page parameter card and ShalySwLab.jsx:18); tol 0.02 accepts only 2.00 among the usual guesses 1.8/1.9/2.0/2.1/2.2."
petrophysics,intermediate,sw_sim_sand_a,v/v,0.43350268917150697,0.01,none,[],True,,nextgen-panel,"{""decimals"": 4}",1.0,,2.689171506975452e-06,,,False,,"/root/wt-b5-nextgen/src/components/course/panels/petrophysics/ShalySwLab.jsx:82 (table, Simandoux row, SAND_A mean)","/root/wt-b5-nextgen/src/components/course/panels/petrophysics/ShalySwLab.jsx:82 fmt(zoneMean(sw[method], ZONES.SAND_A)) -> /root/wt-b5-nextgen/src/components/course/panels/petrophysics/typewellLab.js:113 fmt = (v, d = 4) => v.toFixed(d)",Printed 0.4335 on default; tol 0.01 is 200x half a unit of the 4-decimal print. The Archie baseline (0.4478) misses by 0.0143.
petrophysics,intermediate,sw_ind_sand_a,v/v,0.4280109754526606,0.01,none,[],True,,nextgen-panel,"{""decimals"": 4}",1.0,,1.097545266059985e-05,,,False,,"/root/wt-b5-nextgen/src/components/course/panels/petrophysics/ShalySwLab.jsx:82 (table, Indonesia row, SAND_A mean)","/root/wt-b5-nextgen/src/components/course/panels/petrophysics/ShalySwLab.jsx:82 -> /root/wt-b5-nextgen/src/components/course/panels/petrophysics/typewellLab.js:113 fmt = (v, d = 4) => v.toFixed(d)",Printed 0.4280 on default; tol 0.01 vs 4-decimal print. Archie baseline 0.4478 misses by 0.0198.
petrophysics,advanced,rw_arps,ohm.m,0.049910478128179045,0.0005,tolerance,[],True,"{""migration"": ""20261024a_w1_petrophysics.sql"", ""wave"": ""w1"", ""tol"": [0.0005, 5e-05]}",nextgen-panel,"{""decimals"": 4}",1.0,,1.0478128179045032e-05,,,False,"{""new_tol"": 5e-05}","/root/wt-b5-nextgen/src/components/course/panels/petrophysics/RwTriangulator.jsx:65 (Tile ""Route 1: Arps-corrected sample""); hand-calc taught in advanced/m02/l03-the-arps-equation.md and walkthrough l03 (""0.114 x (75 + 6.77)/(180 + 6.77)"")","/root/wt-b5-nextgen/src/components/course/panels/petrophysics/RwTriangulator.jsx:65 -> /root/wt-b5-nextgen/src/components/course/panels/petrophysics/typewellLab.js:113 fmt = (v, d = 4) => v.toFixed(d)","Panel pre-fills the brief's inputs (RwTriangulator.jsx:14-15) and prints 0.0499; expected 0.049910, tol 0.0005 also accepts 0.0500, the Associate-tier given Rw and the Professional Pickett answer."
petrophysics,advanced,rwe_ssp,ohm.m,0.049831180824251246,0.0005,tolerance,[],True,"{""migration"": ""20261024a_w1_petrophysics.sql"", ""wave"": ""w1"", ""tol"": [0.0005, 5e-05]}",nextgen-panel,"{""decimals"": 4}",1.0,,3.1180824251249295e-05,,,False,"{""new_tol"": 5e-05}","/root/wt-b5-nextgen/src/components/course/panels/petrophysics/RwTriangulator.jsx:66 (Tile ""Route 2: SP quicklook Rwe""); hand-calc taught in advanced/m03/l04-from-ssp-to-rwe.md (""0.62 x 10^(-93/84.94)"")","/root/wt-b5-nextgen/src/components/course/panels/petrophysics/RwTriangulator.jsx:66 -> /root/wt-b5-nextgen/src/components/course/panels/petrophysics/typewellLab.js:113 fmt = (v, d = 4) => v.toFixed(d)","Expected 0.049831 prints as 0.0498; tol 0.0005 accepts 0.0500, the known Rw, so the SP route is not tested."
petrophysics,advanced,sw_waterleg_mean,v/v,0.9991043802143901,0.005,tolerance,"[""guessable""]",True,"{""migration"": ""20261024a_w1_petrophysics.sql"", ""wave"": ""w1"", ""tol"": [0.005, 0.0005]}",nextgen-panel,"{""decimals"": 4}",1.0,,4.380214390087289e-06,1,1.0,False,"{""new_tol"": 0.0005}","/root/wt-b5-nextgen/src/components/course/panels/petrophysics/RwTriangulator.jsx:69 (Tile ""Water-leg mean Sw at the Arps Rw"")","/root/wt-b5-nextgen/src/components/course/panels/petrophysics/RwTriangulator.jsx:69 -> /root/wt-b5-nextgen/src/components/course/panels/petrophysics/typewellLab.js:113 fmt = (v, d = 4) => v.toFixed(d)",Expected 0.99910; typewellLab.js waterLegMeanSw needs the log curves so it is panel-only; tol 0.005 accepts the textbook answer 1.
petrophysics,advanced,sand_a_net_arps,m,18.0,0.01,none,[],True,,nextgen-panel,"{""decimals"": 1}",1.0,,0.0,,,False,,"/root/wt-b5-nextgen/src/components/course/panels/petrophysics/RwTriangulator.jsx:103 (booking table, after typing Rw and Book SAND_A)",/root/wt-b5-nextgen/src/components/course/panels/petrophysics/RwTriangulator.jsx:103 b.summary.net_m?.toFixed(1),"Net pay on a 0.5 m grid printed toFixed(1); tol 0.01 is effectively exact on that grid, honest for a quantised value. Booking with the printed 0.0499 gives the same 18.0."
petrophysics,advanced,sand_a_sw_avg_arps,v/v,0.3609390898147585,0.005,none,[],True,,nextgen-panel,"{""decimals"": 4}",1.0,,3.908981475847506e-05,,,False,,/root/wt-b5-nextgen/src/components/course/panels/petrophysics/RwTriangulator.jsx:106 (booking table Pay-avg Sw),"/root/wt-b5-nextgen/src/components/course/panels/petrophysics/RwTriangulator.jsx:106 fmt(b.summary.sw_avg) -> /root/wt-b5-nextgen/src/components/course/panels/petrophysics/typewellLab.js:113 fmt = (v, d = 4) => v.toFixed(d)",Printed to 4 decimals vs tol 0.005; booking with the printed Rw 0.0499 instead of full precision moves Sw by about 4e-5.
petrophysics,advanced,sand_a_net_uncorrected,m,16.5,0.01,none,[],True,,nextgen-panel,"{""decimals"": 1}",1.0,,0.0,,,False,,"/root/wt-b5-nextgen/src/components/course/panels/petrophysics/RwTriangulator.jsx:103 (booking table, Rw 0.114)",/root/wt-b5-nextgen/src/components/course/panels/petrophysics/RwTriangulator.jsx:103 toFixed(1),"Book SAND_A with the raw 0.114; net 16.5 m on the 0.5 m grid, printed toFixed(1), tol 0.01 exact on the grid."
porepressure,beginner,hydro_td_mpa,MPa,41.408579625,0.01,none,[],True,,nextgen-panel,"{""decimals"": 6}",1.0,,3.74999999053216e-07,,,True,,/root/wt-b5-nextgen/src/components/course/panels/porepressure/FrameExplorer.jsx:26 (depth defaults to TD),"/root/wt-b5-nextgen/src/components/course/panels/porepressure/FrameExplorer.jsx:134 fmt(read.hydroPa / MPA, 6)",Hydrostatic tile 41.408580 MPa at 6 decimals; hand route 1025 g 100 + 1030 g 4000 is taught (beginner m01 l03); tol 0.01.
porepressure,beginner,ob_td_mpa,MPa,91.12306695073282,0.01,none,[],True,,nextgen-panel,"{""decimals"": 6}",1.0,,4.926718588649237e-08,,,True,,/root/wt-b5-nextgen/src/components/course/panels/porepressure/FrameExplorer.jsx:26,"/root/wt-b5-nextgen/src/components/course/panels/porepressure/FrameExplorer.jsx:135 fmt(read.obPa / MPA, 6)","Overburden tile 91.123067 at 6 decimals (integrated density log, engine-only); tol 0.01."
porepressure,beginner,gardner_rho,kg/m3,1960.612149304395,0.5,none,[],True,,nextgen-panel,"{""decimals"": 6}",1.0,,3.043949163838988e-07,,,True,,/root/wt-b5-nextgen/src/components/course/panels/porepressure/FrameExplorer.jsx:27 (velocity defaults to 1600 m/s),"/root/wt-b5-nextgen/src/components/course/panels/porepressure/FrameExplorer.jsx:144 fmt(gardnerRho(vRaw), 6)",Gardner tile 1960.612149 kg/m3; hand route 310 v^0.25 taught; tol 0.5.
porepressure,beginner,nct_2500,us/m,317.2847498247154,0.5,none,[],True,,nextgen-panel,"{""decimals"": 6}",1.0,,1.7528458329252317e-07,,,True,,/root/wt-b5-nextgen/src/components/course/panels/porepressure/FrameExplorer.jsx:54 depth box set to 2500,"/root/wt-b5-nextgen/src/components/course/panels/porepressure/FrameExplorer.jsx:138 fmt(read.dtWell, 6)",NCT (well trend) tile at 6 decimals; hand route 220 + 436 exp(-0.0006 x 2500) = 317.2847 taught; tol 0.5.
porepressure,beginner,fit_dtml,us/m,650.0000000000014,0.5,none,[],True,,nextgen-panel,"{""decimals"": 2}",1.0,,1.3642420526593924e-12,,,True,,/root/wt-b5-nextgen/src/components/course/panels/porepressure/FrameExplorer.jsx:145 fitted-trend tile,"/root/wt-b5-nextgen/src/components/course/panels/porepressure/FrameExplorer.jsx:145 fmt(BASICS.fit.dtMl, 2)","Fitted trend tile ""650.00 us/m""; tol 0.5."
porepressure,beginner,fit_c_per_km,1/km,0.7000000000000015,0.005,none,[],True,,nextgen-panel,"{""decimals"": 4}",1.0,,1.5543122344752192e-15,,,True,,/root/wt-b5-nextgen/src/components/course/panels/porepressure/FrameExplorer.jsx:145,"/root/wt-b5-nextgen/src/components/course/panels/porepressure/FrameExplorer.jsx:145 fmt(BASICS.fit.c * 1000, 4)","Tile ""0.7000 per km"" (scale 1000 applied from per m); tol 0.005."
porepressure,intermediate,onset_m,m bml,2520.0,0.0,none,"[""zero_tol""]",True,,nextgen-panel,integer,1.0,,0.0,,,True,,/root/wt-b5-nextgen/src/components/course/panels/porepressure/EatonExplorer.jsx:23 (threshold defaults to 0.05 MPa),/root/wt-b5-nextgen/src/components/course/panels/porepressure/EatonExplorer.jsx:77 String(m.onsetM),"A sample depth, genuinely integer and printed as an integer, so tol 0 is honest; answering the ramp top 2500 fails, as intended."
porepressure,intermediate,dtn_td,us/m,259.5530276341839,0.5,none,[],True,,nextgen-panel,"{""decimals"": 4}",1.0,,2.763418387985439e-05,,,True,,/root/wt-b5-nextgen/src/components/course/panels/porepressure/EatonExplorer.jsx:22 (trend defaults to well),"/root/wt-b5-nextgen/src/components/course/panels/porepressure/EatonExplorer.jsx:78 fmt(m.dtnTd, 4)",NCT at TD tile 259.5530; tol 0.5.
porepressure,intermediate,pp_3000_mpa,MPa,33.307730125,0.01,none,[],True,,nextgen-panel,"{""decimals"": 3}",1.0,,0.00026987500000075215,,,True,,/root/wt-b5-nextgen/src/components/course/panels/porepressure/EatonExplorer.jsx:21 (n defaults to CAPSTONE_EATON_N),/root/wt-b5-nextgen/src/components/course/panels/porepressure/EatonExplorer.jsx:79 fmt(m.pp3000Mpa) (3 dp),Tile 33.308; tol 0.01 against half a unit of 0.0005.
porepressure,intermediate,pp_td_mpa,MPa,47.408579625,0.01,none,[],True,,nextgen-panel,"{""decimals"": 3}",1.0,,0.00042037499999736383,,,True,,/root/wt-b5-nextgen/src/components/course/panels/porepressure/EatonExplorer.jsx:21,/root/wt-b5-nextgen/src/components/course/panels/porepressure/EatonExplorer.jsx:80 fmt(m.ppTdMpa),Tile 47.409; tol 0.01.
porepressure,intermediate,op_td_mpa,MPa,6.0,0.01,none,[],True,,nextgen-panel,"{""decimals"": 3}",1.0,,0.0,,,True,,/root/wt-b5-nextgen/src/components/course/panels/porepressure/EatonExplorer.jsx:21,/root/wt-b5-nextgen/src/components/course/panels/porepressure/EatonExplorer.jsx:81 fmt(m.opTdMpa),"Tile 6.000; the fixture encodes a 6 MPa ramp, so the value is exact by construction; tol 0.01."
porepressure,intermediate,fp_td_mpa,MPa,76.55157117548856,0.01,none,[],True,,nextgen-panel,"{""decimals"": 3}",1.0,,0.00042882451144521383,,,True,,/root/wt-b5-nextgen/src/components/course/panels/porepressure/EatonExplorer.jsx:21,/root/wt-b5-nextgen/src/components/course/panels/porepressure/EatonExplorer.jsx:82 fmt(m.fpTdMpa),Tile 76.552; tol 0.01.
porepressure,advanced,pp_emw_td,kg/m3,1179.1048116553065,0.5,none,[],True,,nextgen-panel,"{""decimals"": 2}",1.0,,0.004811655306639295,,,True,,/root/wt-b5-nextgen/src/components/course/panels/porepressure/WindowExplorer.jsx:23 (n defaults to CAPSTONE_EATON_N),/root/wt-b5-nextgen/src/components/course/panels/porepressure/WindowExplorer.jsx:70 fmt(m.ppEmwTd) (2 dp),Tile 1179.10; hand route P/(g (4000 + 100)) worked in the walkthrough; tol 0.5.
porepressure,advanced,fp_emw_td,kg/m3,1903.9238599165737,0.5,none,[],True,,nextgen-panel,"{""decimals"": 2}",1.0,,0.003859916573674127,,,True,,/root/wt-b5-nextgen/src/components/course/panels/porepressure/WindowExplorer.jsx:23,/root/wt-b5-nextgen/src/components/course/panels/porepressure/WindowExplorer.jsx:71 fmt(m.fpEmwTd),Tile 1903.92; tol 0.5.
porepressure,advanced,window_td,kg/m3,724.8190482612672,0.5,none,[],True,,nextgen-panel,"{""decimals"": 2}",1.0,,0.0009517387328514815,,,True,,/root/wt-b5-nextgen/src/components/course/panels/porepressure/WindowExplorer.jsx:23,/root/wt-b5-nextgen/src/components/course/panels/porepressure/WindowExplorer.jsx:72 fmt(m.windowTd),Tile 724.82; tol 0.5.
porepressure,advanced,bowers_v_5mpa,m/s,1949.944709834568,0.5,none,[],True,,nextgen-panel,"{""decimals"": 2}",1.0,,0.004709834567847793,,,True,,/root/wt-b5-nextgen/src/components/course/panels/porepressure/WindowExplorer.jsx:76,/root/wt-b5-nextgen/src/components/course/panels/porepressure/WindowExplorer.jsx:76 fmt(BOWERS.vLoad5MPa),Tile 1949.94 m/s; hand chain (5000 + 10 x (5e6/6894.757)^0.75) x 0.3048 taught; tol 0.5.
porepressure,advanced,bowers_sigma_mpa,MPa,10.0,0.01,none,[],True,,nextgen-panel,"{""decimals"": 3}",1.0,,0.0,,,True,,/root/wt-b5-nextgen/src/components/course/panels/porepressure/WindowExplorer.jsx:77,"/root/wt-b5-nextgen/src/components/course/panels/porepressure/WindowExplorer.jsx:77 fmt(BOWERS.sigmaUnloadPa / 1e6, 3)","Tile 10.000 MPa; the probe velocity 3125.8 m/s was built so the unloading read is exactly 10 (the walkthrough says ""exact at 10 by fixture construction""); tol 0.01."
porepressure,advanced,pp_td_n12_mpa,MPa,43.901549937778526,0.01,none,[],True,,nextgen-panel,"{""decimals"": 3}",1.0,,0.0004500622214749228,,,True,,/root/wt-b5-nextgen/src/components/course/panels/porepressure/WindowExplorer.jsx:41 (n select set to 1.2),"/root/wt-b5-nextgen/src/components/course/panels/porepressure/WindowExplorer.jsx:75 fmt(m.ppTdMpa, 3)",Tile 43.902 at n 1.2; hand chain with the fractional power worked in the walkthrough; tol 0.01.
portfolio,beginner,id_emv_at_first_limit_musd,million USD,344.326,0.001,display,"[""display_miss""]",False,,suite-app,integer,1.0,4,0.32600000000002183,,,True,"{""display"": ""src/components/capitalportfoliostudio/OptimizationResults.jsx:13 and :53-54, :130 and src/pages/apps/CapitalPortfolioStudio.jsx:228, :387 -> formatCurrency for these $MM figures prints 4 decimals (minimumFractionDigits 4, maximumFractionDigits 4) on the Risked EMV and Success-case NPV cards, the funded-project table EMV column and the inventory EMV column""}",src/components/capitalportfoliostudio/OptimizationResults.jsx:53,src/components/capitalportfoliostudio/OptimizationResults.jsx:13,Risked EMV card prints $344 MM against 344.326 (tol 0.001). Hand: sum of the funded projects' Pc x P50 - (1 - Pc) x loss.
portfolio,beginner,id_emv_at_second_limit_musd,million USD,415.90599999999995,0.001,display,"[""display_miss""]",False,,suite-app,integer,1.0,4,0.09400000000005093,,,True,"{""display"": ""src/components/capitalportfoliostudio/OptimizationResults.jsx:13 and :53-54, :130 and src/pages/apps/CapitalPortfolioStudio.jsx:228, :387 -> formatCurrency for these $MM figures prints 4 decimals (minimumFractionDigits 4, maximumFractionDigits 4) on the Risked EMV and Success-case NPV cards, the funded-project table EMV column and the inventory EMV column""}",src/components/capitalportfoliostudio/OptimizationResults.jsx:53,src/components/capitalportfoliostudio/OptimizationResults.jsx:13,Risked EMV card prints $416 MM against 415.906.
portfolio,beginner,id_emv_at_third_limit_musd,million USD,566.0459999999999,0.001,display,"[""display_miss""]",False,,suite-app,integer,1.0,4,0.045999999999935426,,,True,"{""display"": ""src/components/capitalportfoliostudio/OptimizationResults.jsx:13 and :53-54, :130 and src/pages/apps/CapitalPortfolioStudio.jsx:228, :387 -> formatCurrency for these $MM figures prints 4 decimals (minimumFractionDigits 4, maximumFractionDigits 4) on the Risked EMV and Success-case NPV cards, the funded-project table EMV column and the inventory EMV column""}",src/components/capitalportfoliostudio/OptimizationResults.jsx:53,src/components/capitalportfoliostudio/OptimizationResults.jsx:13,Risked EMV card prints $566 MM against 566.046.
portfolio,beginner,id_success_npv_at_first_limit_musd,million USD,738.8,0.001,display,"[""display_miss""]",False,,suite-app,integer,1.0,4,0.20000000000004547,,,True,"{""display"": ""src/components/capitalportfoliostudio/OptimizationResults.jsx:13 and :53-54, :130 and src/pages/apps/CapitalPortfolioStudio.jsx:228, :387 -> formatCurrency for these $MM figures prints 4 decimals (minimumFractionDigits 4, maximumFractionDigits 4) on the Risked EMV and Success-case NPV cards, the funded-project table EMV column and the inventory EMV column""}",src/components/capitalportfoliostudio/OptimizationResults.jsx:54,src/components/capitalportfoliostudio/OptimizationResults.jsx:13,Success-case NPV card prints $739 MM against 738.8; the hand sum of the funded P50s is exact.
portfolio,beginner,id_value_of_excluded_project_musd,million USD,20.141999999999996,0.001,display,"[""display_miss""]",False,,suite-app,integer,1.0,4,0.1419999999999959,,,True,"{""display"": ""src/components/capitalportfoliostudio/OptimizationResults.jsx:13 and :53-54, :130 and src/pages/apps/CapitalPortfolioStudio.jsx:228, :387 -> formatCurrency for these $MM figures prints 4 decimals (minimumFractionDigits 4, maximumFractionDigits 4) on the Risked EMV and Success-case NPV cards, the funded-project table EMV column and the inventory EMV column""}",src/components/capitalportfoliostudio/OptimizationResults.jsx:53,src/components/capitalportfoliostudio/OptimizationResults.jsx:13,"Difference of two Risked EMV cards (with and without ID-3 at 520), each whole; printed difference 20 or 21 against 20.142."
portfolio,beginner,id_risked_emv_tie_back_musd,million USD,135.55,0.001,display,"[""display_miss""]",False,,suite-app,integer,1.0,4,0.44999999999998863,,,True,"{""display"": ""src/components/capitalportfoliostudio/OptimizationResults.jsx:13 and :53-54, :130 and src/pages/apps/CapitalPortfolioStudio.jsx:228, :387 -> formatCurrency for these $MM figures prints 4 decimals (minimumFractionDigits 4, maximumFractionDigits 4) on the Risked EMV and Success-case NPV cards, the funded-project table EMV column and the inventory EMV column""}",src/pages/apps/CapitalPortfolioStudio.jsx:387,src/components/capitalportfoliostudio/OptimizationResults.jsx:13,"Inventory EMV column prints $136 MM against 0.5 x 402.6 - 0.5 x 131.5 = 135.55, the one-row hand risking taught as step one in beginner m06/l02."
portfolio,intermediate,id_eac_usd,USD,24053760.0,0.5,none,[],False,,suite-app,integer,1.0,0,0.0,,,False,,src/components/afe/CostBreakdownTab.jsx:219,src/components/afe/CostBreakdownTab.jsx:146,"Cost breakdown prints each line's forecast (itemForecast rule) as whole USD; the five integers sum to 24,053,760 exactly. The dashboard EAC tile is compact notation ($24.1M, AFEDashboard.jsx:211-213) and would fail."
portfolio,intermediate,id_variance_at_completion_usd,USD,-301285.0,0.5,none,[],False,,suite-app,integer,1.0,0,0.0,,,False,,src/components/afe/CostBreakdownTab.jsx:232,src/components/afe/CostBreakdownTab.jsx:146,"Per-line variance printed as whole USD; sum -301,285 exactly (budget 23,752,475 less EAC). The dashboard subtext is compact and would fail."
portfolio,intermediate,id_earned_value_usd,USD,12559631.0,0.5,none,[],False,,hand-calc,full,1.0,0,0.0,,,False,,/root/wt-b5-nextgen/src/content/courses/portfolio/intermediate/m06-the-professional-reading/l02-working-the-capstone.md,,"The Suite AFE screens never print earned value. Budget x progress by line, as taught: 7,684,638.75 + 2,963,180 + 708,636 + 1,203,176.25 + 0 = 12,559,631 exactly."
portfolio,intermediate,id_planned_value_usd,USD,15710884.71786834,0.5,none,[],False,,hand-calc,full,1.0,0,0.0,,,False,,/root/wt-b5-nextgen/src/content/courses/portfolio/intermediate/m04-the-as-of-date/l03-inside-the-window.md,,"Time progress 211/319 days (2028-03-06 to 2028-10-03 over the window) x budget 23,752,475 = 15,710,884.72, taught in m04/l03; nearest USD 15,710,885 is within 0.5."
portfolio,intermediate,id_cpi,ratio,0.9323423935031048,1e-05,display,"[""display_miss""]",False,,suite-app,"{""decimals"": 2}",1.0,5,0.0023423935031047227,,,True,"{""display"": ""src/components/afe/AFEDashboard.jsx:57 -> metrics.cpi.toFixed(5) (tile value), matching the prompt's five decimals""}",src/components/afe/AFEDashboard.jsx:219-223,src/components/afe/AFEDashboard.jsx:57,cpiTile returns metrics.cpi.toFixed(2); CPI does not depend on the as-of date.
portfolio,intermediate,id_spi,ratio,0.7994222620522224,1e-05,display,"[""display_miss""]",False,,suite-app,"{""decimals"": 2}",1.0,5,0.0005777379477776012,,,True,"{""display"": ""src/components/afe/AFEDashboard.jsx:115 -> replace asOf = todayIsoDate() with an As-of date input (default today) passed to calculateMetrics and generateSCurveData; src/components/afe/AFEDashboard.jsx:39 -> metrics.spi.toFixed(5)""}",src/components/afe/AFEDashboard.jsx:226-230,src/components/afe/AFEDashboard.jsx:39,"spiTile returns metrics.spi.toFixed(2) at asOf = todayIsoDate(); EV / PV = 12,559,631 / 15,710,884.72 = 0.799422."
portfolio,advanced,id_p90_npv_second_limit_independent_musd,million USD,186.43748372945947,0.001,display,"[""display_miss""]",False,,suite-app,integer,1.0,4,0.43748372945947267,,,True,"{""display"": ""src/components/capitalportfoliostudio/OptimizationResults.jsx:65 -> print risk.p90 and risk.p10 with 4 decimals (e.g. Number(v).toFixed(4) + ' $MM') instead of formatCurrency's maximumFractionDigits 0""}",src/components/capitalportfoliostudio/OptimizationResults.jsx:63-66,src/components/capitalportfoliostudio/OptimizationResults.jsx:13,"Card value `${formatCurrency(risk.p90, '')} / ...` with maximumFractionDigits 0."
portfolio,advanced,id_stddev_second_limit_correlated_musd,million USD,218.65902676147542,0.001,none,[],False,,hand-calc,full,1.0,4,0.0,,,False,,/root/wt-b5-nextgen/src/content/courses/portfolio/advanced/m02-correlation/l02-the-spread-formula.md,"src/components/capitalportfoliostudio/OptimizationResults.jsx:95 (formatCurrency whole $MM, in the correlation note)","Closed form taught in m02/l02: stdDev = sqrt(sum var + rho x ((sum sd)^2 - sum var)) over the mixture sds of the set funded at 640, rho 0.45; spreadsheet-exact. The Studio shows it only inside the correlation note as a whole number ($219)."
portfolio,advanced,id_prob_loss_second_limit_correlated,probability,0.028,5e-05,none,[],False,,suite-app,"{""decimals"": 1}",100.0,4,3.469446951953614e-18,,,False,,src/components/capitalportfoliostudio/OptimizationResults.jsx:57-61,src/components/capitalportfoliostudio/OptimizationResults.jsx:59,"Card prints (probLoss x 100).toFixed(1) = 2.8% and the engine value is exactly 0.028 (a count over the default iterations), so 0.028 passes tol 5e-5."
portfolio,advanced,id_p90_npv_second_limit_correlated_musd,million USD,128.14762834967667,0.001,display,"[""display_miss""]",False,,suite-app,integer,1.0,4,0.1476283496766655,,,True,"{""display"": ""src/components/capitalportfoliostudio/OptimizationResults.jsx:65 -> print risk.p90 and risk.p10 with 4 decimals""}",src/components/capitalportfoliostudio/OptimizationResults.jsx:63-66,src/components/capitalportfoliostudio/OptimizationResults.jsx:13,Same card and formatter as the independent P90.
portfolio,advanced,id_second_partner_billed_usd,USD,2505615.3000000003,0.5,none,[],False,,suite-app,"{""decimals"": 3}",1.0,0,4.656612873077393e-10,,,False,,src/components/afe/JVPartnerManagement.jsx:188,src/components/afe/JVPartnerManagement.jsx:188 (partner.shareAmount.toLocaleString()),"Partner share printed with toLocaleString() default (up to 3 decimals): 2,505,615.3; also 0.186 x 13,471,050 by hand. Nearest USD 2,505,615 is 0.3 away, inside tol 0.5."
portfolio,advanced,id_operator_billed_usd,USD,4714867.5,0.5,none,[],False,,suite-app,"{""decimals"": 3}",1.0,0,0.0,,,False,,src/components/afe/JVPartnerManagement.jsx:139,src/components/afe/JVPartnerManagement.jsx:139 (operatorAmount.toLocaleString()),"Operator amount printed 4,714,867.5 (0.35 x 13,471,050). Rounded to the nearest USD it is 4,714,867 or 4,714,868, each exactly 0.5 away, which equals tol 0.5."
producedwater,beginner,ogulagha_water_viscosity_pas,Pa.s,0.0005101915934473397,1e-12,display,[],False,,unobtainable,"{""decimals"": 12}",1.0,12,4.4733964796317416e-13,,,True,"{""display"": ""/root/wt-b5-nextgen/src/components/course/panels/producedwater/WaterExplorer.jsx:324 -> add a 'Your stream' mode with NumFields for rate, temperature, TDS, API and the device inputs, printing viscosity, salinity factor, both densities, rise velocity and both cut sizes with the existing six()/twelve() formatters""}",/root/wt-b5-nextgen/src/content/courses/producedwater/beginner/m02-the-water-and-the-oil/l01-viscosity-from-temperature.md,/root/wt-b5-nextgen/src/components/course/panels/producedwater/WaterExplorer.jsx:34 twelve() (teaching stream only),"The water viscosity fit, fresh water density fit and salinity term are 'declared constants' the lessons never print (beginner m02 l01:30, l03:22), so no hand route exists. The three panels are fixed to the teaching streams (UZERE, KOKORI and the train stream; producedWaterLab.js:2048 'NO PANEL' may carry the capstone, capstoneLeak.test.js) and offer only view/preset selects. The Suite Produced Water Treatment studio accepts every input but is never named, takes temperature in F, and prints viscosity to 3 dp in cp and densities to 1 dp (/opt/petrolord-studio/workspaces/dev1/projects/petrolord-suite/src/components/pwtstudio/PwtPanels.jsx:238-242, fields.jsx:28), far short of the stated precision."
producedwater,beginner,ogulagha_water_density_kgm3,kg/m3,1013.7286105037547,0.0001,display,[],False,,unobtainable,"{""decimals"": 6}",1.0,6,4.962453203916084e-07,,,True,"{""display"": ""/root/wt-b5-nextgen/src/components/course/panels/producedwater/WaterExplorer.jsx:324 -> add a 'Your stream' mode with NumFields for rate, temperature, TDS, API and the device inputs, printing the brine density with the existing six()/twelve() formatters""}",/root/wt-b5-nextgen/src/content/courses/producedwater/beginner/m02-the-water-and-the-oil/l03-brine-density.md,/root/wt-b5-nextgen/src/components/course/panels/producedwater/WaterExplorer.jsx:33 six(),"The water viscosity fit, fresh water density fit and salinity term are 'declared constants' the lessons never print (beginner m02 l01:30, l03:22), so no hand route exists. The three panels are fixed to the teaching streams (UZERE, KOKORI and the train stream; producedWaterLab.js:2048 'NO PANEL' may carry the capstone, capstoneLeak.test.js) and offer only view/preset selects. The Suite Produced Water Treatment studio accepts every input but is never named, takes temperature in F, and prints viscosity to 3 dp in cp and densities to 1 dp (/opt/petrolord-studio/workspaces/dev1/projects/petrolord-suite/src/components/pwtstudio/PwtPanels.jsx:238-242, fields.jsx:28), far short of the stated precision."
producedwater,beginner,ogulagha_oil_density_kgm3,kg/m3,862.3241899811321,0.0001,redesign,[],False,,hand-calc,full,1.0,6,0.0,,,True,"{""redesign"": ""No new quantity: state the reference temperature the 0.0007 per degree thinning is measured from (15.56 C) in the lesson and the prompt; the field then becomes an exact hand-calc.""}",/root/wt-b5-nextgen/src/content/courses/producedwater/beginner/m02-the-water-and-the-oil/l04-crude-density-from-api-gravity.md,,"The lesson teaches 141.5/(131.5 + API) x 999 thinned at 0.0007 per degree, but never states the reference temperature. The engine uses 15.56 C (packages/engines/engines/facilities/producedWater.js:323); the exact 60 F = 15.5556 C a learner would use gives 862.321424, 0.0028 from 862.324190 against tol 1e-4."
producedwater,beginner,ogulagha_droplet_rise_ms,m/s,7.82526023252317e-05,1e-10,display,[],False,,unobtainable,"{""decimals"": 12}",1.0,12,3.2523170354764597e-13,,,True,"{""display"": ""/root/wt-b5-nextgen/src/components/course/panels/producedwater/WaterExplorer.jsx:324 -> add a 'Your stream' mode with NumFields for rate, temperature, TDS, API and the device inputs, printing the Stokes rise velocity with the existing six()/twelve() formatters""}",/root/wt-b5-nextgen/src/content/courses/producedwater/beginner/m04-a-droplets-rise/l02-stokes-and-its-reynolds-number.md,/root/wt-b5-nextgen/src/components/course/panels/producedwater/WaterExplorer.jsx:34 twelve(),"Stokes is a closed form but needs the undisclosed viscosity and brine density. The water viscosity fit, fresh water density fit and salinity term are 'declared constants' the lessons never print (beginner m02 l01:30, l03:22), so no hand route exists. The three panels are fixed to the teaching streams (UZERE, KOKORI and the train stream; producedWaterLab.js:2048 'NO PANEL' may carry the capstone, capstoneLeak.test.js) and offer only view/preset selects. The Suite Produced Water Treatment studio accepts every input but is never named, takes temperature in F, and prints viscosity to 3 dp in cp and densities to 1 dp (/opt/petrolord-studio/workspaces/dev1/projects/petrolord-suite/src/components/pwtstudio/PwtPanels.jsx:238-242, fields.jsx:28), far short of the stated precision."
producedwater,beginner,ogulagha_basin_cut_micron,micron,113.37669131197052,1e-06,display,[],False,,unobtainable,"{""decimals"": 6}",1.0,6,3.11970524080607e-07,,,True,"{""display"": ""/root/wt-b5-nextgen/src/components/course/panels/producedwater/WaterExplorer.jsx:324 -> add a 'Your stream' mode with NumFields for rate, temperature, TDS, API and the device inputs, printing the basin cut size with the existing six()/twelve() formatters""}",/root/wt-b5-nextgen/src/content/courses/producedwater/beginner/m05-the-gravity-devices/l01-an-api-421-basin.md,/root/wt-b5-nextgen/src/components/course/panels/producedwater/WaterExplorer.jsx:33 six(),"Inverting the balance at F needs the undisclosed viscosity and brine density. The three panels are fixed to the teaching streams (UZERE, KOKORI and the train stream; producedWaterLab.js:2048 'NO PANEL' may carry the capstone, capstoneLeak.test.js) and offer only view/preset selects. The Suite Produced Water Treatment studio accepts every input but is never named, takes temperature in F, and prints viscosity to 3 dp in cp and densities to 1 dp (/opt/petrolord-studio/workspaces/dev1/projects/petrolord-suite/src/components/pwtstudio/PwtPanels.jsx:238-242, fields.jsx:28), far short of the stated precision."
producedwater,beginner,ogulagha_plate_cut_micron,micron,69.84080434958841,1e-06,display,[],False,,unobtainable,"{""decimals"": 6}",1.0,6,3.4958840444687667e-07,,,True,"{""display"": ""/root/wt-b5-nextgen/src/components/course/panels/producedwater/WaterExplorer.jsx:324 -> add a 'Your stream' mode with NumFields for rate, temperature, TDS, API and the device inputs, printing the plate pack cut size with the existing six()/twelve() formatters""}",/root/wt-b5-nextgen/src/content/courses/producedwater/beginner/m05-the-gravity-devices/l05-a-plate-pack.md,/root/wt-b5-nextgen/src/components/course/panels/producedwater/WaterExplorer.jsx:33 six(),"Needs the undisclosed viscosity and brine density. The three panels are fixed to the teaching streams (UZERE, KOKORI and the train stream; producedWaterLab.js:2048 'NO PANEL' may carry the capstone, capstoneLeak.test.js) and offer only view/preset selects. The Suite Produced Water Treatment studio accepts every input but is never named, takes temperature in F, and prints viscosity to 3 dp in cp and densities to 1 dp (/opt/petrolord-studio/workspaces/dev1/projects/petrolord-suite/src/components/pwtstudio/PwtPanels.jsx:238-242, fields.jsx:28), far short of the stated precision."
producedwater,intermediate,izombe_liner_turndown_ratio,ratio,1.7787930373888892,5e-07,none,[],False,,hand-calc,full,1.0,6,0.0,,,False,,/root/wt-b5-nextgen/src/content/courses/producedwater/intermediate/m03-the-operating-envelope/l01-turndown-and-what-a-bank-is-sized-in.md,,"58000 x 0.158987294928 / 86400 / 100 / 0.0006 = 1.7787930374, reproduced exactly; tol 5e-7 is half a unit in the sixth decimal the prompt asks for."
producedwater,intermediate,izombe_cyclone_shear_penalty,ratio,1.1697445603434073,5e-07,none,[],False,,hand-calc,full,1.0,6,0.0,,,False,,/root/wt-b5-nextgen/src/content/courses/producedwater/intermediate/m03-the-operating-envelope/l02-the-ceiling-on-the-field.md (penalty = square root of the overload past 1.3),,"sqrt(1.7787930374 / 1.3) = 1.1697445603, reproduced exactly; tol 5e-7 = half a unit at six decimals."
producedwater,intermediate,izombe_cyclone_cut_micron,micron,5.319865594518567,1e-06,display,[],False,,unobtainable,"{""decimals"": 6}",1.0,6,4.054814333187551e-07,,,True,"{""display"": ""/root/wt-b5-nextgen/src/components/course/panels/producedwater/DeviceExplorer.jsx:411 -> add a 'Your stream' mode with NumFields for rate, temperature, TDS, API and the device inputs, printing the liner field, residence, ideal and reported cut with the existing six()/twelve() formatters""}",/root/wt-b5-nextgen/src/content/courses/producedwater/intermediate/m02-the-hydrocyclone/l04-the-cut-the-march-gives.md,/root/wt-b5-nextgen/src/components/course/panels/producedwater/DeviceExplorer.jsx:41 six() (KOKORI only),"The residence-time march needs the undisclosed viscosity and brine density. The three panels are fixed to the teaching streams (UZERE, KOKORI and the train stream; producedWaterLab.js:2048 'NO PANEL' may carry the capstone, capstoneLeak.test.js) and offer only view/preset selects. The Suite Produced Water Treatment studio accepts every input but is never named, takes temperature in F, and prints viscosity to 3 dp in cp and densities to 1 dp (/opt/petrolord-studio/workspaces/dev1/projects/petrolord-suite/src/components/pwtstudio/PwtPanels.jsx:238-242, fields.jsx:28), far short of the stated precision."
producedwater,intermediate,izombe_bubble_rise_ms,m/s,0.02505191646373671,1e-10,display,[],False,,unobtainable,"{""decimals"": 12}",1.0,12,2.6328939028985587e-13,,,True,"{""display"": ""/root/wt-b5-nextgen/src/components/course/panels/producedwater/DeviceExplorer.jsx:411 -> add a 'Your stream' mode with NumFields for rate, temperature, TDS, API and the device inputs, printing bubble rise, superficial gas velocity, holdup and cut with the existing six()/twelve() formatters""}",/root/wt-b5-nextgen/src/content/courses/producedwater/intermediate/m04-flotation/l03-a-bubble-at-reynolds-twenty.md,/root/wt-b5-nextgen/src/components/course/panels/producedwater/DeviceExplorer.jsx:226 twelve(s.cell.bubbleRiseMS) (KOKORI only),"A full drag balance at Reynolds about 20 (iterative) on the undisclosed water density and viscosity. The three panels are fixed to the teaching streams (UZERE, KOKORI and the train stream; producedWaterLab.js:2048 'NO PANEL' may carry the capstone, capstoneLeak.test.js) and offer only view/preset selects. The Suite Produced Water Treatment studio accepts every input but is never named, takes temperature in F, and prints viscosity to 3 dp in cp and densities to 1 dp (/opt/petrolord-studio/workspaces/dev1/projects/petrolord-suite/src/components/pwtstudio/PwtPanels.jsx:238-242, fields.jsx:28), far short of the stated precision."
producedwater,intermediate,izombe_gas_holdup_ratio,ratio,0.06881952310620194,5e-07,display,[],False,,unobtainable,"{""decimals"": 12}",1.0,6,2.0194956817931597e-13,,,True,"{""display"": ""/root/wt-b5-nextgen/src/components/course/panels/producedwater/DeviceExplorer.jsx:411 -> add a 'Your stream' mode with NumFields for rate, temperature, TDS, API and the device inputs, printing the gas holdup with the existing six()/twelve() formatters""}",/root/wt-b5-nextgen/src/content/courses/producedwater/intermediate/m04-flotation/l04-holdup-and-a-swarm.md,/root/wt-b5-nextgen/src/components/course/panels/producedwater/DeviceExplorer.jsx:227 twelve(s.cell.gasHoldup) (KOKORI only),"Depends on the bubble rise velocity, which is unobtainable. The three panels are fixed to the teaching streams (UZERE, KOKORI and the train stream; producedWaterLab.js:2048 'NO PANEL' may carry the capstone, capstoneLeak.test.js) and offer only view/preset selects. The Suite Produced Water Treatment studio accepts every input but is never named, takes temperature in F, and prints viscosity to 3 dp in cp and densities to 1 dp (/opt/petrolord-studio/workspaces/dev1/projects/petrolord-suite/src/components/pwtstudio/PwtPanels.jsx:238-242, fields.jsx:28), far short of the stated precision."
producedwater,intermediate,izombe_filter_cut_micron,micron,10.257441012720951,1e-06,none,[],False,,hand-calc,full,1.0,6,0.0,,,False,,"/root/wt-b5-nextgen/src/content/courses/producedwater/intermediate/m05-the-bed/l02-the-cut-as-an-inversion.md, l03-the-grain-size-and-a-held-exponent.md, l04-loading-rate-and-breakthrough.md",,"lambda = 3.5 (d/20)^2 (800/800)^-3 (load/10)^-0.5 with load = Q/18 x 3600 = 21.3455 m/h; lambda H = ln 2 gives d = 10.2574410127, reproduced exactly; tol 1e-6 exceeds half a unit at six decimals."
producedwater,advanced,tunu_cyclone_stage_median_micron,micron,4.693996003747812,1e-06,display,[],False,,unobtainable,"{""decimals"": 6}",1.0,6,3.74781183865025e-09,,,True,"{""display"": ""/root/wt-b5-nextgen/src/components/course/panels/producedwater/TrainExplorer.jsx:325 -> add a 'Your stream' mode with NumFields for rate, temperature, TDS, API and the device inputs, printing the stage outlet medians with the existing six()/twelve() formatters""}",/root/wt-b5-nextgen/src/content/courses/producedwater/advanced (train coupling; intermediate m01 l04 removal-as-an-integral),/root/wt-b5-nextgen/src/components/course/panels/producedwater/TrainExplorer.jsx:36 six() (teaching train only),"The medians are moments of a 60-bin distribution passed through three grade curves whose cut sizes need the undisclosed fluid fits. The three panels are fixed to the teaching streams (UZERE, KOKORI and the train stream; producedWaterLab.js:2048 'NO PANEL' may carry the capstone, capstoneLeak.test.js) and offer only view/preset selects. The Suite Produced Water Treatment studio accepts every input but is never named, takes temperature in F, and prints viscosity to 3 dp in cp and densities to 1 dp (/opt/petrolord-studio/workspaces/dev1/projects/petrolord-suite/src/components/pwtstudio/PwtPanels.jsx:238-242, fields.jsx:28), far short of the stated precision."
producedwater,advanced,tunu_plate_stage_removal_pct,percent,11.801201005213063,1e-06,display,[],False,,unobtainable,"{""decimals"": 6}",1.0,6,5.213061982090039e-09,,,True,"{""display"": ""/root/wt-b5-nextgen/src/components/course/panels/producedwater/TrainExplorer.jsx:325 -> add a 'Your stream' mode with NumFields for rate, temperature, TDS, API and the device inputs, printing the stage removals with the existing six()/twelve() formatters""}",/root/wt-b5-nextgen/src/content/courses/producedwater/advanced (train coupling; intermediate m01 l04 removal-as-an-integral),/root/wt-b5-nextgen/src/components/course/panels/producedwater/TrainExplorer.jsx:36 six() (teaching train only),"Removal integrates the grade curve over 60 log-normal bins against a plate cut that needs the undisclosed fluid fits. The three panels are fixed to the teaching streams (UZERE, KOKORI and the train stream; producedWaterLab.js:2048 'NO PANEL' may carry the capstone, capstoneLeak.test.js) and offer only view/preset selects. The Suite Produced Water Treatment studio accepts every input but is never named, takes temperature in F, and prints viscosity to 3 dp in cp and densities to 1 dp (/opt/petrolord-studio/workspaces/dev1/projects/petrolord-suite/src/components/pwtstudio/PwtPanels.jsx:238-242, fields.jsx:28), far short of the stated precision."
producedwater,advanced,tunu_cyclone_stage_removal_pct,percent,93.8488534141062,1e-06,display,[],False,,unobtainable,"{""decimals"": 6}",1.0,6,4.141061964446635e-07,,,True,"{""display"": ""/root/wt-b5-nextgen/src/components/course/panels/producedwater/TrainExplorer.jsx:325 -> add a 'Your stream' mode with NumFields for rate, temperature, TDS, API and the device inputs, printing the stage removals with the existing six()/twelve() formatters""}",/root/wt-b5-nextgen/src/content/courses/producedwater/advanced (train coupling; intermediate m01 l04 removal-as-an-integral),/root/wt-b5-nextgen/src/components/course/panels/producedwater/TrainExplorer.jsx:36 six() (teaching train only),"Same 60-bin integration against the liner cut, which needs the undisclosed fluid fits. The three panels are fixed to the teaching streams (UZERE, KOKORI and the train stream; producedWaterLab.js:2048 'NO PANEL' may carry the capstone, capstoneLeak.test.js) and offer only view/preset selects. The Suite Produced Water Treatment studio accepts every input but is never named, takes temperature in F, and prints viscosity to 3 dp in cp and densities to 1 dp (/opt/petrolord-studio/workspaces/dev1/projects/petrolord-suite/src/components/pwtstudio/PwtPanels.jsx:238-242, fields.jsx:28), far short of the stated precision."
producedwater,advanced,tunu_train_outlet_ppm,ppm,45.682546314511974,1e-06,display,[],False,,unobtainable,"{""decimals"": 6}",1.0,6,3.1451197202159165e-07,,,True,"{""display"": ""/root/wt-b5-nextgen/src/components/course/panels/producedwater/TrainExplorer.jsx:325 -> add a 'Your stream' mode with NumFields for rate, temperature, TDS, API and the device inputs, printing the train outlet concentration with the existing six()/twelve() formatters""}",/root/wt-b5-nextgen/src/content/courses/producedwater/advanced (train coupling; intermediate m01 l04 removal-as-an-integral),/root/wt-b5-nextgen/src/components/course/panels/producedwater/TrainExplorer.jsx:36 six() (teaching train only),"Product of three stage penetrations, each unobtainable. The three panels are fixed to the teaching streams (UZERE, KOKORI and the train stream; producedWaterLab.js:2048 'NO PANEL' may carry the capstone, capstoneLeak.test.js) and offer only view/preset selects. The Suite Produced Water Treatment studio accepts every input but is never named, takes temperature in F, and prints viscosity to 3 dp in cp and densities to 1 dp (/opt/petrolord-studio/workspaces/dev1/projects/petrolord-suite/src/components/pwtstudio/PwtPanels.jsx:238-242, fields.jsx:28), far short of the stated precision."
producedwater,advanced,tunu_train_outlet_median_micron,micron,4.08399589751163,1e-06,display,[],False,,unobtainable,"{""decimals"": 6}",1.0,6,1.0248836979087628e-07,,,True,"{""display"": ""/root/wt-b5-nextgen/src/components/course/panels/producedwater/TrainExplorer.jsx:325 -> add a 'Your stream' mode with NumFields for rate, temperature, TDS, API and the device inputs, printing the train outlet median with the existing six()/twelve() formatters""}",/root/wt-b5-nextgen/src/content/courses/producedwater/advanced (train coupling; intermediate m01 l04 removal-as-an-integral),/root/wt-b5-nextgen/src/components/course/panels/producedwater/TrainExplorer.jsx:36 six() (teaching train only),"Moment of the surviving distribution after three unobtainable stages. The three panels are fixed to the teaching streams (UZERE, KOKORI and the train stream; producedWaterLab.js:2048 'NO PANEL' may carry the capstone, capstoneLeak.test.js) and offer only view/preset selects. The Suite Produced Water Treatment studio accepts every input but is never named, takes temperature in F, and prints viscosity to 3 dp in cp and densities to 1 dp (/opt/petrolord-studio/workspaces/dev1/projects/petrolord-suite/src/components/pwtstudio/PwtPanels.jsx:238-242, fields.jsx:28), far short of the stated precision."
producedwater,advanced,tunu_coarse_droplet_reynolds,ratio,6.997495185436383,5e-07,display,[],False,,unobtainable,"{""decimals"": 6}",1.0,6,1.8543638358181624e-07,,,True,"{""display"": ""/root/wt-b5-nextgen/src/components/course/panels/producedwater/TrainExplorer.jsx:325 -> add a 'Your stream' mode with NumFields for rate, temperature, TDS, API and the device inputs, printing the Reynolds number of a typed droplet diameter with the existing six()/twelve() formatters""}",/root/wt-b5-nextgen/src/content/courses/producedwater/advanced (train coupling; intermediate m01 l04 removal-as-an-integral),/root/wt-b5-nextgen/src/components/course/panels/producedwater/TrainExplorer.jsx:36 six() (teaching train only),"Re = rho v d / mu with Stokes v needs the undisclosed viscosity and brine density. The three panels are fixed to the teaching streams (UZERE, KOKORI and the train stream; producedWaterLab.js:2048 'NO PANEL' may carry the capstone, capstoneLeak.test.js) and offer only view/preset selects. The Suite Produced Water Treatment studio accepts every input but is never named, takes temperature in F, and prints viscosity to 3 dp in cp and densities to 1 dp (/opt/petrolord-studio/workspaces/dev1/projects/petrolord-suite/src/components/pwtstudio/PwtPanels.jsx:238-242, fields.jsx:28), far short of the stated precision."
qra,beginner,ukpokiti_compressor_explosion_frequency_per_yr,per year,4.7804e-05,5e-13,none,[],False,,nextgen-panel,"{""decimals"": 12}",1.0,12,0.0,,,False,,"/root/wt-b5-nextgen/src/components/course/panels/qra/EventTreeExplorer.jsx:43-47 (flammable tree, editable)",/root/wt-b5-nextgen/src/components/course/panels/qra/EventTreeExplorer.jsx:52 twelve(),Entering 0.00038 / 0.15 / 0.37 / 0.6 / 0.4 gives the explosion tile at twelve(); hand-calc 0.00038 x 0.85 x 0.37 x 0.4 = 4.7804e-05 reproduced.
qra,beginner,ukpokiti_camp_exposure_frequency_per_yr,per year,4.556e-05,5e-13,none,[],False,,hand-calc,full,1.0,12,0.0,,,False,,/root/wt-b5-nextgen/src/content/courses/qra/beginner/m02-event-trees/l03-the-leaf-frequency.md:5,,"0.0017 x (0.08 x 0.18 + 0.04 x 0.31) = 4.556e-05 reproduced; leaf = initiating frequency x path product, pooled, is taught in m02/l03. The panel tree mode is the flammable release only, so this one is by hand."
qra,beginner,ukpokiti_control_room_lsir_per_yr,per year,8.016479999999999e-06,5e-13,none,[],False,,nextgen-panel,"{""decimals"": 12}",1.0,12,1.6940658945086007e-21,,,False,,"/root/wt-b5-nextgen/src/components/course/panels/qra/EventTreeExplorer.jsx:75-89 (LSIR mode, editable rows)",/root/wt-b5-nextgen/src/components/course/panels/qra/EventTreeExplorer.jsx:89 twelve(),jet/pool fire 5.7e-5 x 0.04 + explosion 4.7804e-5 x 0.12 = 8.01648e-06 reproduced; panel prints twelve decimals.
qra,beginner,ukpokiti_compressor_deck_lsir_per_yr,per year,0.00014938940000000002,5e-13,none,[],False,,nextgen-panel,"{""decimals"": 12}",1.0,12,2.710505431213761e-20,,,False,,/root/wt-b5-nextgen/src/components/course/panels/qra/EventTreeExplorer.jsx:75-89,/root/wt-b5-nextgen/src/components/course/panels/qra/EventTreeExplorer.jsx:89 twelve(),0.65 x 5.7e-5 + 1 x 7.1706e-5 + 0.85 x 4.7804e-5 = 1.493894e-04 reproduced.
qra,beginner,ukpokiti_operator_irpa_per_yr,per year,1.696191466666667e-05,5e-13,none,[],False,,nextgen-panel,"{""decimals"": 12}",1.0,12,3.3333332974264454e-13,,,False,,/root/wt-b5-nextgen/src/components/course/panels/qra/EventTreeExplorer.jsx:109-128 (IRPA mode),/root/wt-b5-nextgen/src/components/course/panels/qra/EventTreeExplorer.jsx:128 twelve(),"deck x 730/8760 + control x 1095/8760 + camp x 2555/8760 = 1.696191466666667e-05 reproduced; twelve() prints 0.000016961915, 3.3e-13 from expected, inside 5e-13."
qra,beginner,ukpokiti_technician_irpa_per_yr,per year,2.3761559013698634e-05,5e-13,none,[],False,,nextgen-panel,"{""decimals"": 12}",1.0,12,1.3698633563206594e-14,,,False,,/root/wt-b5-nextgen/src/components/course/panels/qra/EventTreeExplorer.jsx:109-128 (fraction column accepted),/root/wt-b5-nextgen/src/components/course/panels/qra/EventTreeExplorer.jsx:128 twelve(),deck x 0.12 + control x 400/8760 + camp x 3980/8760 = 2.3761559013698634e-05 reproduced.
qra,intermediate,ogini_crew_pll_per_yr,fatalities per year,0.023658,5e-13,none,[],False,,nextgen-panel,"{""decimals"": 12}",1.0,12,0.0,,,False,,/root/wt-b5-nextgen/src/components/course/panels/qra/SocietalExplorer.jsx:27-38 (editable scenario rows),/root/wt-b5-nextgen/src/components/course/panels/qra/SocietalExplorer.jsx:43 twelve(),Sum f x N = 0.023658 reproduced exactly.
qra,intermediate,ogini_crew_far,"per 100,000,000 exposed hours",15.474882260596546,5e-07,none,[],False,,nextgen-panel,"{""decimals"": 6}",1.0,6,2.605965470081628e-07,,,False,,/root/wt-b5-nextgen/src/components/course/panels/qra/SocietalExplorer.jsx:37-38,/root/wt-b5-nextgen/src/components/course/panels/qra/SocietalExplorer.jsx:45 six(),"0.023658 / (70 x 2184) x 1e8 = 15.474882260596546 reproduced; six() prints 15.474882 (2.6e-7 off, inside 5e-7)."
qra,intermediate,ogini_village_frequency_ten_or_more_per_yr,per year,1.8004e-05,5e-13,none,[],False,,nextgen-panel,"{""decimals"": 12}",1.0,12,0.0,,,False,,/root/wt-b5-nextgen/src/components/course/panels/qra/SocietalExplorer.jsx:78-100 (F-N mode),/root/wt-b5-nextgen/src/components/course/panels/qra/SocietalExplorer.jsx:109 curve row twelve(),F(10) = 3.74e-7 + 4.53e-6 + 1.31e-5 = 1.8004e-05 reproduced; N = 10 is a curve corner so the row prints it.
qra,intermediate,ogini_village_vrom_max_ratio,ratio,14.8346,5e-07,none,[],False,,nextgen-panel,"{""decimals"": 6}",1.0,6,0.0,,,False,,/root/wt-b5-nextgen/src/components/course/panels/qra/SocietalExplorer.jsx:96 (preset criterion),/root/wt-b5-nextgen/src/components/course/panels/qra/SocietalExplorer.jsx:106 six(),"max over N=10,55,140 of F(N)/(1e-3/N^2) = 14.8346 (at N = 10) reproduced."
qra,intermediate,ogini_village_exceedance_from_fatalities,fatalities,14.279886949438497,5e-07,none,[],False,,nextgen-panel,"{""decimals"": 6}",1.0,6,5.056150342852561e-08,,,False,,/root/wt-b5-nextgen/src/content/courses/qra/intermediate/m06-societal-risk-end-to-end/l04-the-capstone-brief.md (range start rule),/root/wt-b5-nextgen/src/components/course/panels/qra/SocietalExplorer.jsx:111-113 above-from column six(),"max(previous corner 10, line min 10, sqrt(1e-3 / F(55))) = sqrt(1e-3/4.904e-6) = 14.279886949438497 reproduced; the brief teaches the rule, so it is also a hand-calc."
qra,intermediate,ogini_village_r2p2_point_ratio,ratio,0.02452,5e-07,none,[],False,,nextgen-panel,"{""decimals"": 6}",1.0,6,0.0,,,False,,/root/wt-b5-nextgen/src/components/course/panels/qra/SocietalExplorer.jsx:96 (preset r2p2-para-136),/root/wt-b5-nextgen/src/components/course/panels/qra/SocietalExplorer.jsx:106 six(),F(50) = F(55) = 4.904e-6 over 2e-4 = 0.02452 reproduced.
qra,advanced,ebughu_deluge_cost_to_benefit_ratio,ratio,0.39042368962287494,5e-07,none,[],False,,nextgen-panel,"{""decimals"": 6}",1.0,6,3.1037712505677106e-07,,,False,,"/root/wt-b5-nextgen/src/components/course/panels/qra/AlarpExplorer.jsx:79-112 (every input editable), /root/wt-b5-nextgen/src/content/courses/qra/advanced/m06-judgement-end-to-end/l05-the-capstone-brief.md",/root/wt-b5-nextgen/src/components/course/panels/qra/AlarpExplorer.jsx:120 six(),"Panel with 0.0031, 1336800, harms rows, 20 y, 21000, 600, DF 6, rates 0.015/0.035 prints six(); 0.39042368962 rounds to 0.390424 (3.1e-7 off)."
qra,advanced,ebughu_deluge_icaf_gbp,GBP,476249.0642124415,0.005,none,[],False,,nextgen-panel,"{""decimals"": 2}",1.0,2,0.00421244150493294,,,False,,"/root/wt-b5-nextgen/src/components/course/panels/qra/AlarpExplorer.jsx:79-112 (every input editable), /root/wt-b5-nextgen/src/content/courses/qra/advanced/m06-judgement-end-to-end/l05-the-capstone-brief.md",/root/wt-b5-nextgen/src/components/course/panels/qra/AlarpExplorer.jsx:121 two(),"PV cost 21000 + 600 x annuity(3.5 pct, 20) = 29527.44 over 0.0031 x 20 = 476249.064 reproduced; two() prints 476249.06 (0.0042 off, inside 0.005)."
qra,advanced,ebughu_deluge_maximum_reasonably_practicable_cost_gbp,GBP,453775.3640363327,0.005,none,[],False,,nextgen-panel,"{""decimals"": 2}",1.0,2,0.004036332713440061,,,False,,"/root/wt-b5-nextgen/src/components/course/panels/qra/AlarpExplorer.jsx:79-112 (every input editable), /root/wt-b5-nextgen/src/content/courses/qra/advanced/m06-judgement-end-to-end/l05-the-capstone-brief.md",/root/wt-b5-nextgen/src/components/course/panels/qra/AlarpExplorer.jsx:122 two(),DF x PV benefit; two() prints 453775.36 (0.0040 off).
qra,advanced,ebughu_blast_wall_cost_to_benefit_ratio,ratio,175.23960830410573,5e-07,none,[],False,,nextgen-panel,"{""decimals"": 6}",1.0,6,3.0410572549044446e-07,,,False,,"/root/wt-b5-nextgen/src/components/course/panels/qra/AlarpExplorer.jsx:79-112 (every input editable), /root/wt-b5-nextgen/src/content/courses/qra/advanced/m06-judgement-end-to-end/l05-the-capstone-brief.md",/root/wt-b5-nextgen/src/components/course/panels/qra/AlarpExplorer.jsx:120 six(),Panel with growth 0.04 and both rates 0.06 prints six(); 175.239608 is 3.0e-7 off.
qra,advanced,ebughu_blast_wall_icaf_gbp,GBP,138095238.0952381,0.005,none,[],False,,nextgen-panel,"{""decimals"": 2}",1.0,2,0.00476190447807312,,,False,,"/root/wt-b5-nextgen/src/components/course/panels/qra/AlarpExplorer.jsx:79-112 (every input editable), /root/wt-b5-nextgen/src/content/courses/qra/advanced/m06-judgement-end-to-end/l05-the-capstone-brief.md",/root/wt-b5-nextgen/src/components/course/panels/qra/AlarpExplorer.jsx:121 two(),"2900000 / (0.00084 x 25) = 138095238.0952381 reproduced; two() prints 138095238.10, 0.00476 off against tol 0.005."
qra,advanced,ebughu_gas_detection_cost_to_benefit_ratio,ratio,14.197130015152092,5e-07,none,[],False,,nextgen-panel,"{""decimals"": 6}",1.0,6,1.5152092913695014e-08,,,False,,"/root/wt-b5-nextgen/src/components/course/panels/qra/AlarpExplorer.jsx:79-112 (every input editable), /root/wt-b5-nextgen/src/content/courses/qra/advanced/m06-judgement-end-to-end/l05-the-capstone-brief.md",/root/wt-b5-nextgen/src/components/course/panels/qra/AlarpExplorer.jsx:120 six(),Undiscounted: (72300 + 15 x 4100) / (0.00047 x 15 x 1336800) = 14.197130015 reproduced; six() prints 14.197130.
refinery,beginner,ikarama_modular_capex_usd,US dollars,104137974.399241,0.5,none,[],False,,hand-calc,full,1.0,0,0.0,,,False,,src/content/courses/refinery/beginner/m02-capital-and-the-scaling-law/l02-six-tenths-and-nine-tenths.md,,150000000 x (8000/12000)^0.9 = 104137974.40; tol 0.5 is half a whole dollar.
refinery,beginner,ikarama_stick_built_capex_usd,US dollars,117607902.252467,0.5,none,[],False,,hand-calc,full,1.0,0,0.0,,,False,,src/content/courses/refinery/beginner/m02-capital-and-the-scaling-law/l02-six-tenths-and-nine-tenths.md,,150000000 x (8000/12000)^0.6 = 117607902.25.
refinery,beginner,ikarama_gross_value_per_bbl,US dollars a barrel,92.42,0.005,none,[],False,,hand-calc,full,1.0,,0.0,,,False,,src/content/courses/refinery/beginner/m03-the-product-slate/l01-three-configurations.md,,Sum of conversion yields x the five prices = 92.42 exactly; also src/components/modularrefinery/ScaleResults.jsx:116 prints toFixed(2).
refinery,beginner,ikarama_annual_throughput_bbl,barrels,2010000.0,0.5,none,[],False,,hand-calc,full,1.0,,0.0,,,False,,src/content/courses/refinery/beginner/m04-throughput-and-the-gross-margin/l02-utilisation-is-a-fraction.md,,"8000 x 335 x 0.75 = 2010000 exactly (integer, tol 0.5)."
refinery,beginner,ikarama_gross_margin_per_bbl,US dollars a barrel,14.32,0.005,none,[],False,,hand-calc,full,1.0,,0.0,,,False,,src/content/courses/refinery/beginner/m04-throughput-and-the-gross-margin/l03-the-gross-margin-per-barrel.md,,92.42 - (71 + 3) - 4.1 = 14.32 exactly.
refinery,beginner,ikarama_first_year_revenue_usd,US dollars,185764200.0,0.5,none,[],False,,hand-calc,full,1.0,0,0.0,,,False,,src/content/courses/refinery/beginner/m06-the-associate-reading/l01-the-okordia-screen-end-to-end.md,,2010000 x 92.42 = 185764200 exactly.
refinery,intermediate,amassoma_crude_run_bbl,barrels,1880000.0,0.5,none,[],False,,suite-app,integer,1.0,,0.0,,,False,,src/components/refineryplanning/PlanResults.jsx:46,src/components/refineryplanning/PlanResults.jsx:46,"`{fmt(plan.totalCrude)} bbl` with 0 decimals = 1,880,000; integer answer, tol 0.5."
refinery,intermediate,amassoma_cdu_utilisation_pct,percent,81.73913043,0.005,display,[],False,,suite-app,"{""decimals"": 0}",100.0,2,0.0008695699999918816,,,True,"{""display"": ""src/components/refineryplanning/PlanResults.jsx:98 -> (u.utilisation * 100).toFixed(2); same for ConfigPanel.jsx:105 and ActualsPanel.jsx:178""}",src/components/refineryplanning/PlanResults.jsx:98,src/components/refineryplanning/PlanResults.jsx:98,"Unit table prints `(u.utilisation * 100).toFixed(0)%` = 82%, 0.26 from 81.739130 with tol 0.005. The prompt asks 'in percent to two decimals'."
refinery,intermediate,amassoma_plan_margin_usd,US dollars,8170744.0,0.5,none,[],False,,suite-app,integer,1.0,0,0.0,,,False,,src/components/refineryplanning/PlanResults.jsx:42,src/components/refineryplanning/PlanResults.jsx:42,"`${fmt(plan.margin)}` whole dollars = 8,170,744; integer, tol 0.5."
refinery,intermediate,amassoma_gross_margin_per_bbl,US dollars a barrel,4.34614043,0.005,none,[],False,,suite-app,"{""decimals"": 2}",1.0,,0.0038595699999994793,,,False,,src/components/refineryplanning/PlanResults.jsx:38,src/components/refineryplanning/PlanResults.jsx:38,"`${fmt(plan.grossMarginPerBbl, 2)}/bbl` = 4.35; |4.35 - 4.346140| = 0.0039 <= 0.005."
refinery,intermediate,amassoma_naphtha_value_per_bbl,US dollars a barrel,91.32,0.005,none,[],False,,suite-app,"{""decimals"": 2}",1.0,,0.0,,,False,,src/components/refineryplanning/PlanResults.jsx:119,src/components/refineryplanning/PlanResults.jsx:119,`$${s.marginalValue.toFixed(2)}` = 91.32 exactly.
refinery,intermediate,amassoma_gasoil_value_per_bbl,US dollars a barrel,88.06733333,0.005,none,[],False,,suite-app,"{""decimals"": 2}",1.0,,0.0026666699999964294,,,False,,src/components/refineryplanning/PlanResults.jsx:119,src/components/refineryplanning/PlanResults.jsx:119,toFixed(2) = 88.07; |88.07 - 88.067333| = 0.0027 <= 0.005.
refinery,advanced,koloama_usan_price_variance_usd,US dollars,654500.0,0.5,none,[],False,,hand-calc,full,1.0,0,0.0,,,False,,src/content/courses/refinery/advanced,src/components/refineryplanning/ActualsPanel.jsx:147,(73304000/935000 - 77.7) x 935000 = 0.7 x 935000 = 654500 exactly; no plan quantity needed. Also printed whole-dollar by src/components/refineryplanning/ActualsPanel.jsx:147.
refinery,advanced,koloama_diesel_volume_variance_usd,US dollars,661826.666667,0.5,none,[],False,,suite-app,integer,1.0,0,0.33333299995865673,,,False,,src/components/refineryplanning/ActualsPanel.jsx:146,src/components/refineryplanning/ActualsPanel.jsx:146,"Needs the plan's diesel volume from the LP cascade; `money()` prints whole dollars (maximumFractionDigits 0) = 661,827, |diff| 0.333 <= 0.5."
refinery,advanced,koloama_margin_variance_usd,US dollars,-2738869.444444,0.5,none,[],False,,suite-app,integer,1.0,0,0.4444439997896552,,,False,,src/components/refineryplanning/ActualsPanel.jsx:109,src/components/refineryplanning/ActualsPanel.jsx:109,"`money(reconciliation.marginVariance)` = -2,738,869, |diff| 0.444 <= 0.5."
refinery,advanced,koloama_cost_variance_usd,US dollars,2184380.0,0.5,none,[],False,,suite-app,integer,1.0,0,0.0,,,False,,src/components/refineryplanning/ActualsPanel.jsx:149,src/components/refineryplanning/ActualsPanel.jsx:149,"Sum of the cost lines' total variance, whole dollars; integer expected 2184380."
refinery,advanced,koloama_first_tax_mm,millions of US dollars,0.9071033584,5e-05,none,[],False,,hand-calc,full,1.0,4,0.0,,,False,,src/content/courses/refinery/advanced/m05-tax-losses-carried-forward/l03-the-first-taxable-year.md,,"Capex expensed in the two construction years, loss pool carried forward, 30 percent on the first year's income the pool does not cover; 0.9071033584 rounds to 0.9071 (error 3.4e-6 <= 5e-5)."
refinery,advanced,koloama_lifetime_tax_mm,millions of US dollars,46.7190119584,5e-05,none,[],False,,hand-calc,full,1.0,4,0.0,,,False,,src/content/courses/refinery/advanced/m06-the-expert-reading/l02-the-odioma-expansion-end-to-end.md,,Sum of yearly tax under the same rule over 15 operating years; four-decimal error 1.2e-5 <= 5e-5.
relief,beginner,kolocreek_critical_pressure_ratio,fraction,0.5439270375653221,5e-07,display,[],False,,unobtainable,,1.0,6,,,,True,"{""display"": ""src/components/reliefstudio/PsvResultsPanel.jsx:46 -> print the critical pressure ratio (toFixed(6)) beside the Critical/Subcritical sentence""}",src/content/courses/relief/beginner/m06-the-associate-reading/l03-the-capstone-worked.md:11,src/components/reliefstudio/PsvResultsPanel.jsx:46-50,"Suite gas results show only ""Critical flow: the nozzle is choked..."" (PsvResultsPanel.jsx:46-50); grep of the relief lessons finds no (k+1) formula. NextGen panels are select-only teaching views (SelectField ""View"" only, e.g. src/components/course/panels/relief/SizingExplorer.jsx:477) and cannot be set to the capstone case."
relief,beginner,kolocreek_gas_coefficient_c,USC coefficient,347.9129792663607,1e-06,display,[],False,,unobtainable,,1.0,6,,,,True,"{""display"": ""src/components/reliefstudio/PsvResultsPanel.jsx:35 -> add a \""Gas coefficient C\"" Stat at toFixed(6) on the gas route""}",src/content/courses/relief/beginner/m02-gas-and-vapour/l01-the-coefficient-c-and-where-it-comes-from.md:26,src/components/reliefstudio/PsvResultsPanel.jsx:35,"No C readout anywhere in src/components/reliefstudio (grep); l01 treats C as the engine's gasConstantC output. NextGen panels are select-only teaching views (SelectField ""View"" only, e.g. src/components/course/panels/relief/SizingExplorer.jsx:477) and cannot be set to the capstone case."
relief,beginner,kolocreek_gas_critical_area_in2,in2,1.227071995812397,1e-06,display,"[""display_miss""]",False,,suite-app,"{""decimals"": 3}",1.0,6,7.199581239691888e-05,,,True,"{""display"": ""src/components/reliefstudio/PsvResultsPanel.jsx:35 -> fmt(psv.areaIn2, 6)""}",src/pages/apps/ReliefBlowdownSizer.jsx:15,src/components/reliefstudio/PsvResultsPanel.jsx:35,"Required area prints `fmt(psv.areaIn2, 3)` (fmt = toLocaleString with fixed digits, fields.jsx:28); 1.227 vs tol 1e-6 and the prompt's six decimals."
relief,beginner,kolocreek_gas_subcritical_area_in2,in2,1.3771233172603285,1e-06,display,"[""display_miss""]",False,,suite-app,"{""decimals"": 3}",1.0,6,0.00012331726032854817,,,True,"{""display"": ""src/components/reliefstudio/PsvResultsPanel.jsx:35 -> fmt(psv.areaIn2, 6)""}",src/pages/apps/ReliefBlowdownSizer.jsx:15,src/components/reliefstudio/PsvResultsPanel.jsx:35,"Same Stat, subcritical branch; 3 decimals printed against tol 1e-6."
relief,beginner,kolocreek_liquid_area_in2,in2,1.429643931987363,1e-06,display,"[""display_miss""]",False,,suite-app,"{""decimals"": 3}",1.0,6,0.0003560680126368787,,,True,"{""display"": ""src/components/reliefstudio/PsvResultsPanel.jsx:35 -> fmt(psv.areaIn2, 6)""}",src/pages/apps/ReliefBlowdownSizer.jsx:15,src/components/reliefstudio/PsvResultsPanel.jsx:35,"Liquid route area printed fmt(..., 3); tol 1e-6."
relief,beginner,kolocreek_steam_area_in2,in2,2.3600699760747905,1e-06,display,"[""display_miss""]",False,,suite-app,"{""decimals"": 3}",1.0,6,6.997607479064527e-05,,,True,"{""display"": ""src/components/reliefstudio/PsvResultsPanel.jsx:35 -> fmt(psv.areaIn2, 6)""}",src/pages/apps/ReliefBlowdownSizer.jsx:15,src/components/reliefstudio/PsvResultsPanel.jsx:35,"Steam area printed fmt(..., 3); tol 1e-6."
relief,intermediate,ogbainbiri_wetted_area_ft2,ft2,450.83862051383863,0.0001,none,[],False,,hand-calc,full,1.0,4,0.0,,,False,,src/content/courses/relief/intermediate/m02-the-wetted-area/l01-a-circular-segment-exactly.md:17,src/content/courses/relief/intermediate/m02-the-wetted-area/l01-a-circular-segment-exactly.md:17,"l01:5,17 teach the exact expression: arc angle from level and radius, arc length from angle and radius, times the 37 ft length; 450.8386 ft2 at full precision."
relief,intermediate,ogbainbiri_tower_wetted_area_ft2,ft2,327.9822730347744,0.0001,none,[],False,,hand-calc,full,1.0,4,0.0,,,False,,src/content/courses/relief/intermediate/m02-the-wetted-area/l03-standing-up-instead-of-lying-down.md:5,src/content/courses/relief/intermediate/m02-the-wetted-area/l03-standing-up-instead-of-lying-down.md:5,"""the area is the circumference times the wetted height. No segment, no arc angle, one product"" (l03:5): pi x 7.2 x 14.5 = 327.9823, full precision."
relief,intermediate,ogbainbiri_liquid_area_fraction,fraction,0.3119188323905364,5e-07,none,[],False,,hand-calc,full,1.0,6,0.0,,,False,,src/content/courses/relief/intermediate/m05-the-knockout-drum/l01-what-a-flare-knockout-drum-is-for.md:13,src/content/courses/relief/intermediate/m05-the-knockout-drum/l01-what-a-flare-knockout-drum-is-for.md:13,"Exact circular-segment area fraction at a level of 0.35 D (l01:13 ""the exact circular segment""); standard geometry, full precision on a calculator."
relief,intermediate,ogbainbiri_vapor_velocity_fts,ft/s,4.302708032661933,1e-06,none,[],False,,hand-calc,full,1.0,6,0.0,,,False,,src/content/courses/relief/intermediate/m05-the-knockout-drum/l01-what-a-flare-knockout-drum-is-for.md:9,src/content/courses/relief/intermediate/m05-the-knockout-drum/l01-what-a-flare-knockout-drum-is-for.md:9,Actual vapour rate over the vapour segment area: 168 / (A x (1 - fraction)); closed form once the fraction is known.
relief,intermediate,ogbainbiri_drum_length_ft,ft,11.5963228685157,1e-06,none,[],False,,hand-calc,full,1.0,6,0.0,,,False,,src/content/courses/relief/intermediate/m05-the-knockout-drum/l01-what-a-flare-knockout-drum-is-for.md:9,src/content/courses/relief/intermediate/m05-the-knockout-drum/l01-what-a-flare-knockout-drum-is-for.md:9,"Transit time equals fall time: L = v x (vapour depth) / 2.05 with vapour depth 0.65 D (l01:9,13)."
relief,intermediate,ogbainbiri_drum_length_wider_ft,ft,9.387499464988899,1e-06,none,[],False,,hand-calc,full,1.0,6,0.0,,,False,,src/content/courses/relief/intermediate/m05-the-knockout-drum/l01-what-a-flare-knockout-drum-is-for.md:9,src/content/courses/relief/intermediate/m05-the-knockout-drum/l01-what-a-flare-knockout-drum-is-for.md:9,Same relation at D = 10.5 ft.
relief,advanced,gbaran_initial_mass_lb,lb,3146.73713377691,5e-05,none,[],False,,hand-calc,full,1.0,4,0.0,,,False,,src/content/courses/relief/advanced/m01-a-vessel-emptying-itself/l02-mass-out-through-a-choked-orifice.md:31,src/content/courses/relief/advanced/m01-a-vessel-emptying-itself/l02-mass-out-through-a-choked-orifice.md:31,m = P V M / (Z R T) with R stated in the prompt (1545.349): 1185 x 144 x 640 x 21.5 / (0.87 x 1545.349 x 555) = 3146.7371 lb.
relief,advanced,gbaran_blowdown_time_s,s,183.65917528878765,0.0001,display,"[""display_miss""]",False,,suite-app,"{""decimals"": 1}",1.0,6,0.04082471121233766,,,True,"{""display"": ""src/components/reliefstudio/BlowdownPanel.jsx:47 -> also print seconds, fmt(r.timeS, 6)""}",src/pages/apps/ReliefBlowdownSizer.jsx:20,src/components/reliefstudio/BlowdownPanel.jsx:47,"Only the 0.1 s march gives this (the closed form differs by about 1e-3 relative, advanced/m05/l05:24, i.e. ~0.18 s against tol 1e-4 s); the studio prints `fmt(r.timeS / 60, 1)` minutes, 6 s steps. The NextGen BlowdownExplorer is select-only."
relief,advanced,gbaran_final_temperature_degr,degR,369.49595889955833,1e-06,none,[],False,,hand-calc,full,1.0,6,0.0,,,False,,src/content/courses/relief/advanced/m02-the-customary-depressuring-time/l04-the-cold-end-and-the-metal-question.md:41,src/content/courses/relief/advanced/m02-the-customary-depressuring-time/l04-the-cold-end-and-the-metal-question.md:41,"Isentropic end temperature T0 (p/p0)^((k-1)/k) = 555 x (165/1185)^(0.26/1.26) = 369.495959 degR, identical to the graded value to 1e-13; the prompt states isentropic expansion."
relief,advanced,gbaran_choked_floor_psia,psia,29.833914945452783,5e-07,display,[],False,,unobtainable,,1.0,6,,,,True,"{""display"": ""src/components/reliefstudio/BlowdownPanel.jsx:52 -> add a \""Choked floor\"" Stat, fmt(r.chokedFloorPsia, 6)""}",src/content/courses/relief/advanced/m01-a-vessel-emptying-itself/l02-mass-out-through-a-choked-orifice.md:15,src/components/reliefstudio/BlowdownPanel.jsx:45-55,"l02:15 teaches floor x critical ratio = outlet pressure; the ratio itself is only an engine return. BlowdownPanel shows time, temperature and stations only. NextGen panels are select-only teaching views (SelectField ""View"" only, e.g. src/components/course/panels/relief/SizingExplorer.jsx:477) and cannot be set to the capstone case."
relief,advanced,gbaran_radiant_intensity_kwm2,kW/m2,1.0419219398921857,5e-07,none,[],False,,hand-calc,full,1.0,6,0.0,,,False,,src/content/courses/relief/advanced/m04-the-point-source-twice/l01-the-point-source-in-one-relation.md:9,src/content/courses/relief/advanced/m04-the-point-source-twice/l01-the-point-source-in-one-relation.md:9,"Point source: fraction x transmissivity x Q / (4 pi d^2) as l01:9 describes (sphere, radiated fraction, surviving fraction): 0.27 x 0.91 x 742000 / (4 pi 118^2) = 1.041922."
relief,advanced,gbaran_setback_distance_m,m,52.56781758753126,1e-06,none,[],False,,hand-calc,full,1.0,6,0.0,,,False,,src/content/courses/relief/advanced/m04-the-point-source-twice/l02-the-same-model-asked-as-a-distance.md:1,src/content/courses/relief/advanced/m04-the-point-source-twice/l02-the-same-model-asked-as-a-distance.md:1,Same relation inverted: d = sqrt(F tau Q / (4 pi I)) = 52.567818 m.
reservoircalc,beginner,oil_cells,count,169.0,0.0,none,"[""zero_tol""]",True,,nextgen-panel,integer,1.0,,0.0,,,True,"{""redesign"": ""Keep key, label, unit and tol; re-case the capstone input so the value is not printed in the lessons or on the default panel state.""}",/root/wt-b5-nextgen/src/components/course/panels/reservoircalc/VolumeExplorer.jsx:124,/root/wt-b5-nextgen/src/components/course/panels/reservoircalc/VolumeExplorer.jsx:124 String(s.oilCells),Integer count printed as an integer; tol 0 is honest for a count. 169 of 500 cells is not a guessable space. LESSON LEAK: /root/wt-b5-nextgen/src/content/courses/reservoircalc/beginner/m06-the-volumetrics-workflow/l03-the-capstone-walkthrough.md:9-16 (a table of all six fields with value and tolerance) prints this graded value.
reservoircalc,beginner,max_oil_column_m,m,20.2818603515625,0.1,none,[],True,,nextgen-panel,"{""decimals"": 4}",1.0,,3.964843750026148e-05,,,True,"{""redesign"": ""Keep key, label, unit and tol; re-case the capstone input so the value is not printed in the lessons or on the default panel state.""}",/root/wt-b5-nextgen/src/components/course/panels/reservoircalc/VolumeExplorer.jsx:126,"/root/wt-b5-nextgen/src/components/course/panels/reservoircalc/VolumeExplorer.jsx:126 fmt(s.maxOilColumn, 4)","Tile 'Maximum oil column'; printed fmt(v, 4) = toFixed(4) (VolumeExplorer.jsx:17 fmt), half a unit 5e-5 is far inside tol (tol 0.1). LESSON LEAK: /root/wt-b5-nextgen/src/content/courses/reservoircalc/beginner/m06-the-volumetrics-workflow/l03-the-capstone-walkthrough.md:9-16 (a table of all six fields with value and tolerance) prints this graded value."
reservoircalc,beginner,grv_mm3,10^6 m3,22.26903564453125,0.05,none,[],True,,nextgen-panel,"{""decimals"": 4}",1.0,,3.5644531251932676e-05,,,True,"{""redesign"": ""Keep key, label, unit and tol; re-case the capstone input so the value is not printed in the lessons or on the default panel state.""}",/root/wt-b5-nextgen/src/components/course/panels/reservoircalc/VolumeExplorer.jsx:128,"/root/wt-b5-nextgen/src/components/course/panels/reservoircalc/VolumeExplorer.jsx:128 fmt(s.grvMm3, 4)","Tile 'Gross rock volume'; printed fmt(v, 4) = toFixed(4) (VolumeExplorer.jsx:17 fmt), half a unit 5e-5 is far inside tol (tol 0.05). LESSON LEAK: /root/wt-b5-nextgen/src/content/courses/reservoircalc/beginner/m06-the-volumetrics-workflow/l03-the-capstone-walkthrough.md:9-16 (a table of all six fields with value and tolerance) prints this graded value."
reservoircalc,beginner,pore_mm3,10^6 m3,3.563045809312045,0.01,none,[],True,,nextgen-panel,"{""decimals"": 4}",1.0,,4.580931204500871e-05,,,True,"{""redesign"": ""Keep key, label, unit and tol; re-case the capstone input so the value is not printed in the lessons or on the default panel state.""}",/root/wt-b5-nextgen/src/components/course/panels/reservoircalc/VolumeExplorer.jsx:130,"/root/wt-b5-nextgen/src/components/course/panels/reservoircalc/VolumeExplorer.jsx:130 fmt(s.poreMm3, 4)","Tile 'Pore volume (phi 0.2)'; printed fmt(v, 4) = toFixed(4) (VolumeExplorer.jsx:17 fmt), half a unit 5e-5 is far inside tol (tol 0.01). LESSON LEAK: /root/wt-b5-nextgen/src/content/courses/reservoircalc/beginner/m06-the-volumetrics-workflow/l03-the-capstone-walkthrough.md:9-16 (a table of all six fields with value and tolerance) prints this graded value."
reservoircalc,beginner,hcpv_mm3,10^6 m3,2.3159797972902343,0.01,none,[],True,,nextgen-panel,"{""decimals"": 4}",1.0,,2.0202709765548832e-05,,,True,"{""redesign"": ""Keep key, label, unit and tol; re-case the capstone input so the value is not printed in the lessons or on the default panel state.""}",/root/wt-b5-nextgen/src/components/course/panels/reservoircalc/VolumeExplorer.jsx:131,"/root/wt-b5-nextgen/src/components/course/panels/reservoircalc/VolumeExplorer.jsx:131 fmt(s.hcpvMm3, 4)","Tile 'HCPV (Sw 0.35)'; printed fmt(v, 4) = toFixed(4) (VolumeExplorer.jsx:17 fmt), half a unit 5e-5 is far inside tol (tol 0.01). LESSON LEAK: /root/wt-b5-nextgen/src/content/courses/reservoircalc/beginner/m06-the-volumetrics-workflow/l03-the-capstone-walkthrough.md:9-16 (a table of all six fields with value and tolerance) prints this graded value."
reservoircalc,beginner,stoiip_mmstb,MMstb,12.139208107496763,0.05,none,[],True,,nextgen-panel,"{""decimals"": 4}",1.0,,8.107496762832511e-06,,,True,"{""redesign"": ""Keep key, label, unit and tol; re-case the capstone input so the value is not printed in the lessons or on the default panel state.""}",/root/wt-b5-nextgen/src/components/course/panels/reservoircalc/VolumeExplorer.jsx:132,"/root/wt-b5-nextgen/src/components/course/panels/reservoircalc/VolumeExplorer.jsx:132 fmt(s.stoiipMmstb, 4)","Tile 'STOIIP (Bo 1.2)'; printed fmt(v, 4) = toFixed(4) (VolumeExplorer.jsx:17 fmt), half a unit 5e-5 is far inside tol (tol 0.05). LESSON LEAK: /root/wt-b5-nextgen/src/content/courses/reservoircalc/beginner/m06-the-volumetrics-workflow/l03-the-capstone-walkthrough.md:9-16 (a table of all six fields with value and tolerance) prints this graded value."
reservoircalc,intermediate,west_cells,count,117.0,0.0,none,"[""zero_tol""]",True,,nextgen-panel,integer,1.0,,0.0,,,True,"{""redesign"": ""Keep key, label, unit and tol; re-case the capstone input so the value is not printed in the lessons or on the default panel state.""}",/root/wt-b5-nextgen/src/components/course/panels/reservoircalc/BlockExplorer.jsx:116,/root/wt-b5-nextgen/src/components/course/panels/reservoircalc/BlockExplorer.jsx:116 String(west.cells),Integer count printed as an integer; tol 0 honest. Not guessable (0..169). LESSON LEAK: /root/wt-b5-nextgen/src/content/courses/reservoircalc/intermediate/m06-the-compartment-workflow/l03-the-capstone-walkthrough.md:19-23 prints this graded value.
reservoircalc,intermediate,east_cells,count,52.0,0.0,none,"[""zero_tol""]",True,,nextgen-panel,integer,1.0,,0.0,,,True,"{""redesign"": ""Keep key, label, unit and tol; re-case the capstone input so the value is not printed in the lessons or on the default panel state.""}",/root/wt-b5-nextgen/src/components/course/panels/reservoircalc/BlockExplorer.jsx:117,/root/wt-b5-nextgen/src/components/course/panels/reservoircalc/BlockExplorer.jsx:117 String(east.cells),"Integer count printed as an integer; tol 0 honest. Equals 169 minus west, so it carries no independent information once west_cells is read. LESSON LEAK: /root/wt-b5-nextgen/src/content/courses/reservoircalc/intermediate/m06-the-compartment-workflow/l03-the-capstone-walkthrough.md:19-23 prints this graded value."
reservoircalc,intermediate,west_grv_mm3,10^6 m3,18.079852294921874,0.05,none,[],True,,nextgen-panel,"{""decimals"": 4}",1.0,,4.77050781242383e-05,,,True,"{""redesign"": ""Keep key, label, unit and tol; re-case the capstone input so the value is not printed in the lessons or on the default panel state.""}",/root/wt-b5-nextgen/src/components/course/panels/reservoircalc/BlockExplorer.jsx:118,"/root/wt-b5-nextgen/src/components/course/panels/reservoircalc/BlockExplorer.jsx:118 fmt(west.grvMm3, 4)",toFixed(4) (BlockExplorer.jsx:18); tol 0.05. LESSON LEAK: /root/wt-b5-nextgen/src/content/courses/reservoircalc/intermediate/m06-the-compartment-workflow/l03-the-capstone-walkthrough.md:19-23 prints this graded value.
reservoircalc,intermediate,east_grv_mm3,10^6 m3,4.189183349609375,0.02,none,[],True,,nextgen-panel,"{""decimals"": 4}",1.0,,1.6650390624484146e-05,,,True,"{""redesign"": ""Keep key, label, unit and tol; re-case the capstone input so the value is not printed in the lessons or on the default panel state.""}",/root/wt-b5-nextgen/src/components/course/panels/reservoircalc/BlockExplorer.jsx:119,"/root/wt-b5-nextgen/src/components/course/panels/reservoircalc/BlockExplorer.jsx:119 fmt(east.grvMm3, 4)",toFixed(4); tol 0.02. LESSON LEAK: /root/wt-b5-nextgen/src/content/courses/reservoircalc/intermediate/m06-the-compartment-workflow/l03-the-capstone-walkthrough.md:19-23 prints this graded value.
reservoircalc,intermediate,west_stoiip_mmstb,MMstb,9.85561714769438,0.05,none,[],True,,nextgen-panel,"{""decimals"": 4}",1.0,,1.7147694379104905e-05,,,True,"{""redesign"": ""Keep key, label, unit and tol; re-case the capstone input so the value is not printed in the lessons or on the default panel state.""}",/root/wt-b5-nextgen/src/components/course/panels/reservoircalc/BlockExplorer.jsx:120,"/root/wt-b5-nextgen/src/components/course/panels/reservoircalc/BlockExplorer.jsx:120 fmt(west.stoiipMmstb, 4)",toFixed(4); tol 0.05. LESSON LEAK: /root/wt-b5-nextgen/src/content/courses/reservoircalc/intermediate/m06-the-compartment-workflow/l03-the-capstone-walkthrough.md:19-23 prints this graded value.
reservoircalc,intermediate,east_stoiip_mmstb,MMstb,2.2835909598023787,0.02,none,[],True,,nextgen-panel,"{""decimals"": 4}",1.0,,9.040197621157375e-06,,,True,"{""redesign"": ""Keep key, label, unit and tol; re-case the capstone input so the value is not printed in the lessons or on the default panel state.""}",/root/wt-b5-nextgen/src/components/course/panels/reservoircalc/BlockExplorer.jsx:121,"/root/wt-b5-nextgen/src/components/course/panels/reservoircalc/BlockExplorer.jsx:121 fmt(east.stoiipMmstb, 4)",toFixed(4); tol 0.02. LESSON LEAK: /root/wt-b5-nextgen/src/content/courses/reservoircalc/intermediate/m06-the-compartment-workflow/l03-the-capstone-walkthrough.md:19-23 prints this graded value.
reservoircalc,advanced,phi_at_p1,v/v,0.20714187889686578,0.001,none,[],True,,nextgen-panel,"{""decimals"": 6}",1.0,,1.211031342152058e-07,,,True,"{""redesign"": ""Keep key, label, unit and tol; re-case the capstone input so the value is not printed in the lessons or on the default panel state.""}",/root/wt-b5-nextgen/src/components/course/panels/reservoircalc/PropertyExplorer.jsx:135,"/root/wt-b5-nextgen/src/components/course/panels/reservoircalc/PropertyExplorer.jsx:135 fmt(m.phiAtP1, 6)",Tile 'Porosity at P-1' toFixed(6) (also 4 decimals on the map label :123); tol 0.001. LESSON LEAK: /root/wt-b5-nextgen/src/content/courses/reservoircalc/advanced/m06-the-property-workflow/l03-the-capstone-walkthrough.md:17-27 prints this graded value.
reservoircalc,advanced,phi_mean_oil,v/v,0.20936760570720417,0.0002,none,[],True,,nextgen-panel,"{""decimals"": 6}",1.0,,3.942927958300313e-07,,,True,"{""redesign"": ""Keep key, label, unit and tol; re-case the capstone input so the value is not printed in the lessons or on the default panel state.""}",/root/wt-b5-nextgen/src/components/course/panels/reservoircalc/PropertyExplorer.jsx:133,"/root/wt-b5-nextgen/src/components/course/panels/reservoircalc/PropertyExplorer.jsx:133 fmt(m.means.nodeMeanOverOil, 6)","Tile 'Node mean over the oil' toFixed(6); tol 2e-4. The neighbouring 'Arithmetic mean of the wells' 0.206667 and 'Volume weighted mean' 0.210822 sit outside tol, so the label choice is what is tested. LESSON LEAK: /root/wt-b5-nextgen/src/content/courses/reservoircalc/advanced/m06-the-property-workflow/l03-the-capstone-walkthrough.md:17-27 prints this graded value."
reservoircalc,advanced,pore_trend_mm3,10^6 m3,3.7558468705687864,0.02,none,[],True,,nextgen-panel,"{""decimals"": 4}",1.0,,4.687056878660556e-05,,,True,"{""redesign"": ""Keep key, label, unit and tol; re-case the capstone input so the value is not printed in the lessons or on the default panel state.""}",/root/wt-b5-nextgen/src/components/course/panels/reservoircalc/PropertyExplorer.jsx:140,"/root/wt-b5-nextgen/src/components/course/panels/reservoircalc/PropertyExplorer.jsx:140 fmt(m.model.poreMm3, 4)",toFixed(4) (PropertyExplorer.jsx:15); tol 0.02. LESSON LEAK: /root/wt-b5-nextgen/src/content/courses/reservoircalc/advanced/m06-the-property-workflow/l03-the-capstone-walkthrough.md:17-27 prints this graded value.
reservoircalc,advanced,hcpv_trend_mm3,10^6 m3,2.4413004882563025,0.02,none,[],True,,nextgen-panel,"{""decimals"": 4}",1.0,,4.882563024999342e-07,,,True,"{""redesign"": ""Keep key, label, unit and tol; re-case the capstone input so the value is not printed in the lessons or on the default panel state.""}",/root/wt-b5-nextgen/src/components/course/panels/reservoircalc/PropertyExplorer.jsx:141,"/root/wt-b5-nextgen/src/components/course/panels/reservoircalc/PropertyExplorer.jsx:141 fmt(m.model.hcpvMm3, 4)",toFixed(4); tol 0.02. LESSON LEAK: /root/wt-b5-nextgen/src/content/courses/reservoircalc/advanced/m06-the-property-workflow/l03-the-capstone-walkthrough.md:17-27 prints this graded value.
reservoircalc,advanced,stoiip_trend_mmstb,MMstb,12.79607650919541,0.05,none,[],True,,nextgen-panel,"{""decimals"": 4}",1.0,,2.349080458863284e-05,,,True,"{""redesign"": ""Keep key, label, unit and tol; re-case the capstone input so the value is not printed in the lessons or on the default panel state.""}",/root/wt-b5-nextgen/src/components/course/panels/reservoircalc/PropertyExplorer.jsx:142,"/root/wt-b5-nextgen/src/components/course/panels/reservoircalc/PropertyExplorer.jsx:142 fmt(m.model.stoiipMmstb, 4)",toFixed(4); tol 0.05. LESSON LEAK: /root/wt-b5-nextgen/src/content/courses/reservoircalc/advanced/m06-the-property-workflow/l03-the-capstone-walkthrough.md:17-27 prints this graded value.
reservoircalc,advanced,stoiip_delta_mmstb,MMstb,0.656868401698647,0.02,none,[],True,,nextgen-panel,"{""decimals"": 4}",1.0,,3.1598301353019664e-05,,,True,"{""redesign"": ""Keep key, label, unit and tol; re-case the capstone input so the value is not printed in the lessons or on the default panel state.""}",/root/wt-b5-nextgen/src/components/course/panels/reservoircalc/PropertyExplorer.jsx:143,"/root/wt-b5-nextgen/src/components/course/panels/reservoircalc/PropertyExplorer.jsx:143 fmt(m.deltaMmstb, 4) with a + sign",Tile 'Against the constant 0.2' prints '+0.6569'; tol 0.02. LESSON LEAK: /root/wt-b5-nextgen/src/content/courses/reservoircalc/advanced/m06-the-property-workflow/l03-the-capstone-walkthrough.md:17-27 prints this graded value.
riskchange,beginner,igbara_i03_inherent_score,score,20.0,0.5,none,[],False,,hand-calc,integer,1.0,,0.0,14,0.071,False,,src/content/courses/riskchange/beginner/m06-the-associate-reading/l02-the-capstone-worked.md:13,,"Step two: multiply the two whole levels, 4 x 5 = 20. An integer answer graded at tol 0.5 (exact integer), so the tolerance is honest. Answer space = the 14 distinct products of the 5x5 grid."
riskchange,beginner,igbara_i03_residual_score,score,10.0,0.5,none,[],False,,hand-calc,integer,1.0,,0.0,15,0.067,False,,src/content/courses/riskchange/beginner/m06-the-associate-reading/l02-the-capstone-worked.md:17,,"Step three: residual likelihood 2 is assessed, residual impact is blank so it falls back to the inherent impact 5 alone: 2 x 5 = 10, the lesson's OB-02 pattern. Integer, tol 0.5."
riskchange,beginner,igbara_live_residual_critical,risks,2.0,0.5,none,[],False,,hand-calc,integer,1.0,,0.0,11,0.091,False,,src/content/courses/riskchange/beginner/m06-the-associate-reading/l02-the-capstone-worked.md:29,,"Live = Open, Under Review, Mitigated, Realized (10 rows). Residual Critical (>=15): IG-01 (null axes fall back, 5x4=20) and IG-04 (3x5=15) = 2. Answer space 0..10."
riskchange,beginner,igbara_live_inherent_high,risks,4.0,0.5,none,[],False,,hand-calc,integer,1.0,,0.0,11,0.091,False,,src/content/courses/riskchange/beginner/m06-the-associate-reading/l02-the-capstone-worked.md:29,,"Inherent High band 10 to 14 on live rows: IG-06 12, IG-08 12, IG-10 10, IG-12 12 = 4 (IG-09 is Closed, IG-07 Draft). Answer space 0..10."
riskchange,beginner,igbara_i06_days_to_review,days,33.0,0.5,none,[],False,,hand-calc,integer,1.0,0,0.0,,,False,,src/content/courses/riskchange/beginner/m06-the-associate-reading/l02-the-capstone-worked.md:25,,"daysUntil 2026-10-01 to 2026-11-03 = 33 whole calendar days; prompt asks for 'whole days', an integer graded at 0.5."
riskchange,beginner,igbara_i12_days_to_review,days,-18.0,0.5,none,[],False,,hand-calc,integer,1.0,0,0.0,,,False,,src/content/courses/riskchange/beginner/m06-the-associate-reading/l02-the-capstone-worked.md:25,,"2026-10-01 to 2026-09-13 = -18, sign convention stated in the prompt ('negative if it has passed'); integer at tol 0.5."
riskchange,intermediate,okomu_ok01_ratify_due_yyyymmdd,YYYYMMDD,20261005.0,0.5,none,[],False,,hand-calc,integer,1.0,,0.0,,,False,,src/content/courses/riskchange/intermediate/m06-the-professional-reading/l02-the-capstone-worked.md:23,,"OK-01 Emergency in Implementation, level 2 pending, implemented 2026-09-28; + EMERGENCY_RATIFY_DAYS 7 = 2026-10-05 -> 20261005. The prompt fixes the eight-digit form; exact integer at tol 0.5 is honest."
riskchange,intermediate,okomu_register_expiring_soon,changes,5.0,0.5,none,[],False,,hand-calc,integer,1.0,,0.0,24,0.042,False,,src/content/courses/riskchange/intermediate/m06-the-professional-reading/l02-the-capstone-worked.md:19,,"In effect (Implementation/Closed) Temporary or Emergency with expiry 0..14 days out, inclusive: OK-02 (14), OK-04 (0), OK-06 (7), OK-20 (8), OK-21 (11) = 5; OK-03 at 15 days is Within expiry. Answer space 0..23."
riskchange,intermediate,okomu_register_expired,changes,6.0,0.5,none,[],False,,hand-calc,integer,1.0,,0.0,24,0.042,False,,src/content/courses/riskchange/intermediate/m06-the-professional-reading/l02-the-capstone-worked.md:19,,"In effect with expiry passed: OK-07, OK-10, OK-13, OK-15, OK-17, OK-24 = 6; OK-08/OK-16 closed or cancelled, OK-09 not in effect, OK-11 Permanent. Answer space 0..23."
riskchange,intermediate,okomu_register_open_actions,actions,11.0,0.5,none,[],False,,hand-calc,integer,1.0,,0.0,16,0.062,False,,src/content/courses/riskchange/intermediate/m06-the-professional-reading/l02-the-capstone-worked.md:29,,"Skip Complete/Cancelled (OX-03, OX-05) and actions on terminal changes (OX-06 on Closed OK-08, OX-07 on Cancelled OK-16); keep OX-08 on the unknown OK-99: 11. Engine summary openActions (managementOfChange.js:424). Answer space 0..15."
riskchange,intermediate,okomu_register_overdue_actions,actions,1.0,0.5,none,[],False,,hand-calc,integer,1.0,,0.0,16,0.062,False,,src/content/courses/riskchange/intermediate/m06-the-professional-reading/l02-the-capstone-worked.md:29,,"Open actions with days until < 0: only OX-08 (due 2026-09-29, unknown parent); OX-04 due on the as-of date is not overdue = 1. Answer space 0..15."
riskchange,intermediate,okomu_register_ratification_overdue,changes,3.0,0.5,redesign,[],False,,hand-calc,integer,1.0,,0.0,8,0.125,True,"{""redesign"": ""Keep the key and value 3; close the teaching gap instead: add to m05-temporary-and-emergency-change/l05-the-ratification-window.md (the 'Not required' bullet) and to intermediate m06 l02-the-capstone-worked.md:23 the sentence 'An Emergency change that is not yet in effect, still in Screening, Review or Approval, reads \""Not required\"": the window opens only when the change goes in.' Alternative: move OK-14 to Implementation with an implementation date so no untaught rule is graded (the answer then needs recomputing).""}",src/content/courses/riskchange/intermediate/m06-the-professional-reading/l02-the-capstone-worked.md:23,,"Engine managementOfChange.js:249-262 returns 'Not required' for an Emergency change that is not in an IN_EFFECT stage. Overdue: OK-06 (due 09-30), OK-12 (no implementation date), OK-19 (due 09-25, level 3 pending) = 3. OK-14 (Emergency, stage Approval, no implementation date) is Not required in the engine, but the lessons state 'No implementation date recorded is ""Ratification overdue""' (capstone worked l02:23; m05/l05:11 'past its window or with no implementation date recorded') and never say ratification reads only in effect, so a learner following the lessons counts OK-14 and answers 4."
riskchange,advanced,etim_review_blocking,comments,7.0,0.5,none,[],False,,hand-calc,integer,1.0,,0.0,16,0.062,False,,src/content/courses/riskchange/advanced/m06-the-expert-reading/l02-the-capstone-worked.md:11,,"Unresolved (not Verified/Closed/Withdrawn) with severity Critical or Major: EC-01, 02, 03 (Critical), EC-04, 05, 06, 07 (Major) = 7; Responded and Rejected still block as the lesson says. Answer space 0..15."
riskchange,advanced,etim_review_open_comments,comments,12.0,0.5,none,[],False,,hand-calc,integer,1.0,,0.0,16,0.062,False,,src/content/courses/riskchange/advanced/m06-the-expert-reading/l02-the-capstone-worked.md:9,,"Resolved statuses are Verified, Closed, Withdrawn (EC-08, 09, 10); the other 12 of 15 are open (openComments). Answer space 0..15."
riskchange,advanced,etim_lesson_applied,applications,8.0,0.5,none,[],False,,hand-calc,integer,1.0,,0.0,11,0.091,False,,src/content/courses/riskchange/advanced/m06-the-expert-reading/l02-the-capstone-worked.md:35,,"Applied = Adopted + Adapted: 10 applications minus 2 Rejected (EA-06, EA-10) = 8, the reuse-record 'applied' count the lesson works on ON-01. Answer space 0..10."
riskchange,advanced,etim_lesson_last_applied_yyyymmdd,YYYYMMDD,20260819.0,0.5,none,[],False,,hand-calc,integer,1.0,,0.0,10,0.1,False,,src/content/courses/riskchange/advanced/m06-the-expert-reading/l02-the-capstone-worked.md:35,,"Last applied = latest non-rejected application, EA-09 2026-08-19; EA-10 (2026-09-12, Rejected) does not move it, exactly the ON-01 trap. Eight-digit form fixed by the prompt; exact integer at tol 0.5."
riskchange,advanced,etim_lesson_age_days,days,173.0,0.5,none,[],False,,hand-calc,integer,1.0,0,0.0,,,False,,src/content/courses/riskchange/advanced/m05-what-the-engines-do-not-know/l02-the-onne-register-summarised.md:24,,"Age counted from the event date 2026-04-11 to 2026-10-01 = 173 whole days (the lesson: 'A lesson's age is counted from its event date'); created_at 2026-04-14 would give 170, the trap. Integer at 0.5."
riskchange,advanced,etim_register_reviews_due_soon,lessons,9.0,0.5,none,[],False,,hand-calc,integer,1.0,,0.0,15,0.067,False,,src/content/courses/riskchange/advanced/m06-the-expert-reading/l02-the-capstone-worked.md:41,,"Visible lessons (Published, Embedded) with review due 0..30 days out: EL-01 (0), 02 (30), 03, 04, 05, 06, 07, 08, 09 = 9; EL-10 is 31 days, EL-11 overdue, EL-12 Validated and EL-13 Archived carry no review status, EL-14 has no date. Answer space 0..14."
rockphysics,beginner,brine_rho,kg/m3,1017.8249875,0.5,none,[],True,,nextgen-panel,"{""decimals"": 4}",1.0,,1.2500000025283953e-05,,,False,,/root/wt-b5-nextgen/src/components/course/panels/rockphysics/FluidExplorer.jsx:96 (rp-fluid-explorer),"/root/wt-b5-nextgen/src/components/course/panels/rockphysics/FluidExplorer.jsx:16,96","Tile 'Brine density' fmt(br.rho, 4) kg/m3; tol 0.5 is far above half a unit in the 4th decimal."
rockphysics,beginner,brine_k_gpa,GPa,2.6978112899395996,0.005,none,[],True,,nextgen-panel,"{""decimals"": 6}",1.0,,2.8993959944045855e-07,,,False,,/root/wt-b5-nextgen/src/components/course/panels/rockphysics/FluidExplorer.jsx:97,/root/wt-b5-nextgen/src/components/course/panels/rockphysics/FluidExplorer.jsx:97,"Tile 'Brine K' fmt(br.k / GPA, 6) GPa; tol 0.005 is comfortable."
rockphysics,beginner,gas_k_mpa,MPa,55.71865290286663,0.1,none,[],True,,nextgen-panel,"{""decimals"": 4}",1.0,,4.709713336836785e-05,,,False,,/root/wt-b5-nextgen/src/components/course/panels/rockphysics/FluidExplorer.jsx:99,/root/wt-b5-nextgen/src/components/course/panels/rockphysics/FluidExplorer.jsx:99,"Tile 'Gas K' fmt(gs.k / MPA, 4) MPa matches the graded MPa unit; tol 0.1."
rockphysics,beginner,oil_rho,kg/m3,777.0630099023522,0.5,none,[],True,,nextgen-panel,"{""decimals"": 4}",1.0,,9.902352189783414e-06,,,False,,/root/wt-b5-nextgen/src/components/course/panels/rockphysics/FluidExplorer.jsx:100,/root/wt-b5-nextgen/src/components/course/panels/rockphysics/FluidExplorer.jsx:100,"Tile 'Live-oil density' fmt(oil.rho, 4) kg/m3; tol 0.5."
rockphysics,beginner,vrh_k_gpa,GPa,30.87940062475596,0.05,none,[],True,,nextgen-panel,"{""decimals"": 6}",1.0,,3.752440420612402e-07,,,False,,/root/wt-b5-nextgen/src/components/course/panels/rockphysics/FluidExplorer.jsx:102,/root/wt-b5-nextgen/src/components/course/panels/rockphysics/FluidExplorer.jsx:102,"Tile 'Frame K (VRH)' fmt(frame.k / GPA, 6) GPa; tol 0.05. VRH is also a taught closed form (beginner m03 l03)."
rockphysics,beginner,wood_k_mpa,MPa,257.3340919366766,0.5,none,[],True,,nextgen-panel,"{""decimals"": 4}",1.0,,8.063323377882625e-06,,,False,,"/root/wt-b5-nextgen/src/components/course/panels/rockphysics/FluidExplorer.jsx:105 (Sw field default CAPSTONE_SW 0.8, line 19)",/root/wt-b5-nextgen/src/components/course/panels/rockphysics/FluidExplorer.jsx:105,"Tile 'Wood mixed K' fmt(mixed.k / MPA, 4) MPa at the Sw the learner enters; default is the capstone 0.8; tol 0.5."
rockphysics,intermediate,mu_gpa,GPa,7.29,0.01,none,[],True,,hand-calc,full,1.0,,0.0,,,False,,/root/wt-b5-nextgen/src/content/courses/rockphysics/intermediate/m01-putting-the-fluid-in-the-rock/l02-moduli-from-a-log-point.md; also /root/wt-b5-nextgen/src/components/course/panels/rockphysics/SubstitutionExplorer.jsx:82,/root/wt-b5-nextgen/src/components/course/panels/rockphysics/SubstitutionExplorer.jsx:82,"rho vs^2 = 2250*1800^2/1e9 = 7.29 exactly from prompt inputs; the panel tile prints fmt(m.mu/1e9, 4). tol 0.01."
rockphysics,intermediate,ksat_insitu,GPa,13.32,0.01,none,[],True,,hand-calc,full,1.0,,0.0,,,False,,/root/wt-b5-nextgen/src/content/courses/rockphysics/intermediate/m01-putting-the-fluid-in-the-rock/l02-moduli-from-a-log-point.md; also /root/wt-b5-nextgen/src/components/course/panels/rockphysics/SubstitutionExplorer.jsx:83,/root/wt-b5-nextgen/src/components/course/panels/rockphysics/SubstitutionExplorer.jsx:83,"rho vp^2 - 4/3 mu = 23.04 - 9.72 = 13.32 exactly; panel tile 'Saturated K, as logged' fmt(.., 4). tol 0.01."
rockphysics,intermediate,kdry_gpa,GPa,7.350343061720982,0.01,none,[],True,,nextgen-panel,"{""decimals"": 6}",1.0,,6.172098210299737e-08,,,False,,/root/wt-b5-nextgen/src/components/course/panels/rockphysics/SubstitutionExplorer.jsx:84 (rp-substitution-explorer),/root/wt-b5-nextgen/src/components/course/panels/rockphysics/SubstitutionExplorer.jsx:84,"Tile 'Dry frame K (inverse Gassmann)' fmt(m.kDry / 1e9, 6) GPa at the default phi 0.25 / Kmin 37 GPa; tol 0.01."
rockphysics,intermediate,gas_vp,m/s,2905.6972280296195,1.0,none,[],True,,nextgen-panel,"{""decimals"": 4}",1.0,,2.8029619443259435e-05,,,False,,"/root/wt-b5-nextgen/src/components/course/panels/rockphysics/SubstitutionExplorer.jsx:88 (Sw select default 0, line 20)",/root/wt-b5-nextgen/src/components/course/panels/rockphysics/SubstitutionExplorer.jsx:88,"Tile 'vp' fmt(m.result.vp, 4) m/s at Sw 0.00 (the default); tol 1."
rockphysics,intermediate,gas_rho,kg/m3,2038.7104517793223,0.5,none,[],True,,nextgen-panel,"{""decimals"": 4}",1.0,,4.8220677626886754e-05,,,False,,/root/wt-b5-nextgen/src/components/course/panels/rockphysics/SubstitutionExplorer.jsx:90,/root/wt-b5-nextgen/src/components/course/panels/rockphysics/SubstitutionExplorer.jsx:90,"Tile 'Bulk density' fmt(m.result.rho, 4) at Sw 0.00; also hand-reachable 2250 + 0.25(rho_gas - rho_brine) as the walkthrough shows; tol 0.5."
rockphysics,intermediate,gc_vs,m/s,1521.197276567149,1.0,none,[],True,,hand-calc,full,1.0,,0.0,,,False,,/root/wt-b5-nextgen/src/content/courses/rockphysics/intermediate/m05-when-there-is-no-shear-log/l03-greenberg-castagna.md:9-38,,"No panel renders Greenberg-Castagna at 3000 m/s (computeShearEstimate in src/lib/rockphysicsTeaching.js:168 is not used by any panel); the lesson gives the sand/shale coefficients and the mean-of-arithmetic-and-harmonic mixing rule, a four-line calculator job. tol 1."
rockphysics,advanced,brine_intercept,ratio,0.03434399848203321,0.001,none,[],True,,nextgen-panel,"{""decimals"": 6}",1.0,,1.5179667869902325e-09,,,False,,/root/wt-b5-nextgen/src/components/course/panels/rockphysics/AvoExplorer.jsx:89 (rp-avo-explorer),"/root/wt-b5-nextgen/src/components/course/panels/rockphysics/AvoExplorer.jsx:15,89","Tile 'Brine intercept A' fmt(d.brine.a, 6); tol 0.001."
rockphysics,advanced,brine_gradient,ratio,-0.16766246414664518,0.001,none,[],True,,nextgen-panel,"{""decimals"": 6}",1.0,,4.641466451738019e-07,,,False,,/root/wt-b5-nextgen/src/components/course/panels/rockphysics/AvoExplorer.jsx:90,/root/wt-b5-nextgen/src/components/course/panels/rockphysics/AvoExplorer.jsx:90,"Tile 'Brine gradient B' fmt(d.brine.b, 6); tol 0.001."
rockphysics,advanced,gas_intercept,ratio,-0.06282494068620303,0.001,none,[],True,,nextgen-panel,"{""decimals"": 6}",1.0,,5.9313796971216526e-08,,,False,,/root/wt-b5-nextgen/src/components/course/panels/rockphysics/AvoExplorer.jsx:93,/root/wt-b5-nextgen/src/components/course/panels/rockphysics/AvoExplorer.jsx:93,"Tile 'Gas intercept A' fmt(d.gas.a, 6); tol 0.001."
rockphysics,advanced,gas_gradient,ratio,-0.2565633444602355,0.001,none,[],True,,nextgen-panel,"{""decimals"": 6}",1.0,,3.4446023550183114e-07,,,False,,/root/wt-b5-nextgen/src/components/course/panels/rockphysics/AvoExplorer.jsx:94,/root/wt-b5-nextgen/src/components/course/panels/rockphysics/AvoExplorer.jsx:94,"Tile 'Gas gradient B' fmt(d.gas.b, 6); tol 0.001."
rockphysics,advanced,gas_class,class,3.0,0.0,redesign,"[""zero_tol""]",True,"{""migration"": ""20261024a_w1_rockphysics.sql"", ""wave"": ""w1"", ""rekey"": {""key"": ""brine_max_shuey_err"", ""label"": ""Largest Shuey error, brine case, 0 to 40 deg"", ""unit"": ""ratio"", ""expected"": 0.005972095765271403, ""tol"": 0.0001}, ""rekey_annot"": {""source"": ""nextgen-panel"", ""source_ref"": ""src/components/course/panels/rockphysics/AvoExplorer.jsx:99 (Tile 'Largest Shuey error, brine')"", ""printed"": {""decimals"": 6}, ""display_scale"": 1, ""display_ref"": ""src/components/course/panels/rockphysics/AvoExplorer.jsx:99 fmt(d.brine.maxErr, 6)"", ""prompt_precision"": null, ""answer_space"": null, ""guess_p"": null, ""evidence"": ""rockphysicsTeaching.computeAvoDetail(...).brine.maxErr = 0.005972095765271403 (max |Shuey - Zoeppritz| at whole degrees 0..40); independent of frequency and threshold. Prints 0.005972 (miss 9.6e-8). Neighbours: gas-case tile 0.002192 and gas Shuey minus exact at 30 deg 0.002175 miss by > 0.0037."", ""class"": ""none"", ""owner_decision"": false, ""leak"": true}}",nextgen-panel,integer,1.0,,0.0,4,0.25,False,"{""redesign"": ""brine_max_shuey_err, label 'Largest Shuey error, brine case', unit 'ratio', expected 0.005972 (engine value), tol 0.0001; read from the AVO panel tile 'Largest Shuey error, brine' (/root/wt-b5-nextgen/src/components/course/panels/rockphysics/AvoExplorer.jsx:99, fmt 6 dp). It measures the approximation gap the tier teaches (m04 l04 worse-on-the-brine-case) and is continuous.""}",/root/wt-b5-nextgen/src/components/course/panels/rockphysics/AvoExplorer.jsx:95,/root/wt-b5-nextgen/src/components/course/panels/rockphysics/AvoExplorer.jsx:95,"Tile 'Gas class' shows 'III' with unit '(3)' (klassNum, src/lib/rockphysicsTeaching.js:223). A 1..4 answer space with tol 0 is guessable at 0.25, and the course telegraphs it: lesson advanced/m03-the-class-flip/l03-gas-is-class-three.md, and the capstone title says the substitution 'flips the AVO class' from the brine case (class I per l02-brine-is-class-one)."
rockphysics,advanced,zoep30,ratio,-0.12239091302671612,0.001,none,[],True,,nextgen-panel,"{""decimals"": 6}",1.0,,8.697328388040937e-08,,,False,,/root/wt-b5-nextgen/src/components/course/panels/rockphysics/AvoExplorer.jsx:96,/root/wt-b5-nextgen/src/components/course/panels/rockphysics/AvoExplorer.jsx:96,"Tile 'Exact Zoeppritz at 30 deg, gas' fmt(d.gas.zoep30, 6); the adjacent Shuey tile differs by 0.00217 so the tol 0.001 discriminates."
rockphysics,advanced,tuning_ms,ms,16.0,0.0,none,"[""zero_tol""]",True,,nextgen-panel,integer,1.0,,0.0,20,0.05,False,,/root/wt-b5-nextgen/src/components/course/panels/rockphysics/AvoExplorer.jsx:100,/root/wt-b5-nextgen/src/components/course/panels/rockphysics/AvoExplorer.jsx:100,"Tile 'Wedge tuning at 25 Hz' String(d.tuning.tuningMs) ms, an integer count of 1 ms grid samples (WEDGE.dtMs = 1, src/lib/rockphysicsTeaching.js:43). tol 0 is honest for a displayed integer. Plausible integer range without working is roughly 10 to 30 ms."
rodpump,beginner,string_kr_lb_per_in,lb/in,237.9571451078754,4.8e-05,none,[],False,,hand-calc,full,1.0,,0.0,,,False,,/root/wt-b5-nextgen/src/content/courses/rodpump/beginner/m02-the-rod-string/l02-stiffness-adds-in-series.md (E 30500000 psi in beginner/m01-a-well-on-a-beam/l02-what-this-engine-models.md:15),,"1/sum(12 L/(E A)) over 1825 ft of 1 in, 2140 of 7/8, 2120 of 3/4 at E 30.5e6 = 237.957145; reproduced exactly. Tol is a relative 2e-7 of the value (about seven significant figures); the panels already print 9 decimals, so an editable panel clears it."
rodpump,beginner,string_buoyed_weight_lb,lbf,11903.896611464968,0.0024,none,[],False,,hand-calc,full,1.0,,0.0,,,False,,/root/wt-b5-nextgen/src/content/courses/rodpump/beginner/m02-the-rod-string/l03-buoyed-weight.md:3 (factor 1 - SG/7.85),,"13523.24 x (1 - 0.94/7.85) = 11903.896611; reproduced exactly. The prompt states the 13,523.24 lb weight in air (exact: 1825 x 2.904 + 2140 x 2.224 + 2120 x 1.634), so only the factor is the learner's."
rodpump,beginner,string_natural_freq_spm,spm,46.52548077425118,9.4e-06,none,[],False,"{""migration"": ""20261024a_w1_rodpump.sql"", ""wave"": ""w1"", ""prompt"": ""string_natural_freq_spm is the product of two numbers the prompt printed (the 40.15458511 spm uniform fundamental and the 1.15865923 taper factor), so 40.15458511 x 1.15865923 = 46.52548066 passed without any work (B5 finding 4). The two figures are dropped from the trap and the free check, keeping ""}",nextgen-panel,"{""decimals"": 12}",1.0,,1.7763568394002505e-13,,,False,"{""redesign"": ""keep string_natural_freq_spm but drop the two figures (40.15458511 and 1.15865923) from the prompt's traps and free checks, keeping the qualitative check that the tapered note must exceed the uniform one; then give pd-string-explorer an editable taper so the learner reads the engine scan fundamental at its 12-decimal print. Without the panel change the field becomes unobtainable, because the tapered note is a transfer-matrix scan (beginner m03 l01).""}",src/components/course/panels/rodpump/rodPumpLab.js typedStringNote (buildRodString + naturalFrequency),"src/components/course/panels/rodpump/StringExplorer.jsx Typed view, Tile 'Engine scan fundamental' fmt(r.engineScanSpm, 12)","Typing 1 in x 1825 ft, 7/8 in x 2140 ft, 3/4 in x 2120 ft into the typed string view returns the engine scan fundamental equal to the key within tol 9.4e-6 at its 12 decimal print (panelCapstoneGuard.test.js 'typing the string the prompt states'). The prompt no longer prints the uniform fundamental or the taper factor, so the product route is gone. The view's default (ODUMA-4) is in teachingQuantities and lands on no graded answer."
rodpump,beginner,unit_stroke_in,in,121.38337590532858,2.5e-05,display,"[""display_miss""]",False,,suite-app,"{""decimals"": 1}",1.0,,0.016624094671428225,,,True,"{""display"": ""/opt/petrolord-studio/workspaces/dev1/projects/petrolord-suite/src/components/rodpump/UnitPanel.jsx:92 -> unit.kin.strokeIn.toFixed(6); or an editable unit in pd-string-explorer linkage view""}","/opt/petrolord-studio/workspaces/dev1/projects/petrolord-suite/src/components/rodpump/UnitPanel.jsx:69-74 (custom A, C, P, R, crank position) and :92",/opt/petrolord-studio/workspaces/dev1/projects/petrolord-suite/src/components/rodpump/UnitPanel.jsx:92 unit.kin.strokeIn.toFixed(1),Suite prints the stroke as 121.4 against 121.383376 (tol 2.5e-5).
rodpump,beginner,pump_fluid_load_lb,lbf,4364.850293081319,0.00088,none,[],False,,hand-calc,full,1.0,,0.0,,,False,,/root/wt-b5-nextgen/src/content/courses/rodpump/beginner/m05-the-pump-itself/l01-fluid-load.md,,"2470 psi x pi/4 x 1.5^2 = 4364.850293; reproduced exactly. Tol is a relative 2e-7 of the value (about seven significant figures); the panels already print 9 decimals, so an editable panel clears it."
rodpump,beginner,pump_rated_displacement_bpd,bbl/d,362.9423814326748,7.3e-05,display,"[""display_miss""]",False,,suite-app,"{""decimals"": 1}",1.0,,0.042381432674801545,,,True,"{""display"": ""same fix as unit_stroke_in: once the stroke prints at 6 decimals this is a hand product""}","/root/wt-b5-nextgen/src/content/courses/rodpump/beginner/m05-the-pump-itself/l03-rated-displacement.md (0.11657115597735782 x d^2 x S x N, constant stated in the prompt)","/opt/petrolord-studio/workspaces/dev1/projects/petrolord-suite/src/components/rodpump/LoadsPanel.jsx:90 fmt(design.ratedBpd, 1)","0.11657116 x 2.25 x 121.383376 x 11.4 = 362.942381 reproduces the key; a stroke of 121.4 gives 362.992, 0.05 off against tol 7.3e-5."
rodpump,intermediate,design_static_stretch_in,in,18.3430100033456,3.7e-06,none,[],False,,hand-calc,full,1.0,,0.0,,,False,,"/root/wt-b5-nextgen/src/content/courses/rodpump/beginner/m02-the-rod-string/l02-stiffness-adds-in-series.md (""Static stretch is the fluid load times the elastic constant""); intermediate m06 l02 step one",,"4364.850293 / 237.957145 = 18.343010; reproduced exactly. Tol is a relative 2e-7 of the value (about seven significant figures); the panels already print 9 decimals, so an editable panel clears it."
rodpump,intermediate,design_plunger_stroke_in,in,113.87084766145045,2.3e-05,display,[],False,,unobtainable,,1.0,,,,,True,"{""display"": ""/root/wt-b5-nextgen/src/components/course/panels/rodpump/CardExplorer.jsx:188 (case select) -> add editable OBAGI-type inputs (taper, unit geometry, plunger, intake/discharge, spm, damping, fillage, efficiency) so the 9-decimal tiles read the stated case""}",/root/wt-b5-nextgen/src/content/courses/rodpump/intermediate/m06-the-professional-reading/l02-working-the-capstone.md (plunger stroke from the wave-equation march),"/root/wt-b5-nextgen/src/components/course/panels/rodpump/CardExplorer.jsx:315 fmt(t.plungerStrokeIn, 9) (teaching well only)","Marched plunger stroke (damped wave equation at default nodes and tolerance); no hand route, and the spring rule S - Fo Er = 103.040 is the trap the prompt names. Tol is a relative 2e-7 of the value (about seven significant figures); the panels already print 9 decimals, so an editable panel clears it."
rodpump,intermediate,design_pprl_lb,lbf,22844.62490875651,0.0046,display,[],False,,unobtainable,,1.0,,,,,True,"{""display"": ""/root/wt-b5-nextgen/src/components/course/panels/rodpump/CardExplorer.jsx:188 (case select) -> add editable OBAGI-type inputs (taper, unit geometry, plunger, intake/discharge, spm, damping, fillage, efficiency) so the 9-decimal tiles read the stated case""}",/root/wt-b5-nextgen/src/content/courses/rodpump/intermediate/m06-the-professional-reading/l02-working-the-capstone.md (reported peak polished rod load),"/root/wt-b5-nextgen/src/components/course/panels/rodpump/CardExplorer.jsx:312 fmt(t.pprlLb, 9) (teaching well only)","Peak of the marched surface card as the design reports it; engine-only. Tol is a relative 2e-7 of the value (about seven significant figures); the panels already print 9 decimals, so an editable panel clears it."
rodpump,intermediate,design_mprl_lb,lbf,3184.8310729370005,0.00064,display,[],False,,unobtainable,,1.0,,,,,True,"{""display"": ""/root/wt-b5-nextgen/src/components/course/panels/rodpump/CardExplorer.jsx:188 (case select) -> add editable OBAGI-type inputs (taper, unit geometry, plunger, intake/discharge, spm, damping, fillage, efficiency) so the 9-decimal tiles read the stated case""}",/root/wt-b5-nextgen/src/content/courses/rodpump/intermediate/m06-the-professional-reading/l02-working-the-capstone.md (reported minimum polished rod load),"/root/wt-b5-nextgen/src/components/course/panels/rodpump/CardExplorer.jsx:313 fmt(t.mprlLb, 9) (teaching well only)","Minimum of the marched surface card; engine-only. Tol is a relative 2e-7 of the value (about seven significant figures); the panels already print 9 decimals, so an editable panel clears it."
rodpump,intermediate,design_prhp_hp,hp,22.54616735384647,4.6e-06,display,[],False,,unobtainable,,1.0,,,,,True,"{""display"": ""/root/wt-b5-nextgen/src/components/course/panels/rodpump/CardExplorer.jsx:188 (case select) -> add editable OBAGI-type inputs (taper, unit geometry, plunger, intake/discharge, spm, damping, fillage, efficiency) so the 9-decimal tiles read the stated case""}",/root/wt-b5-nextgen/src/content/courses/rodpump/intermediate/m06-the-professional-reading/l02-working-the-capstone.md (polished rod horsepower from the card area),"/root/wt-b5-nextgen/src/components/course/panels/rodpump/CardExplorer.jsx:433 fmt(prhp, 9) (teaching well only)","Card area x speed / 396000; the card area is a march output. Tol is a relative 2e-7 of the value (about seven significant figures); the panels already print 9 decimals, so an editable panel clears it."
rodpump,intermediate,design_produced_bpd,bbl/d,249.76898478544632,5.1e-05,display,[],False,,unobtainable,,1.0,,,,,True,"{""display"": ""/root/wt-b5-nextgen/src/components/course/panels/rodpump/CardExplorer.jsx:188 (case select) -> add editable OBAGI-type inputs (taper, unit geometry, plunger, intake/discharge, spm, damping, fillage, efficiency) so the 9-decimal tiles read the stated case""}",/root/wt-b5-nextgen/src/content/courses/rodpump/intermediate/m06-the-professional-reading/l02-working-the-capstone.md (produced rate),"/root/wt-b5-nextgen/src/components/course/panels/rodpump/CardExplorer.jsx:435 fmt(d.perBarrel.producedBpd, 6) (teaching well only)","0.11657116 x 2.25 x plunger stroke x 11.4 x 0.853 x 0.86 reproduces the key exactly, but the plunger stroke is the march output above. Tol is a relative 2e-7 of the value (about seven significant figures); the panels already print 9 decimals, so an editable panel clears it."
rodpump,advanced,balance_moment_in_lb,in-lb,724684.4494328515,0.13,display,[],False,,unobtainable,,1.0,,,,,True,"{""display"": ""/root/wt-b5-nextgen/src/components/course/panels/rodpump/BalanceExplorer.jsx:830 -> add editable inputs for the stated case (string, unit, pump, damping, fillage, efficiency, 810 lb unbalance, 14 deg offset, service factor, harmonics) and print these at 9 decimals""}",/root/wt-b5-nextgen/src/content/courses/rodpump/advanced/m06-the-expert-reading/l02-working-the-capstone.md (counterbalance moment),"/root/wt-b5-nextgen/src/components/course/panels/rodpump/BalanceExplorer.jsx (select-only teaching views, BalanceExplorer.jsx:256-257, :830)","Balancing routine on the marched card with unbalance 810 lb and offset 14 deg; engine-only. Tol is a relative 2e-7 of the value (about seven significant figures); the panels already print 9 decimals, so an editable panel clears it."
rodpump,advanced,balance_peak_torque_in_lb,in-lb,572027.7632886502,0.12,display,[],False,,unobtainable,,1.0,,,,,True,"{""display"": ""/root/wt-b5-nextgen/src/components/course/panels/rodpump/BalanceExplorer.jsx:830 -> add editable inputs for the stated case (string, unit, pump, damping, fillage, efficiency, 810 lb unbalance, 14 deg offset, service factor, harmonics) and print these at 9 decimals""}",/root/wt-b5-nextgen/src/content/courses/rodpump/advanced/m06-the-expert-reading/l02-working-the-capstone.md (peak gearbox torque with that counterbalance),"/root/wt-b5-nextgen/src/components/course/panels/rodpump/BalanceExplorer.jsx (select-only teaching views, BalanceExplorer.jsx:256-257, :830)","Torque factor sweep over the card; engine-only. Tol is a relative 2e-7 of the value (about seven significant figures); the panels already print 9 decimals, so an editable panel clears it."
rodpump,advanced,balance_cbe_lb,lbf,14743.788548099372,0.003,display,[],False,,unobtainable,,1.0,,,,,True,"{""display"": ""/root/wt-b5-nextgen/src/components/course/panels/rodpump/BalanceExplorer.jsx:830 -> add editable inputs for the stated case (string, unit, pump, damping, fillage, efficiency, 810 lb unbalance, 14 deg offset, service factor, harmonics) and print these at 9 decimals""}",/root/wt-b5-nextgen/src/content/courses/rodpump/advanced/m06-the-expert-reading/l02-working-the-capstone.md (counterbalance effect),"/root/wt-b5-nextgen/src/components/course/panels/rodpump/BalanceExplorer.jsx (select-only teaching views, BalanceExplorer.jsx:256-257, :830)","The prompt's check (field 3 - 810) x TF at the quarter turn = field 1 needs the engine's torque factor; engine-only. Tol is a relative 2e-7 of the value (about seven significant figures); the panels already print 9 decimals, so an editable panel clears it."
rodpump,advanced,stress_worst_loading_pct,percent,104.60464569678913,2.1e-05,display,[],False,,unobtainable,,1.0,,,,,True,"{""display"": ""/root/wt-b5-nextgen/src/components/course/panels/rodpump/BalanceExplorer.jsx:830 -> add editable inputs for the stated case (string, unit, pump, damping, fillage, efficiency, 810 lb unbalance, 14 deg offset, service factor, harmonics) and print these at 9 decimals""}",/root/wt-b5-nextgen/src/content/courses/rodpump/advanced/m06-the-expert-reading/l02-working-the-capstone.md (worst modified Goodman loading),"/root/wt-b5-nextgen/src/components/course/panels/rodpump/BalanceExplorer.jsx (select-only teaching views, BalanceExplorer.jsx:256-257, :830)","Section stresses from the marched loads at service factor 0.94; engine-only. Tol is a relative 2e-7 of the value (about seven significant figures); the panels already print 9 decimals, so an editable panel clears it."
rodpump,advanced,diag_plunger_stroke_in,in,113.95219388403339,2.3e-05,display,[],False,,unobtainable,,1.0,,,,,True,"{""display"": ""/root/wt-b5-nextgen/src/components/course/panels/rodpump/BalanceExplorer.jsx:830 -> add editable inputs for the stated case (string, unit, pump, damping, fillage, efficiency, 810 lb unbalance, 14 deg offset, service factor, harmonics) and print these at 9 decimals""}",/root/wt-b5-nextgen/src/content/courses/rodpump/advanced/m06-the-expert-reading/l02-working-the-capstone.md (Gibbs diagnostic plunger stroke),"/root/wt-b5-nextgen/src/components/course/panels/rodpump/BalanceExplorer.jsx (select-only teaching views, BalanceExplorer.jsx:256-257, :830)","Gibbs harmonic solver (36 harmonics) on the marched surface card; engine-only. Tol is a relative 2e-7 of the value (about seven significant figures); the panels already print 9 decimals, so an editable panel clears it."
rodpump,advanced,diag_pump_load_max_lb,lbf,4606.367684104658,0.00098,display,[],False,,unobtainable,,1.0,,,,,True,"{""display"": ""/root/wt-b5-nextgen/src/components/course/panels/rodpump/BalanceExplorer.jsx:830 -> add editable inputs for the stated case (string, unit, pump, damping, fillage, efficiency, 810 lb unbalance, 14 deg offset, service factor, harmonics) and print these at 9 decimals""}",/root/wt-b5-nextgen/src/content/courses/rodpump/advanced/m06-the-expert-reading/l02-working-the-capstone.md (Gibbs diagnostic peak pump load),"/root/wt-b5-nextgen/src/components/course/panels/rodpump/BalanceExplorer.jsx (select-only teaching views, BalanceExplorer.jsx:256-257, :830)","Gibbs harmonic solver on the marched surface card; engine-only. Tol is a relative 2e-7 of the value (about seven significant figures); the panels already print 9 decimals, so an editable panel clears it."
rotating,beginner,escravos_duty_flow_gpm,gpm,1250.5424879929428,0.0001,display,"[""display_miss""]",False,,suite-app,"{""decimals"": 0}",1.0,6,0.45751200705717565,,,True,"{""display"": ""src/components/pumpstudio/PumpPanels.jsx:101-110, :241-260 -> print duty flow, duty head, hydraulic hp, brake hp and motor input kW with fmt(v, 6), and add a discharge pressure (psi) Stat at the duty at 6 decimals (PumpStationDesigner.jsx:38-42 mirror the same rows)""}",src/components/pumpstudio/PumpPanels.jsx:101,"src/components/pumpstudio/fields.jsx:40-42 (fmt(v, digits) = toLocaleString min/max digits)","Duty flow Stat fmt(duty.qGpm, 0) prints 1,251 against 1250.542488 (tol 1e-4); the NextGen explorer cannot take the ESCRAVOS curve."
rotating,beginner,escravos_duty_head_ft,ft,382.18578819518336,1e-05,display,"[""display_miss""]",False,,suite-app,"{""decimals"": 0}",1.0,6,0.1857881951833633,,,True,"{""display"": ""src/components/pumpstudio/PumpPanels.jsx:101-110, :241-260 -> print duty flow, duty head, hydraulic hp, brake hp and motor input kW with fmt(v, 6), and add a discharge pressure (psi) Stat at the duty at 6 decimals (PumpStationDesigner.jsx:38-42 mirror the same rows)""}",src/components/pumpstudio/PumpPanels.jsx:102,"src/components/pumpstudio/fields.jsx:40-42 (fmt(v, digits) = toLocaleString min/max digits)","Duty head fmt(duty.headFt, 0) prints 382 against 382.185788 (tol 1e-5)."
rotating,beginner,escravos_hydraulic_hp,hp,99.3293593899892,1e-06,display,"[""display_miss""]",False,,suite-app,"{""decimals"": 1}",1.0,6,0.02935938998919596,,,True,"{""display"": ""src/components/pumpstudio/PumpPanels.jsx:101-110, :241-260 -> print duty flow, duty head, hydraulic hp, brake hp and motor input kW with fmt(v, 6), and add a discharge pressure (psi) Stat at the duty at 6 decimals (PumpStationDesigner.jsx:38-42 mirror the same rows)""}",src/components/pumpstudio/PumpPanels.jsx:105-106,"src/components/pumpstudio/fields.jsx:40-42 (fmt(v, digits) = toLocaleString min/max digits)","Hydraulic hp appears only in a hint, fmt(power.hydraulicHp, 1) = 99.3, against 99.329359 (tol 1e-6). Q x H x SG / 3960 by hand needs the duty at full precision."
rotating,beginner,escravos_brake_hp,hp,130.52478237843522,1e-06,display,"[""display_miss""]",False,,suite-app,"{""decimals"": 1}",1.0,6,0.024782378435219243,,,True,"{""display"": ""src/components/pumpstudio/PumpPanels.jsx:101-110, :241-260 -> print duty flow, duty head, hydraulic hp, brake hp and motor input kW with fmt(v, 6), and add a discharge pressure (psi) Stat at the duty at 6 decimals (PumpStationDesigner.jsx:38-42 mirror the same rows)""}",src/components/pumpstudio/PumpPanels.jsx:105,"src/components/pumpstudio/fields.jsx:40-42 (fmt(v, digits) = toLocaleString min/max digits)","Brake power fmt(power.brakeHp, 1) = 130.5 against 130.524782."
rotating,beginner,escravos_motor_input_kw,kW,103.76579259904362,1e-06,display,"[""display_miss""]",False,,suite-app,"{""decimals"": 1}",1.0,6,0.03420740095637598,,,True,"{""display"": ""src/components/pumpstudio/PumpPanels.jsx:101-110, :241-260 -> print duty flow, duty head, hydraulic hp, brake hp and motor input kW with fmt(v, 6), and add a discharge pressure (psi) Stat at the duty at 6 decimals (PumpStationDesigner.jsx:38-42 mirror the same rows)""}",src/components/pumpstudio/PumpPanels.jsx:110,"src/components/pumpstudio/fields.jsx:40-42 (fmt(v, digits) = toLocaleString min/max digits)","Motor input fmt(power.motorInputKw, 1) = 103.8 against 103.765793; the prompt's motor efficiency 0.938 must be typed in place of the engine default (m06/l02)."
rotating,beginner,escravos_discharge_psi,psi,136.16402756910645,5e-07,display,[],False,,suite-app,,1.0,6,,,,True,"{""display"": ""src/components/pumpstudio/PumpPanels.jsx:101-110, :241-260 -> print duty flow, duty head, hydraulic hp, brake hp and motor input kW with fmt(v, 6), and add a discharge pressure (psi) Stat at the duty at 6 decimals (PumpStationDesigner.jsx:38-42 mirror the same rows)""}",src/components/pumpstudio/PumpPanels.jsx:101-110,"src/components/pumpstudio/fields.jsx:40-42 (fmt(v, digits) = toLocaleString min/max digits)","The Designer prints no discharge pressure. Head x SG / 2.31 is taught (m04/l03) but from the printed 382 ft gives 135.95 against 136.164028 (tol 5e-7), so the field inherits the duty-head display defect."
rotating,intermediate,bonga_pressure_head_ft,ft,45.907594936708854,5e-07,none,[],False,,hand-calc,full,1.0,6,0.0,,,False,,/root/wt-b5-nextgen/src/content/courses/rotating/intermediate,"src/components/pumpstudio/PumpPanels.jsx:194 (hint, fmt 1 decimal)",(19.4 - 3.7) x 2.31 / 0.79 = 45.907595 (2.31 ft per psi taught in beginner m04/l03). The Designer prints it only as a 1-decimal hint; the hand value at six decimals is within tol 5e-7 (exactly half a unit).
rotating,intermediate,bonga_npsha_ft,ft,53.10759493670886,5e-07,none,[],False,,hand-calc,full,1.0,6,0.0,,,False,,/root/wt-b5-nextgen/src/content/courses/rotating/intermediate,src/components/pumpstudio/PumpPanels.jsx:193 (fmt 1 decimal),"45.907595 + 11.5 - 4.3 = 53.107595 by hand; the Designer's NPSH available prints 53.1, so the app alone fails while the hand route passes."
rotating,intermediate,bonga_npsha_raised_ft,ft,130.88734177215187,5e-07,none,[],False,,hand-calc,full,1.0,6,0.0,,,False,,/root/wt-b5-nextgen/src/content/courses/rotating/intermediate,src/components/pumpstudio/PumpPanels.jsx:193,(46.0 - 3.7) x 2.31 / 0.79 + 7.2 = 130.887342 by hand.
rotating,intermediate,bonga_speed_flow_gpm,gpm,789.6981924270747,0.0001,display,"[""display_miss""]",False,,suite-app,"{""decimals"": 0}",1.0,6,0.3018075729253269,,,True,"{""display"": ""src/components/pumpstudio/PumpPanels.jsx:241-245, :258-260 -> print 'Duty flow before/after' and 'Old duty, moved onto the new curve' flow and head with fmt(v, 6)""}",src/components/pumpstudio/PumpPanels.jsx:258-260,"src/components/pumpstudio/fields.jsx:40-42 (fmt(v, digits) = toLocaleString min/max digits)","Label is the solved duty carried by the affinity laws (0.87 x Q). The Designer's 'Old duty, moved onto the new curve' prints fmt(onCurve.qGpm, 0) = 790 against 789.698192; multiplying the printed 0-decimal duty by 0.87 errs by up to 0.44 gpm against tol 1e-4."
rotating,intermediate,bonga_speed_head_ft,ft,119.05179482935601,1e-05,display,"[""display_miss""]",False,,suite-app,"{""decimals"": 0}",1.0,6,0.05179482935601243,,,True,"{""display"": ""src/components/pumpstudio/PumpPanels.jsx:241-245, :258-260 -> print 'Duty flow before/after' and 'Old duty, moved onto the new curve' flow and head with fmt(v, 6)""}",src/components/pumpstudio/PumpPanels.jsx:258-260,"src/components/pumpstudio/fields.jsx:40-42 (fmt(v, digits) = toLocaleString min/max digits)","0.87^2 x the solved duty head; the card hint prints the head fmt(v, 0) = 119 against 119.051795 (tol 1e-5)."
rotating,intermediate,bonga_parallel_flow_gpm,gpm,1047.5409037376212,0.0001,display,"[""display_miss""]",False,,suite-app,"{""decimals"": 0}",1.0,6,0.4590962623788073,,,True,"{""display"": ""src/components/pumpstudio/PumpPanels.jsx:241-245, :258-260 -> print 'Duty flow before/after' and 'Old duty, moved onto the new curve' flow and head with fmt(v, 6)""}",src/components/pumpstudio/PumpPanels.jsx:243-245,"src/components/pumpstudio/fields.jsx:40-42 (fmt(v, digits) = toLocaleString min/max digits)","With Parallel = 2 (PumpPanels.jsx:72) the re-solved crossing is 'Duty flow after' fmt(v, 0) = 1,048 against 1047.540904 (tol 1e-4); a parallel re-solve is an engine step."
rotating,advanced,bonny_exponent_ratio,dimensionless,0.27879592957942817,5e-10,none,[],False,,hand-calc,full,1.0,9,0.0,,,False,,/root/wt-b5-nextgen/src/content/courses/rotating/advanced/m01-a-stage-is-not-a-pump/l01-the-polytropic-exponent.md,,"(k - 1) / (k x eta_p) = 0.272 / (1.272 x 0.767) = 0.278795930 at nine decimals, within tol 5e-10 (exactly half a unit). The Designer does not print it."
rotating,advanced,bonny_ratio_per_stage,dimensionless,2.078966699408976,1e-09,none,[],False,,hand-calc,full,1.0,9,0.0,,,False,,/root/wt-b5-nextgen/src/content/courses/rotating/advanced/m03-the-train-and-what-buys-the-stages,src/components/compressorstudio/CompressorPanels.jsx:72 (fmt 2 decimals),"Three stages are forced (two stages give 2.9976 per stage but a first-stage discharge near 295 degF, above 285); (1240 / 138)^(1/3) = 2.078966699, within tol 1e-9. The Designer's 2-decimal 2.08 would fail, the taught closed form passes."
rotating,advanced,bonny_stage1_discharge_f,degF,221.77616024486855,5e-05,none,[],False,,hand-calc,full,1.0,4,0.0,,,False,,/root/wt-b5-nextgen/src/content/courses/rotating/advanced/m01-a-stage-is-not-a-pump,src/components/compressorstudio/CompressorPanels.jsx:118 (fmt 0 decimals),"(96 + 459.67) x 2.078967^0.278796 - 459.67 = 221.7762 degF, closed form with the 459.67 offset quoted in m04/l04; the Designer's stage table prints 222."
rotating,advanced,bonny_stage1_poly_head,ft lbf per lbm,35027.51189671851,0.01,display,"[""display_miss""]",False,,suite-app,"{""decimals"": 0}",1.0,4,0.48810328148829285,,,True,"{""display"": ""src/components/compressorstudio/CompressorPanels.jsx:152 -> fmt(firstStage.headPolyFtLbfLbm, 4)""}",src/components/compressorstudio/CompressorPanels.jsx:152,src/components/compressorstudio/fields.jsx:40-42,"Polytropic head Stat fmt(v, 0) = 35,028 against 35027.511897 (tol 0.01). Rebuilding it by hand from the Designer's zAvg printed at 4 decimals (:120) errs by roughly 2 ft lbf per lbm."
rotating,advanced,bonny_stage1_gas_hp,hp,1678.3191179361222,5e-05,display,"[""display_miss""]",False,,suite-app,"{""decimals"": 0}",1.0,4,0.3191179361222112,,,True,"{""display"": ""src/components/compressorstudio/CompressorPanels.jsx:121 -> fmt(s.gasHp, 4) in the stage table""}",src/components/compressorstudio/CompressorPanels.jsx:121,src/components/compressorstudio/fields.jsx:40-42,"Stage table gas hp fmt(s.gasHp, 0) = 1,678 against 1678.319118 (tol 5e-5)."
rotating,advanced,bonny_fuel_mmscfd,MMscfd,0.9551900686419833,1e-09,display,"[""display_miss""]",False,,suite-app,"{""decimals"": 3}",1.0,9,0.00019006864198334306,,,True,"{""display"": ""src/components/compressorstudio/CompressorPanels.jsx:204 (and CompressorStationDesigner.jsx:44) -> fmt(fuel.fuelMMscfd, 9)""}",src/components/compressorstudio/CompressorPanels.jsx:204,src/components/compressorstudio/fields.jsx:40-42,"Fuel gas fmt(fuel.fuelMMscfd, 3) = 0.955 against 0.955190069 (tol 1e-9); the hand route (train brake hp x 7650 / 968 / 1e6 x 24) needs the whole train's brake hp, printed only to 0 decimals (:74)."
safetystats,beginner,okrika_combined_trir_per_200k,"per 200,000 hours",0.6433615641728029,5e-07,none,[],False,,hand-calc,full,1.0,6,0.0,,,False,,"/root/wt-b5-nextgen/src/content/courses/safetystats/beginner/m06-one-report-end-to-end/l04-the-capstone-brief.md (pool, then divide); panel RatesExplorer.jsx:45",/root/wt-b5-nextgen/src/components/course/panels/safetystats/panelBits.jsx:6 six() = toFixed(6),"(5+11) x 200000 / (1846220+3127655) = 0.643361564, reproduced exactly; the rates explorer takes typed count/hours/base and prints six decimals."
safetystats,beginner,okrika_combined_ltir_per_1m,"per 1,000,000 hours",0.8042019552160036,5e-07,none,[],False,,hand-calc,full,1.0,6,0.0,,,False,,/root/wt-b5-nextgen/src/content/courses/safetystats/beginner/m06-one-report-end-to-end/l04-the-capstone-brief.md; RatesExplorer.jsx:45,/root/wt-b5-nextgen/src/components/course/panels/safetystats/panelBits.jsx:6 six() = toFixed(6),"4 x 1e6 / 4973875 = 0.804201955, reproduced exactly."
safetystats,beginner,okrika_far_per_100m,"per 100,000,000 hours",20.10504888040009,5e-07,none,[],False,,hand-calc,full,1.0,6,0.0,,,False,,/root/wt-b5-nextgen/src/content/courses/safetystats/beginner/m06-one-report-end-to-end/l04-the-capstone-brief.md; RatesExplorer.jsx (FAR view),/root/wt-b5-nextgen/src/components/course/panels/safetystats/panelBits.jsx:6 six() = toFixed(6),"1 x 1e8 / 4973875 = 20.105048880, reproduced exactly."
safetystats,beginner,okrika_severity_rate_per_200k,"days per 200,000 hours",7.519288281269634,5e-07,none,[],False,,hand-calc,full,1.0,6,0.0,,,False,,/root/wt-b5-nextgen/src/content/courses/safetystats/beginner/m06-one-report-end-to-end/l04-the-capstone-brief.md; RatesExplorer.jsx:70-71,/root/wt-b5-nextgen/src/components/course/panels/safetystats/panelBits.jsx:6 six() = toFixed(6),"187 x 200000 / 4973875 = 7.519288281, reproduced exactly."
safetystats,beginner,okrika_tier1_pse_rate_per_200k,"per 200,000 hours",0.12063029328240055,5e-07,none,[],False,,hand-calc,full,1.0,6,0.0,,,False,,/root/wt-b5-nextgen/src/content/courses/safetystats/beginner/m06-one-report-end-to-end/l04-the-capstone-brief.md; RatesExplorer.jsx:72-73,/root/wt-b5-nextgen/src/components/course/panels/safetystats/panelBits.jsx:6 six() = toFixed(6),"3 x 200000 / 4973875 = 0.120630293, reproduced exactly."
safetystats,beginner,okrika_rolling12_trir_month14_per_200k,"per 200,000 hours",0.6567425569176882,5e-07,none,[],False,,hand-calc,full,1.0,6,0.0,,,False,,/root/wt-b5-nextgen/src/content/courses/safetystats/beginner/m06-one-report-end-to-end/l04-the-capstone-brief.md (one sum then divide per window),/root/wt-b5-nextgen/src/components/course/panels/safetystats/panelBits.jsx:6 six() = toFixed(6),"Months 3 to 14: 15 cases in 4568000 hours gives 0.656742557, reproduced exactly (the short months 4 and 14 count for their own hours)."
safetystats,intermediate,bonny_alpha_trir_lower95_per_200k,"per 200,000 hours",1.3441464210661842,5e-07,none,[],False,,nextgen-panel,"{""decimals"": 6}",1.0,6,4.210661841419494e-07,,,False,,/root/wt-b5-nextgen/src/components/course/panels/safetystats/IntervalsExplorer.jsx:50 (Lower limit tile),/root/wt-b5-nextgen/src/components/course/panels/safetystats/panelBits.jsx:6 six() = toFixed(6),"Exact chi-square lower limit for 9 in 612340 h. IntervalsExplorer takes typed count, hours, base and confidence (IntervalsExplorer.jsx:41-44, 110-114) and prints the engine's rateConfidenceInterval/compareRates outputs to six decimals; the brief (intermediate m06 l04) directs the learner there."
safetystats,intermediate,bonny_alpha_trir_upper95_per_200k,"per 200,000 hours",5.580169007877703,5e-07,none,[],False,,nextgen-panel,"{""decimals"": 6}",1.0,6,7.87770293442236e-09,,,False,,/root/wt-b5-nextgen/src/components/course/panels/safetystats/IntervalsExplorer.jsx:51 (Upper limit tile),/root/wt-b5-nextgen/src/components/course/panels/safetystats/panelBits.jsx:6 six() = toFixed(6),"Exact chi-square upper limit. IntervalsExplorer takes typed count, hours, base and confidence (IntervalsExplorer.jsx:41-44, 110-114) and prints the engine's rateConfidenceInterval/compareRates outputs to six decimals; the brief (intermediate m06 l04) directs the learner there."
safetystats,intermediate,bonny_crew_zero_event_upper95_per_200k,"per 200,000 hours",8.829295007453174,5e-07,none,[],False,,nextgen-panel,"{""decimals"": 6}",1.0,6,7.453174077909352e-09,,,False,,/root/wt-b5-nextgen/src/components/course/panels/safetystats/IntervalsExplorer.jsx:51 (or the zero-events view :82),/root/wt-b5-nextgen/src/components/course/panels/safetystats/panelBits.jsx:6 six() = toFixed(6),"Central 95 percent upper limit at zero events (chi-square 0.975 on 2 dof over 2), 8.829295. IntervalsExplorer takes typed count, hours, base and confidence (IntervalsExplorer.jsx:41-44, 110-114) and prints the engine's rateConfidenceInterval/compareRates outputs to six decimals; the brief (intermediate m06 l04) directs the learner there."
safetystats,intermediate,bonny_rate_ratio_lower95,ratio,0.9788650276137694,5e-07,none,[],False,,nextgen-panel,"{""decimals"": 6}",1.0,6,2.76137693822065e-08,,,False,,/root/wt-b5-nextgen/src/components/course/panels/safetystats/IntervalsExplorer.jsx:120 (Rate ratio interval tile),/root/wt-b5-nextgen/src/components/course/panels/safetystats/panelBits.jsx:6 six() = toFixed(6),"Conditional binomial interval, group order as briefed. IntervalsExplorer takes typed count, hours, base and confidence (IntervalsExplorer.jsx:41-44, 110-114) and prints the engine's rateConfidenceInterval/compareRates outputs to six decimals; the brief (intermediate m06 l04) directs the learner there."
safetystats,intermediate,bonny_rate_ratio_upper95,ratio,9.332895636622686,5e-07,none,[],False,,nextgen-panel,"{""decimals"": 6}",1.0,6,3.6337731401658857e-07,,,False,,/root/wt-b5-nextgen/src/components/course/panels/safetystats/IntervalsExplorer.jsx:120,/root/wt-b5-nextgen/src/components/course/panels/safetystats/panelBits.jsx:6 six() = toFixed(6),"IntervalsExplorer takes typed count, hours, base and confidence (IntervalsExplorer.jsx:41-44, 110-114) and prints the engine's rateConfidenceInterval/compareRates outputs to six decimals; the brief (intermediate m06 l04) directs the learner there."
safetystats,intermediate,bonny_compare_p_value,probability,0.05508741246272278,5e-07,none,[],False,,nextgen-panel,"{""decimals"": 6}",1.0,6,4.1246272278194773e-07,,,False,,/root/wt-b5-nextgen/src/components/course/panels/safetystats/IntervalsExplorer.jsx:121 (Central two-sided p-value tile),/root/wt-b5-nextgen/src/components/course/panels/safetystats/panelBits.jsx:6 six() = toFixed(6),"Engine's central p-value (twice the smaller tail); the minlike figure is shown separately (:126) and does not match. IntervalsExplorer takes typed count, hours, base and confidence (IntervalsExplorer.jsx:41-44, 110-114) and prints the engine's rateConfidenceInterval/compareRates outputs to six decimals; the brief (intermediate m06 l04) directs the learner there."
safetystats,advanced,forcados_centre_per_200k,"per 200,000 hours",3.878179795590441,5e-07,none,[],False,,nextgen-panel,"{""decimals"": 6}",1.0,6,2.0440955905698388e-07,,,False,,/root/wt-b5-nextgen/src/components/course/panels/safetystats/UChartExplorer.jsx:62 (Centre line tile),/root/wt-b5-nextgen/src/components/course/panels/safetystats/panelBits.jsx:6 six() = toFixed(6),"Sum of counts over sum of units; also hand-calc (171 x 200000 / sum of hours). UChartExplorer takes typed monthly count and hour series (UChartExplorer.jsx:34-35 SeriesField), a set-aside list and a split month, and prints to six decimals; the brief (advanced m06 l04) directs the learner there."
safetystats,advanced,forcados_ucl_month09_per_200k,"per 200,000 hours",11.55469930741927,5e-07,none,[],False,,nextgen-panel,"{""decimals"": 6}",1.0,6,3.074192704843881e-07,,,False,,"/root/wt-b5-nextgen/src/components/course/panels/safetystats/UChartExplorer.jsx:83 (per-month table, ucl column)",/root/wt-b5-nextgen/src/components/course/panels/safetystats/panelBits.jsx:6 six() = toFixed(6),"Month 9 row of the limits table. UChartExplorer takes typed monthly count and hour series (UChartExplorer.jsx:34-35 SeriesField), a set-aside list and a split month, and prints to six decimals; the brief (advanced m06 l04) directs the learner there."
safetystats,advanced,forcados_lcl_month07_per_200k,"per 200,000 hours",1.634117414998765,5e-07,none,[],False,,nextgen-panel,"{""decimals"": 6}",1.0,6,4.149987649082476e-07,,,False,,/root/wt-b5-nextgen/src/components/course/panels/safetystats/UChartExplorer.jsx:83 (lcl column),/root/wt-b5-nextgen/src/components/course/panels/safetystats/panelBits.jsx:6 six() = toFixed(6),"Month 7 row; positive, not floored, because of the month's large exposure. UChartExplorer takes typed monthly count and hour series (UChartExplorer.jsx:34-35 SeriesField), a set-aside list and a split month, and prints to six decimals; the brief (advanced m06 l04) directs the learner there."
safetystats,advanced,forcados_revised_centre_per_200k,"per 200,000 hours",3.3603126859383545,5e-07,none,[],False,,nextgen-panel,"{""decimals"": 6}",1.0,6,3.1406164557878924e-07,,,False,,"/root/wt-b5-nextgen/src/components/course/panels/safetystats/UChartExplorer.jsx:117 (Revised centre line tile, Revise view)",/root/wt-b5-nextgen/src/components/course/panels/safetystats/panelBits.jsx:6 six() = toFixed(6),"Set aside month 6 (the signalling month, cause found). UChartExplorer takes typed monthly count and hour series (UChartExplorer.jsx:34-35 SeriesField), a set-aside list and a split month, and prints to six decimals; the brief (advanced m06 l04) directs the learner there."
safetystats,advanced,forcados_before_after_p_value,probability,0.011814431372499143,5e-07,none,[],False,,nextgen-panel,"{""decimals"": 6}",1.0,6,4.3137249914303177e-07,,,False,,"/root/wt-b5-nextgen/src/components/course/panels/safetystats/UChartExplorer.jsx:159 (Central two-sided p-value, Before/after view)",/root/wt-b5-nextgen/src/components/course/panels/safetystats/panelBits.jsx:6 six() = toFixed(6),"Split at month 7, nothing set aside. UChartExplorer takes typed monthly count and hour series (UChartExplorer.jsx:34-35 SeriesField), a set-aside list and a split month, and prints to six decimals; the brief (advanced m06 l04) directs the learner there."
safetystats,advanced,forcados_before_after_p_value_without_month06,probability,0.3869280005870388,5e-07,none,[],False,,nextgen-panel,"{""decimals"": 6}",1.0,6,5.870388064543874e-10,,,False,,/root/wt-b5-nextgen/src/components/course/panels/safetystats/UChartExplorer.jsx:159,/root/wt-b5-nextgen/src/components/course/panels/safetystats/panelBits.jsx:6 six() = toFixed(6),"Split at 7 with month 6 set aside. UChartExplorer takes typed monthly count and hour series (UChartExplorer.jsx:34-35 SeriesField), a set-aside list and a split month, and prints to six decimals; the brief (advanced m06 l04) directs the learner there."
scal,beginner,m_ratio,-,1.2,0.005,none,[],True,,hand-calc,full,1.0,,0.0,,,False,,/root/wt-b5-nextgen/src/content/courses/scal/beginner/m06-the-associate-reading/l02-working-the-capstone.md:22,/root/wt-b5-nextgen/src/components/course/panels/scal/DisplacementExplorer.jsx:95 (sci 6 sig figs),"M = (0.3/0.5)/(0.9/1.8) = 1.2 from the four prompt inputs; worked in full in the capstone lesson. Continuous value, tol 0.005, not guessable (inverted answer 0.8333 fails)."
scal,beginner,swf,fraction,0.6372,0.0005,none,[],True,,nextgen-panel,"{""sigfigs"": 6}",1.0,,0.0,,,False,,/root/wt-b5-nextgen/src/content/courses/scal/beginner/m06-the-associate-reading/l02-working-the-capstone.md:42,/root/wt-b5-nextgen/src/components/course/panels/scal/DisplacementExplorer.jsx:96,"Welge tangent is an engine search; tile sci(bl.Swf, 6) prints 0.637200, error 0 against tol 5e-4."
scal,beginner,fwf,fraction,0.8682763300877854,0.001,none,[],True,,nextgen-panel,"{""sigfigs"": 6}",1.0,,3.3008778532739314e-07,,,False,,/root/wt-b5-nextgen/src/content/courses/scal/beginner/m06-the-associate-reading/l02-working-the-capstone.md:44,/root/wt-b5-nextgen/src/components/course/panels/scal/DisplacementExplorer.jsx:97,"sci(bl.fwf, 6) prints 0.868276, within 3e-7 of 0.8682763 against tol 0.001."
scal,beginner,qi_bt_pv,PV,0.33077027444818546,0.001,none,[],True,,nextgen-panel,"{""sigfigs"": 6}",1.0,,2.744481854555225e-07,,,False,,/root/wt-b5-nextgen/src/content/courses/scal/beginner/m06-the-associate-reading/l02-working-the-capstone.md:30,/root/wt-b5-nextgen/src/components/course/panels/scal/DisplacementExplorer.jsx:98,"sci(bl.QiBt, 6) prints 0.330770 against tol 0.001; also 1/slope by hand from the lesson (l02:30)."
scal,beginner,ed_bt,fraction,0.5088773453049006,0.001,none,[],True,,nextgen-panel,"{""sigfigs"": 6}",1.0,,3.4530490056194907e-07,,,False,,/root/wt-b5-nextgen/src/content/courses/scal/beginner/m06-the-associate-reading/l02-working-the-capstone.md:48,/root/wt-b5-nextgen/src/components/course/panels/scal/DisplacementExplorer.jsx:100,"sci(bl.EDbt, 6) prints 0.508877 against tol 0.001; hand check QiBt/0.65 = 0.5088773453049007 reproduced."
scal,beginner,bt_days_8000,days,926.6051908800841,2.0,none,[],True,,nextgen-panel,"{""decimals"": 1}",1.0,,0.005190880084114724,,,False,,/root/wt-b5-nextgen/src/content/courses/scal/beginner/m06-the-associate-reading/l02-working-the-capstone.md:36,/root/wt-b5-nextgen/src/components/course/panels/scal/DisplacementExplorer.jsx:102 (fmt 1 dp),"fmt(btDays, 1) prints 926.6, rounding error 0.005 against tol 2; hand chain 0.33077027 x 22410845.53 / 8000 = 926.6051908800841 reproduced."
scal,intermediate,lab_j_per_psi,1/psi,0.0967993827459659,0.0001,none,[],False,,hand-calc,full,1.0,,0.0,,,False,,/root/wt-b5-nextgen/src/content/courses/scal/intermediate/m03-the-nameless-field; /root/wt-b5-nextgen/src/content/courses/scal/intermediate/m06-the-professional-reading/l02-working-the-capstone.md:9,,"0.21645 x sqrt(80/0.16) / 50 = 0.0967993827459659, reproduced exactly; tol 1e-4 is wider than the book's printed 0.096799."
scal,intermediate,j_at_sw02,-,0.16939891980544033,0.0005,none,[],False,,hand-calc,full,1.0,,0.0,,,False,,/root/wt-b5-nextgen/src/content/courses/scal/intermediate/m03-the-nameless-field/l02-the-j-column.md:11,,"factor x 1.75 psi = 0.16939891980544033, reproduced; the book's printed 0.169 also passes (0.0004 inside tol 5e-4), stated deliberately at m03/l02:19."
scal,intermediate,res_pc_sw02,psi,1.5534071373580902,0.002,none,[],False,,hand-calc,full,1.0,,0.0,,,False,,/root/wt-b5-nextgen/src/content/courses/scal/intermediate/m03-the-nameless-field/l03-back-to-reservoir-pc.md:9,,"0.169 x 9.191758209219469 = 1.5534071373580902, reproduced exactly; prompt names the printed-J chain."
scal,intermediate,h_entry_m,m,3.142982863763458,0.01,none,[],True,,nextgen-panel,"{""sigfigs"": 9}",1.0,,3.7634579896916875e-09,,,False,,/root/wt-b5-nextgen/src/content/courses/scal/intermediate/m06-the-professional-reading/l02-working-the-capstone.md:19,/root/wt-b5-nextgen/src/components/course/panels/scal/JFunctionExplorer.jsx:134,"sci(cap.hEntryM, 9) prints 3.14298286 against tol 0.01; hand chain Pc_entry / (0.4335 x dSG) x 0.3048 also given in the lesson."
scal,intermediate,fwl_m,m TVD,1563.1429828637636,0.02,none,[],True,,nextgen-panel,"{""decimals"": 4}",1.0,,1.7136236465375987e-05,,,False,,/root/wt-b5-nextgen/src/content/courses/scal/intermediate/m06-the-professional-reading/l02-working-the-capstone.md:21,/root/wt-b5-nextgen/src/components/course/panels/scal/JFunctionExplorer.jsx:135 (fmt 4 dp),"fmt(cap.fwlM, 4) prints 1,563.143 (trailing zero trimmed) against tol 0.02; hand: 1560 + entry height."
scal,intermediate,sw_at_crest,fraction,0.35062979402484734,0.0005,none,[],True,,nextgen-panel,"{""sigfigs"": 9}",1.0,,2.4847346402623316e-11,,,False,,/root/wt-b5-nextgen/src/content/courses/scal/intermediate/m06-the-professional-reading/l02-working-the-capstone.md:23,/root/wt-b5-nextgen/src/components/course/panels/scal/JFunctionExplorer.jsx:136,"sci(cap.swAtCrest, 9) prints 0.350629794 against tol 5e-4; the power-law inversion is also a hand chain with the lesson's intermediates."
scal,advanced,fitted_nw,-,2.4999999999999996,0.001,redesign,[],True,"{""migration"": ""20261024a_w1_scal.sql"", ""wave"": ""w1"", ""rekey"": {""key"": ""fitted_nw_printed_grid"", ""label"": ""Fitted water Corey exponent nw, kr printed to 3 dp"", ""unit"": ""-"", ""expected"": 2.4318603318221883, ""tol"": 0.001}, ""rekey_annot"": {""source"": ""nextgen-panel"", ""source_ref"": ""src/components/course/panels/scal/scalLab.js fitPrintedLabGrid (LAB_KR_GRID_PRINTED)"", ""printed"": {""sigfigs"": 9}, ""display_scale"": 1, ""display_ref"": ""src/components/course/panels/scal/DesignExplorer.jsx:125 sci(fit.params.nw, 9) in mode fitPrinted"", ""prompt_precision"": null, ""answer_space"": null, ""guess_p"": null, ""evidence"": ""fitCoreyToKrTable on the 13 design rows with krw and kro rounded to 3 dp, endpoints fixed from the table: nw 2.4318603318221883, no 2.007645191216893, 24 points, rmsLog 0.0407, converged (scalLab.test.js pins it to 1e-9). Tile prints 2.43186033 (miss 1.8e-9 against tol 0.001). Neighbours that fail: plant 2.5 and the default fit mode's 2.4999999999999996 (0.068), the oil exponent 2.0076 (0.42), 2 dp grid fit 2.49675 and 4 dp grid fit 2.50045 (over 0.06). Default state (mode fit) prints 2.49999999999, which is not the answer."", ""class"": ""none"", ""owner_decision"": false, ""leak"": false}}",nextgen-panel,"{""sigfigs"": 12}",1.0,,4.440892098500626e-16,7,0.14,False,"{""redesign"": ""fitted_nw_printed_grid: fit the same 13-row grid with kr rounded to the three decimals a lab sheet prints (fixed endpoints), read from a new DesignExplorer fit-mode tile at 9 significant figures; the rounding moves nw off 2.5 so the plant constant no longer passes. Requires the rounded-grid fit in scalLab.js and a regenerated expected value/tol.""}",/root/wt-b5-nextgen/src/content/courses/scal/advanced/m06-the-expert-reading/l02-working-the-capstone.md:7-9,/root/wt-b5-nextgen/src/components/course/panels/scal/DesignExplorer.jsx:116,"The fit runs on a noiseless grid sampled from the design Corey set, so it recovers its own plant: 2.4999999999999996. The tile label itself reads 'Fitted nw (plant 2.5)' (DesignExplorer.jsx:116) and the lesson says '2.5 written from the design table passes equally well' (l02:9); the beginner panel's nw slider also defaults to 2.5."
scal,advanced,avg_refit_a,-,0.2491501585202375,0.0005,none,[],True,,nextgen-panel,"{""sigfigs"": 9}",1.0,,4.797625074992595e-10,,,False,,/root/wt-b5-nextgen/src/content/courses/scal/advanced/m06-the-expert-reading/l02-working-the-capstone.md:13,/root/wt-b5-nextgen/src/components/course/panels/scal/DesignExplorer.jsx:138,"sci(context.avgA, 9) prints 0.249150159 against tol 5e-4; the design 0.25 fails by construction (drift 0.00085)."
scal,advanced,gravity_ed_bt,fraction,0.5095807170488317,0.0005,none,[],True,,nextgen-panel,"{""sigfigs"": 9}",1.0,,4.88317164482055e-11,,,False,,/root/wt-b5-nextgen/src/content/courses/scal/advanced/m06-the-expert-reading/l02-working-the-capstone.md:19,/root/wt-b5-nextgen/src/components/course/panels/scal/DesignExplorer.jsx:126,"Gravity/dip mode defaults to qt 2000 and dip +10 (DesignExplorer.jsx:35-36, DIP_CASE scalLab.js:264); sci(EDbt, 9) prints 0.509580717 against tol 5e-4."
scal,advanced,downdip_ed_bt,fraction,0.5081700834294871,0.0005,none,[],False,,nextgen-panel,"{""sigfigs"": 9}",1.0,,4.294871125409827e-10,,,False,,/root/wt-b5-nextgen/src/content/courses/scal/advanced/m06-the-expert-reading/l02-working-the-capstone.md:19,/root/wt-b5-nextgen/src/components/course/panels/scal/DesignExplorer.jsx:126,Same tile with the dip slider at -10 (range -10..10 step 1); prints 0.508170083 against tol 5e-4.
scal,advanced,polymer_ed_bt,fraction,0.5771964898801638,0.001,none,[],True,,nextgen-panel,"{""sigfigs"": 9}",1.0,,1.1983614101040985e-10,,,False,,/root/wt-b5-nextgen/src/content/courses/scal/advanced/m06-the-expert-reading/l02-working-the-capstone.md:25,/root/wt-b5-nextgen/src/components/course/panels/scal/DesignExplorer.jsx:134,"Polymer mode defaults to multiplier 4 (DesignExplorer.jsx:37); sci(EDbt, 9) prints 0.577196490 against tol 0.001."
scal,advanced,sw_avg_crest_column,fraction,0.48345033394940007,0.002,none,[],True,,nextgen-panel,"{""sigfigs"": 9}",1.0,,5.0599913148374753e-11,,,False,,/root/wt-b5-nextgen/src/content/courses/scal/advanced/m06-the-expert-reading/l02-working-the-capstone.md:31,/root/wt-b5-nextgen/src/components/course/panels/scal/DesignExplorer.jsx:139,"sci(context.swAvg, 9) prints 0.483450334 against tol 0.002; 2000-interval trapezoid is engine work (spreadsheet possible but the panel is the named route)."
seismolord,beginner,mean_velocity_ms,m/s,3145.2869374221345,1.0,none,[],True,,nextgen-panel,"{""decimals"": 2}",1.0,,0.00306257786542119,,,False,,src/components/course/panels/seismolord/SyntheticExplorer.jsx:57,src/components/course/panels/seismolord/SyntheticExplorer.jsx:57,"Tile prints fmt(s.meanVelocity, 2) = 3145.29; tol 1."
seismolord,beginner,twt_at_log_top_ms,ms,1500.0,0.5,none,[],True,,nextgen-panel,integer,1.0,,0.0,,,False,,src/components/course/panels/seismolord/SyntheticExplorer.jsx:58,src/components/course/panels/seismolord/SyntheticExplorer.jsx:58,"Tile prints fmt(s.twtLogTop, 0) = 1500; integer, tol 0.5."
seismolord,beginner,imp_max,(m/s)·(g/cc),10624.9560546875,10.0,none,[],True,,nextgen-panel,"{""decimals"": 2}",1.0,,0.003945312499126885,,,False,,src/components/course/panels/seismolord/SyntheticExplorer.jsx:60,src/components/course/panels/seismolord/SyntheticExplorer.jsx:60,"fmt(s.impMax, 2) = 10624.96; tol 10."
seismolord,beginner,rc_peak_abs,-,0.017688043415546417,0.0005,none,[],True,,nextgen-panel,"{""decimals"": 6}",1.0,,4.341554641837386e-08,,,False,,src/components/course/panels/seismolord/SyntheticExplorer.jsx:61,src/components/course/panels/seismolord/SyntheticExplorer.jsx:61,"fmt(s.rcPeakAbs, 6) = 0.017688; tol 0.0005."
seismolord,beginner,rc_peak_twt_ms,ms,1582.0,2.0,none,[],True,,nextgen-panel,integer,1.0,,0.0,,,False,,src/components/course/panels/seismolord/SyntheticExplorer.jsx:62,src/components/course/panels/seismolord/SyntheticExplorer.jsx:62,"fmt(s.rcPeakTwt, 0) = 1582; tol 2."
seismolord,beginner,syn_peak_twt_ms,ms,1642.0,2.0,none,[],True,,nextgen-panel,integer,1.0,,0.0,,,False,,src/components/course/panels/seismolord/SyntheticExplorer.jsx:64,src/components/course/panels/seismolord/SyntheticExplorer.jsx:64,"fmt(s.synPeakTwt, 0) = 1642 at 25 Hz; tol 2."
seismolord,intermediate,bulk_shift_ms,ms,8.0,0.5,none,[],True,"{""migration"": ""20261024a_w1_seismolord.sql"", ""wave"": ""w1"", ""prompt"": ""bulk_shift_ms was stated in the prompt ('arriving 8 ms late') and the Shift explorer subtitle, so the answer was given before any scan; the prompt and panel no longer state the lag and the key, value and tolerance stay. corr graded the correlation at the winning lag, which is exactly 1 by constructi""}",nextgen-panel,integer,1.0,,0.0,,,False,"{""redesign"": ""Keep the key but stop stating the lag: reword the prompt to 'the observed trace is the 25 Hz synthetic arriving late by an unstated lag' and drop the lag from the ShiftExplorer subtitle at ShiftExplorer.jsx:55, so 'Suggested bulk shift' (ShiftExplorer.jsx:92) is read from the scan. Alternative: grade the zero-lag correlation instead (see corr).""}",src/components/course/panels/seismolord/ShiftExplorer.jsx:92,src/components/course/panels/seismolord/ShiftExplorer.jsx:92,"W1: the prompt, the ShiftExplorer subtitle and note and the page intro card no longer state the planted lag, so the Suggested bulk shift tile carries the measurement. The lag is still stated in intermediate lessons (m01 l02, l04, m02 l03, m06 l01, l03, l04), a section 3 leak for W5 (B strip); the tier carries the open-book label."
seismolord,intermediate,corr,-,1.0,0.01,redesign,"[""guessable""]",False,"{""migration"": ""20261024a_w1_seismolord.sql"", ""wave"": ""w1"", ""rekey"": {""key"": ""corr_zero_lag"", ""label"": ""Correlation at zero lag, before any shift"", ""unit"": ""-"", ""expected"": 0.6217418028775199, ""tol"": 0.0005}, ""rekey_annot"": {""source"": ""nextgen-panel"", ""source_ref"": ""src/components/course/panels/seismolord/ShiftExplorer.jsx:94"", ""printed"": {""decimals"": 6}, ""display_scale"": 1, ""display_ref"": ""src/components/course/panels/seismolord/ShiftExplorer.jsx:94 fmt(zero.corr, 6)"", ""prompt_precision"": null, ""answer_space"": null, ""guess_p"": null, ""evidence"": ""suggestBulkShift(s25 synthetic, the 25 Hz synthetic delayed 4 samples, dt 2 ms, max 40 ms) series entry at lag 0: 0.6217418028775199 (computeIntermediate().corrZeroLag, pinned in shiftLab.test.js); prints 0.621742, miss 2e-7. Nearest scan neighbours 0.771383 (lag 2 or 14) and 0.892968 are far outside tol; 1 (the winning lag) fails by 0.378; the SVG label prints it at 4 dp (0.6217, miss 4e-5, passes as it should). Not guessable: continuous."", ""class"": ""none"", ""owner_decision"": false, ""leak"": true}}",nextgen-panel,"{""decimals"": 6}",1.0,,0.0,1,1.0,False,"{""redesign"": ""Replace with corr_zero_lag: label 'Correlation at zero lag, before any shift', unit '-', expected 0.621742 (ShiftExplorer.jsx:94 prints fmt(zero.corr, 6)), tol 0.0005; a measured value of the same scan that the prompt does not give.""}",src/components/course/panels/seismolord/ShiftExplorer.jsx:93,src/components/course/panels/seismolord/ShiftExplorer.jsx:93,"Correlation of a trace with its own exact shifted copy is 1 by construction, and the panel note says so ('why the correlation reaches exactly 1'); a learner who reads the prompt knows it without running anything."
seismolord,intermediate,peak15_abs,-,0.1573149710893631,0.002,none,[],False,,nextgen-panel,"{""decimals"": 10}",1.0,,1.0636908021055547e-11,,,False,,src/components/course/panels/seismolord/ShiftExplorer.jsx:96,src/components/course/panels/seismolord/ShiftExplorer.jsx:96,"Tile fmt(model.peakAbs, 10) at 15 Hz = 0.1573149711; tol 0.002."
seismolord,intermediate,peak40_abs,-,0.0362229160964489,0.001,none,[],False,,nextgen-panel,"{""decimals"": 10}",1.0,,3.5511038554147945e-12,,,False,,src/components/course/panels/seismolord/ShiftExplorer.jsx:96,src/components/course/panels/seismolord/ShiftExplorer.jsx:96,At 40 Hz = 0.0362229161; tol 0.001.
seismolord,intermediate,peak15_twt,ms,1580.0,2.0,none,[],False,,nextgen-panel,integer,1.0,,0.0,,,False,,src/components/course/panels/seismolord/ShiftExplorer.jsx:97,src/components/course/panels/seismolord/ShiftExplorer.jsx:97,String(model.peakTwt) at 15 Hz = 1580; tol 2.
seismolord,intermediate,peak40_twt,ms,1646.0,2.0,none,[],False,,nextgen-panel,integer,1.0,,0.0,,,False,,src/components/course/panels/seismolord/ShiftExplorer.jsx:97,src/components/course/panels/seismolord/ShiftExplorer.jsx:97,At 40 Hz = 1646; tol 2.
seismolord,advanced,tune25_ms,ms,16.0,0.0,none,"[""zero_tol""]",True,,nextgen-panel,integer,1.0,,0.0,,,False,,src/components/course/panels/seismolord/WedgeExplorer.jsx:113,src/components/course/panels/seismolord/WedgeExplorer.jsx:113,"'Tuning thickness' String(model.tuneMs) = 16 on a 2 ms grid; genuinely integer, tol 0 honest."
seismolord,advanced,tune25_amp,-,0.1155947595834732,0.002,none,[],False,,nextgen-panel,"{""decimals"": 10}",1.0,,1.6526793822357888e-11,,,False,,src/components/course/panels/seismolord/WedgeExplorer.jsx:114,src/components/course/panels/seismolord/WedgeExplorer.jsx:114,"fmt(model.tuneAmp, 10) = 0.1155947596; tol 0.002."
seismolord,advanced,tune40_ms,ms,10.0,0.0,none,"[""zero_tol""]",False,,nextgen-panel,integer,1.0,,0.0,,,False,,src/components/course/panels/seismolord/WedgeExplorer.jsx:113,src/components/course/panels/seismolord/WedgeExplorer.jsx:113,"At 40 Hz the tile reads 10; integer, tol 0."
seismolord,advanced,tune40_amp,-,0.1155947595834732,0.002,none,[],False,"{""migration"": ""20261024a_w1_seismolord.sql"", ""wave"": ""w1"", ""rekey"": {""key"": ""amp40_at_6ms"", ""label"": ""Amplitude of a 6 ms bed at 40 Hz"", ""unit"": ""-"", ""expected"": 0.09535394608974457, ""tol"": 0.0005}, ""rekey_annot"": {""source"": ""nextgen-panel"", ""source_ref"": ""src/components/course/panels/seismolord/WedgeExplorer.jsx:121"", ""printed"": {""decimals"": 10}, ""display_scale"": 1, ""display_ref"": ""src/components/course/panels/seismolord/WedgeExplorer.jsx:121 fmt(row.amp, 10)"", ""prompt_precision"": null, ""answer_space"": null, ""guess_p"": null, ""evidence"": ""computeWedge(40).rows[3] (6 ms) amp = 0.09535394608974457 (engine tuningCurve, pinned in wedgeLab.test.js); prints 0.0953539461. Neighbours at 40 Hz: 4 ms 0.0718218, 8 ms 0.1097387, 14 ms 0.0987969, 16 ms 0.0899487; 25 Hz at 6 ms 0.0682633; 50 Hz at 4 ms 0.0837294; tune25_amp 0.1155948, isolated 0.0800000: nearest is 14 ms at 40 Hz, 0.0034 away, all fail at tol 0.0005. By the f x T law 20 Hz at 12 ms prints the same number (240 Hz ms), which is physics and still a reading. Default state (25 Hz, 16 ms) prints the tuning amplitude, never this value."", ""class"": ""none"", ""owner_decision"": false, ""leak"": false}}",nextgen-panel,"{""decimals"": 10}",1.0,,1.6526793822357888e-11,,,False,,src/components/course/panels/seismolord/WedgeExplorer.jsx:114,src/components/course/panels/seismolord/WedgeExplorer.jsx:114,At 40 Hz = 0.1155947596; tol 0.002.
seismolord,advanced,tune25_iso_ratio,-,1.4449345270902185,0.001,none,[],True,,nextgen-panel,"{""decimals"": 4}",1.0,,3.452709021845024e-05,,,False,,src/components/course/panels/seismolord/WedgeExplorer.jsx:122,src/components/course/panels/seismolord/WedgeExplorer.jsx:122,"'Amplitude relative to isolated' fmt(row.amp / model.isoAmp, 4) = 1.4449 at the default selected 16 ms; |1.4449-1.444935| = 3.5e-5 <= 0.001."
seismolord,advanced,theory25_ms,ms,15.593936024673521,0.05,none,[],False,,hand-calc,full,1.0,,0.0,,,False,,src/components/course/panels/seismolord/WedgeExplorer.jsx:115,src/components/course/panels/seismolord/WedgeExplorer.jsx:115,sqrt(6)/(2 pi x 25) s = 15.593936 ms from the formula quoted in the prompt; the panel also prints it to six decimals. tol 0.05.
separation,beginner,ejulebe1_gas_density_lbft3,lb/ft3,2.8881765597102644,0.0001,display,"[""display_miss""]",False,,suite-app,"{""decimals"": 3}",1.0,4,0.00017655971026453443,,,True,"{""display"": ""src/components/separatorstudio/SeparatorPanels.jsx:123 -> fmt(conditions.rhoGas, 6)""}",src/pages/apps/SeparatorSlugCatcherDesigner.jsx:15,src/components/separatorstudio/SeparatorPanels.jsx:123,"Needs z from the pseudo-reduced pair, which the course gives as an engine step (beginner/m06/l02 step two) with no hand correlation; NextGen panels are select-only (SelectField ""View"", src/components/course/panels/separation/SeparatorExplorer.jsx:304). Studio prints `fmt(conditions.rhoGas, 3)`; tol 1e-4 needs 4. Recomputing from the printed z (fmt 4, :121) carries ~1.7e-4 of error."
separation,beginner,ejulebe1_gas_actual_ft3s,ft3/s,6.729272607529208,0.0001,display,"[""display_miss""]",False,,suite-app,"{""decimals"": 2}",1.0,4,0.0007273924707922319,,,True,"{""display"": ""src/components/separatorstudio/SeparatorPanels.jsx:126 -> fmt(conditions.qGasActFt3S, 6)""}",src/pages/apps/SeparatorSlugCatcherDesigner.jsx:15,src/components/separatorstudio/SeparatorPanels.jsx:126,"Needs z from the pseudo-reduced pair, which the course gives as an engine step (beginner/m06/l02 step two) with no hand correlation; NextGen panels are select-only (SelectField ""View"", src/components/course/panels/separation/SeparatorExplorer.jsx:304). Studio prints `fmt(conditions.qGasActFt3S, 2)` against tol 1e-4."
separation,beginner,ejulebe1_terminal_velocity_fts,ft/s,1.4391934722920448,1e-05,display,"[""display_miss""]",False,"{""migration"": ""20261022_b5_graded_tolerances.sql"", ""tol"": [1e-05, 5e-05]}",suite-app,"{""decimals"": 3}",1.0,4,0.00019347229204469407,,,True,"{""new_tol"": 5e-05}",src/pages/apps/SeparatorSlugCatcherDesigner.jsx:15,src/components/separatorstudio/SeparatorPanels.jsx:133,"Needs z from the pseudo-reduced pair, which the course gives as an engine step (beginner/m06/l02 step two) with no hand correlation; NextGen panels are select-only (SelectField ""View"", src/components/course/panels/separation/SeparatorExplorer.jsx:304). Studio prints `fmt(conditions.vTerminalFtS, 3)`; tol 1e-5 is below half a unit of the four decimals the prompt asks for (1.4392 happens to pass, by 6.5e-6)."
separation,beginner,ejulebe1_gas_diameter_ft,ft,2.4399421536430808,0.0001,display,"[""display_miss""]",False,,suite-app,"{""decimals"": 1}",1.0,4,0.03994215364308085,,,True,"{""display"": ""src/components/separatorstudio/SeparatorPanels.jsx:262 -> fmt(detail.diameterGasFt, 6)""}",src/pages/apps/SeparatorSlugCatcherDesigner.jsx:15,src/components/separatorstudio/SeparatorPanels.jsx:262,"Needs z from the pseudo-reduced pair, which the course gives as an engine step (beginner/m06/l02 step two) with no hand correlation; NextGen panels are select-only (SelectField ""View"", src/components/course/panels/separation/SeparatorExplorer.jsx:304). Studio prints ""Diameter the gas needs"" `fmt(detail.diameterGasFt, 1)` against tol 1e-4."
separation,beginner,ejulebe1_height_ft,ft,11.265612430317097,0.0001,none,[],False,,hand-calc,full,1.0,4,0.0,,,False,,src/content/courses/separation/beginner/m05-the-vertical-vessel/l02-height-from-retention.md:1,src/content/courses/separation/beginner/m05-the-vertical-vessel/l02-height-from-retention.md:1,"Retention volume (7350+2480 bpd x 5.6146 ft3/bbl x 4 min / 1440) over the 6.4 ft area, plus the 6.5 ft allowance = 11.2656 ft; no z needed (beginner/m05/l02-l03, m06/l02 step five)."
separation,beginner,ejulebe1_velocity_margin,dimensionless,6.880197223424059,1e-05,display,"[""display_miss""]",False,"{""migration"": ""20261022_b5_graded_tolerances.sql"", ""tol"": [1e-05, 5e-05]}",suite-app,"{""decimals"": 2}",1.0,4,0.0001972234240588122,,,True,"{""new_tol"": 5e-05}",src/pages/apps/SeparatorSlugCatcherDesigner.jsx:15,src/components/separatorstudio/SeparatorPanels.jsx:263,"Needs z from the pseudo-reduced pair, which the course gives as an engine step (beginner/m06/l02 step two) with no hand correlation; NextGen panels are select-only (SelectField ""View"", src/components/course/panels/separation/SeparatorExplorer.jsx:304). Studio prints `fmt(detail.velocityMargin, 2)` x; tol 1e-5 is also below half a unit of the prompt's four decimals (6.8802 passes by 2.8e-6, by luck)."
separation,intermediate,ejulebe2_liquid_length_ft,ft,16.682754876448943,0.0001,none,[],False,,hand-calc,full,1.0,4,0.0,,,False,,src/content/courses/separation/intermediate/m02-two-lengths-one-vessel/l01-the-length-the-liquid-needs.md:1,src/content/courses/separation/intermediate/m02-two-lengths-one-vessel/l01-the-length-the-liquid-needs.md:1,"Retention volume over the exact liquid segment area at 0.45 of a 9 ft diameter (m02/l01, ""a retention volume divided by the liquid area""); no z, full precision."
separation,intermediate,ejulebe2_gas_velocity_fts,ft/s,0.5341820338116766,1e-05,display,"[""prompt_short"", ""display_miss""]",False,"{""migration"": ""20261022_b5_graded_tolerances.sql"", ""tol"": [1e-05, 5e-05]}",suite-app,"{""decimals"": 3}",1.0,4,0.00018203381167658517,,,True,"{""new_tol"": 5e-05}",src/pages/apps/SeparatorSlugCatcherDesigner.jsx:15,src/components/separatorstudio/SeparatorPanels.jsx:223,"Needs z from the pseudo-reduced pair, which the course gives as an engine step (beginner/m06/l02 step two) with no hand correlation; NextGen panels are select-only (SelectField ""View"", src/components/course/panels/separation/SeparatorExplorer.jsx:304). Studio prints `fmt(detail.gasVelocityFtS, 3)`; and at the prompt's four decimals 0.5342 misses tol 1e-5 by 1.8e-5, so a learner with full precision who follows the instruction FAILS."
separation,intermediate,ejulebe_slug_vessel_diameter_ft,ft,11.709968225674618,0.0001,none,[],False,,hand-calc,full,1.0,4,0.0,,,False,,src/content/courses/separation/intermediate/m04-slug-catchers/l03-a-vessel-from-a-volume.md:1,src/content/courses/separation/intermediate/m04-slug-catchers/l03-a-vessel-from-a-volume.md:1,"Working volume (620 bbl + 19800 bpd over 8 min) over the 0.65 fill, then V = pi/4 D^2 x 5D solved for D in closed form (m04/l02-l03)."
separation,intermediate,ejulebe_finger_length_ft,ft,179.83566824158774,0.001,none,[],False,,hand-calc,full,1.0,4,0.0,,,False,,src/content/courses/separation/intermediate/m04-slug-catchers/l04-fingers-instead-of-a-vessel.md:1,src/content/courses/separation/intermediate/m04-slug-catchers/l04-fingers-instead-of-a-vessel.md:1,"Same working volume over 0.75 fill, divided among 7 fingers of 26 in bore: closed form, tol 0.001."
separation,intermediate,odeama_flare_setback_m,m,65.5918520153159,0.001,none,[],False,,hand-calc,full,1.0,4,0.0,,,False,,src/content/courses/separation/intermediate/m05-distances-on-a-site/l03-a-flare-setback-is-computed.md:1,src/content/courses/separation/intermediate/m05-distances-on-a-site/l03-a-flare-setback-is-computed.md:1,Point source: d = sqrt(F tau Q / (4 pi I)) with Q = 27 x 47500 kW: 65.5919 m; closed form from prompt inputs.
separation,intermediate,odeama_pool_setback_edge_m,m,57.6530817483345,0.001,none,[],False,,hand-calc,full,1.0,4,0.0,,,False,,src/content/courses/separation/intermediate/m05-distances-on-a-site/l04-a-pool-fire-and-its-edge.md:9,src/content/courses/separation/intermediate/m05-distances-on-a-site/l04-a-pool-fire-and-its-edge.md:9,"Pool area x burning rate x heat of combustion gives Q, the point-source radius follows, minus the 12 m pool radius (l04:9-15): 69.6531 - 12 = 57.6531 m."
separation,advanced,ejulebe3_interface_height_ft,ft,3.5272802173244173,1e-05,tolerance,"[""prompt_short""]",False,"{""migration"": ""20261022_b5_graded_tolerances.sql"", ""tol"": [1e-05, 5e-05]}",hand-calc,full,1.0,4,0.0,,,True,"{""new_tol"": 5e-05}",src/content/courses/separation/advanced/m01-three-phases-in-one-vessel/l02-the-interface-at-its-exact-height.md:11,src/components/separatorstudio/SeparatorPanels.jsx:244,"Water share from the two retentions, then the depth whose segment area matches, found by bisection as l02:11 describes (a spreadsheet goal seek); no z. But at the prompt's four decimals 3.5273 misses tol 1e-5 by 2.0e-5, so a learner who follows the instruction fails."
separation,advanced,ejulebe3_water_drop_fall_s,s,388.0364348552262,0.001,none,[],False,,hand-calc,full,1.0,4,0.0,,,False,,src/content/courses/separation/advanced/m02-droplets-and-verdicts/l02-water-out-of-the-oil.md:1,src/content/courses/separation/advanced/m02-droplets-and-verdicts/l02-water-out-of-the-oil.md:1,"Stokes velocity from the stated densities, viscosity and 350 micron drop (m02/l01) over the oil layer height (level minus interface); full precision once the interface is solved; tol 0.001 s."
separation,advanced,ejulebe3_oil_drop_rise_s,s,340.8355864500273,0.001,none,[],False,,hand-calc,full,1.0,4,0.0,,,False,,src/content/courses/separation/advanced/m02-droplets-and-verdicts/l03-oil-out-of-the-water.md:1,src/content/courses/separation/advanced/m02-droplets-and-verdicts/l03-oil-out-of-the-water.md:1,Stokes rise of the 150 micron oil drop through the water layer (the interface height); closed form after the interface.
separation,advanced,ejulebe4_preferred_height_ft,ft,9.094348494300087,0.0001,display,"[""display_miss""]",False,,suite-app,"{""decimals"": 1}",1.0,4,0.005651505699912462,,,True,"{""display"": ""src/components/separatorstudio/SeparatorPanels.jsx:190 -> fmt(r.lengthFt, 6) (and :220)""}",src/pages/apps/SeparatorSlugCatcherDesigner.jsx:15,src/components/separatorstudio/SeparatorPanels.jsx:190,"Needs z from the pseudo-reduced pair, which the course gives as an engine step (beginner/m06/l02 step two) with no hand correlation; NextGen panels are select-only (SelectField ""View"", src/components/course/panels/separation/SeparatorExplorer.jsx:304). Preferred = smallest in-band feasible diameter; feasibility at 3 and 3.5 ft is a gas-capacity verdict that needs z. The sweep table prints `fmt(r.lengthFt, 1)` and the selected Height fmt 1 (src/components/separatorstudio/SeparatorPanels.jsx:220) against tol 1e-4."
separation,advanced,adanga_worst_absolute_shortfall_m,m,53.82226310078884,0.0001,redesign,"[""display_miss""]",False,,unobtainable,"{""decimals"": 1}",1.0,4,0.022263100788840973,,,True,"{""redesign"": ""Keep the key; state the yard in the prompt as north/east offsets in m from the datum 4.9021 N, 6.8714 E for the ten items (Wellhead A 0,0 ... Yard control room 245,185; Second slop tank no coordinates), or seed an ADANGA layout the learner opens in the Facility Layout Mapper, and print the shortfall at 4 decimals (SpacingPanel.jsx:173 fmt 1)""}",src/components/course/panels/separation/separationLab.js:1359,src/components/facilitylayoutmapper/SpacingPanel.jsx:173,"Prompt gives only the two setbacks and ""a portable flare that was never placed and a second slop tank carrying no coordinates""; no coordinates for any item. Facility Layout Mapper prints `short {fmt(result.worstAbsolute.shortfallM, 1)} m`."
separation,advanced,adanga_worst_relative_fraction,fraction,0.6200257720948125,1e-06,redesign,"[""prompt_short"", ""display_miss""]",False,,unobtainable,"{""decimals"": 0}",100.0,4,2.577209481247067e-05,,,True,"{""redesign"": ""Same prompt change (state the ten item offsets); and Facility Layout Mapper SpacingPanel.jsx:179 prints fmt(shortfallFraction*100, 0) percent, so print the fraction to 6 decimals""}",src/components/course/panels/separation/separationLab.js:1359,src/components/facilitylayoutmapper/SpacingPanel.jsx:179,No coordinates in the prompt; the Layout Mapper prints the relative shortfall as a whole percent (display_scale 100).
sim,beginner,deck_cell_count,cells,4500.0,0.0,none,"[""zero_tol""]",True,,nextgen-panel,integer,1.0,,0.0,,,True,"{""redesign"": ""Keep the key, label and unit; re-case the capstone input (see recommendation) so the value is no longer printed in the lessons or on the panel's default state.""}",/root/wt-b5-nextgen/src/components/course/panels/sim/DeckExplorer.jsx:75,"/root/wt-b5-nextgen/src/components/course/panels/sim/DeckExplorer.jsx:75 fmt(grid.cellCount, 0) prints '4,500'","Integer count printed as an integer (with a thousands separator); tol 0 fine for a count. LESSON LEAK: /root/wt-b5-nextgen/src/content/courses/sim/beginner/m06-the-associate-reading/l01-the-story-so-far.md:9 prints '30 x 30 x 5 = 4500 cells'; also the panel default tile 'Cells 4,500' (probe)."
sim,beginner,crest_top_ft,ft,5055.774278215223,0.05,none,[],True,,nextgen-panel,"{""decimals"": 2}",1.0,,0.004278215222257131,,,True,"{""redesign"": ""Keep the key, label and unit; re-case the capstone input (see recommendation) so the value is no longer printed in the lessons or on the panel's default state.""}",/root/wt-b5-nextgen/src/components/course/panels/sim/StructureExplorer.jsx:110,"/root/wt-b5-nextgen/src/components/course/panels/sim/StructureExplorer.jsx:110 fmt(grid.topMin, 2) (toLocaleString max 2 decimals)","Printed 5,055.77, rounding 0.004 inside tol 0.05. LESSON LEAK: /root/wt-b5-nextgen/src/content/courses/sim/beginner/m06-the-associate-reading/l01-the-story-so-far.md:15 prints 'The shallowest is 5055.774278215223 ft'."
sim,beginner,layer1_dz_ft,ft,7.411104817049187,0.001,none,[],True,,nextgen-panel,"{""decimals"": 6}",1.0,,1.8295081272157176e-07,,,True,"{""redesign"": ""Keep the key, label and unit; re-case the capstone input (see recommendation) so the value is no longer printed in the lessons or on the panel's default state.""}","/root/wt-b5-nextgen/src/components/course/panels/sim/DeckExplorer.jsx (GRID section, DZ 900*7.411105)",/root/wt-b5-nextgen/src/components/course/panels/sim/DeckExplorer.jsx deck text line 'DZ 900*7.411105',Deck text carries six decimals; tol 1e-3. LESSON LEAK: /root/wt-b5-nextgen/src/content/courses/sim/beginner/m06-the-associate-reading/l01-the-story-so-far.md:21 table row '1 | 7.411104817049187'.
sim,beginner,swof_first_sw,fraction,0.35,0.0005,none,[],True,,nextgen-panel,"{""decimals"": 2}",1.0,,0.0,,,True,"{""redesign"": ""Keep the key, label and unit; re-case the capstone input (see recommendation) so the value is no longer printed in the lessons or on the panel's default state.""}","/root/wt-b5-nextgen/src/components/course/panels/sim/DeckExplorer.jsx (PROPS section, SWOF first row 0.35)",/root/wt-b5-nextgen/src/components/course/panels/sim/DeckExplorer.jsx deck text 'SWOF 0.35 0 0.9 0',Read from the deck text; tol 5e-4. LESSON LEAK: /root/wt-b5-nextgen/src/content/courses/sim/beginner/m06-the-associate-reading/l01-the-story-so-far.md:33 'SWOF starts at a connate water saturation of 0.35'; the working lesson beginner/m06.../l02-working-the-capstone.md also says it equals one minus the SGOF closure.
sim,beginner,sgof_last_sg,fraction,0.65,0.0005,none,[],True,,nextgen-panel,"{""decimals"": 2}",1.0,,0.0,,,True,"{""redesign"": ""Keep the key, label and unit; re-case the capstone input (see recommendation) so the value is no longer printed in the lessons or on the panel's default state.""}","/root/wt-b5-nextgen/src/components/course/panels/sim/DeckExplorer.jsx (PROPS section, SGOF last row 0.65)",/root/wt-b5-nextgen/src/components/course/panels/sim/DeckExplorer.jsx deck text,"Read from the deck text; tol 5e-4. Equals 1 minus swof_first_sw by the course's own check, so the two fields carry one fact. LESSON LEAK: /root/wt-b5-nextgen/src/content/courses/sim/beginner/m06-the-associate-reading/l01-the-story-so-far.md:33 'SGOF closes at 0.65'."
sim,beginner,vertical_connection_count,count,5.0,0.0,none,"[""zero_tol""]",True,,nextgen-panel,integer,1.0,,0.0,5,0.2,True,"{""redesign"": ""Keep the key, label and unit; re-case the capstone input (see recommendation) so the value is no longer printed in the lessons or on the panel's default state.""}",/root/wt-b5-nextgen/src/components/course/panels/sim/DeckExplorer.jsx (SCHEDULE COMPDAT k1..k2),/root/wt-b5-nextgen/src/components/course/panels/sim/BuildExplorer.jsx:136 'Layers 5' tile,"Integer; tol 0 fine. Equals nz = 5. LESSON LEAK: /root/wt-b5-nextgen/src/content/courses/sim/beginner/m06-the-associate-reading/l01-the-story-so-far.md:43 'each completed through all five layers, so five connections each'; also beginner/m06.../l02-working-the-capstone.md:53 'k1 = 1 and k2 = 5 is five connections'."
sim,intermediate,deck_stoiip_stb,stb,12132366.897955146,5000.0,none,[],True,,nextgen-panel,integer,1.0,,0.10204485431313515,,,True,"{""redesign"": ""Keep the key, label and unit; re-case the capstone input (see recommendation) so the value is no longer printed in the lessons or on the panel's default state.""}",/root/wt-b5-nextgen/src/components/course/panels/sim/StructureExplorer.jsx:106,"/root/wt-b5-nextgen/src/components/course/panels/sim/StructureExplorer.jsx:106 fmt(vol.stoiip_stb, 0)","Printed 12,132,367 (default convention 'centre'); rounding 0.1 inside tol 5000. LESSON LEAK: /root/wt-b5-nextgen/src/content/courses/sim/intermediate/m06-the-professional-reading/l01-the-story-so-far.md:19 '| deck STOIIP | 12132366.897955146 stb |'."
sim,intermediate,stoiip_vs_booking_pct,percent,-0.05635630826191784,0.005,none,[],True,,nextgen-panel,"{""decimals"": 4}",1.0,,4.369173808215637e-05,,,True,"{""redesign"": ""Keep the key, label and unit; re-case the capstone input (see recommendation) so the value is no longer printed in the lessons or on the panel's default state.""}",/root/wt-b5-nextgen/src/components/course/panels/sim/StructureExplorer.jsx:108,"/root/wt-b5-nextgen/src/components/course/panels/sim/StructureExplorer.jsx:108 fmt(vol.gapPct, 4)",Printed -0.0564; tol 0.005. LESSON LEAK: /root/wt-b5-nextgen/src/content/courses/sim/intermediate/m06-the-professional-reading/l01-the-story-so-far.md:21 '| gap | -0.05635630826191784 percent |'.
sim,intermediate,oil_cells_centre_rule,cells,266.0,0.0,none,"[""zero_tol""]",True,,nextgen-panel,integer,1.0,,0.0,,,True,"{""redesign"": ""Keep the key, label and unit; re-case the capstone input (see recommendation) so the value is no longer printed in the lessons or on the panel's default state.""}",/root/wt-b5-nextgen/src/components/course/panels/sim/StructureExplorer.jsx:109,"/root/wt-b5-nextgen/src/components/course/panels/sim/StructureExplorer.jsx:109 fmt(vol.oilCells, 0)","Integer, tol 0 fine. LESSON LEAK: /root/wt-b5-nextgen/src/content/courses/sim/intermediate/m06-the-professional-reading/l01-the-story-so-far.md:22 '| deck oil cells | 266 |'."
sim,intermediate,ekene2_deck_top_m,m,1564.3183173003902,0.005,none,[],True,,nextgen-panel,"{""decimals"": 4}",1.0,,1.730039025460428e-05,,,True,"{""redesign"": ""Keep the key, label and unit; re-case the capstone input (see recommendation) so the value is no longer printed in the lessons or on the panel's default state.""}",/root/wt-b5-nextgen/src/components/course/panels/sim/StructureExplorer.jsx:124 (well table Deck (m) column),"/root/wt-b5-nextgen/src/components/course/panels/sim/StructureExplorer.jsx:124 fmt(w.deck_top_m, 4)","Printed 1,564.3183; tol 0.005. LESSON LEAK: /root/wt-b5-nextgen/src/content/courses/sim/intermediate/m06-the-professional-reading/l01-the-story-so-far.md:11 '1564.3183173003902 m'."
sim,intermediate,correlated_bo_at_pi,rb/stb,1.2292846175634324,0.0005,redesign,[],True,,unobtainable,,1.0,,,,,True,"{""redesign"": ""Keep the key, label and unit; re-case the capstone input (see recommendation) so the value is no longer printed in the lessons or on the panel's default state.""}","engine correlation stack (Standing + undersaturated compressibility), not rendered by any sim panel (simLab.js pvtDivergence has no JSX caller)",,No sim panel or page renders the correlated Bo (grep: pvtDivergence is unused in src/**/*.jsx); a hand Standing Bo at pb plus an undersaturated step would need the engine's compressibility correlation. LESSON LEAK: /root/wt-b5-nextgen/src/content/courses/sim/intermediate/m06-the-professional-reading/l01-the-story-so-far.md:39 and /root/wt-b5-nextgen/src/content/courses/sim/intermediate/m03-fluid-provenance/l01-designed-against-correlated.md:26 both print '1.2292846175634324'; l02-the-standing-gap.md:15 again.
sim,intermediate,correlated_rs_gap_pct,percent,5.484806880676496,0.02,none,[],True,,hand-calc,full,1.0,,0.0,,,True,"{""redesign"": ""Keep the key, label and unit; re-case the capstone input (see recommendation) so the value is no longer printed in the lessons or on the panel's default state.""}",/root/wt-b5-nextgen/src/content/courses/sim/intermediate/m03-fluid-provenance/l02-the-standing-gap.md:7-9 (Standing Rs),,"Standing's Rs at 2000 psia, 32 API, 0.75, 180 F is a closed form; tol 0.02. LESSON LEAK: /root/wt-b5-nextgen/src/content/courses/sim/intermediate/m06-the-professional-reading/l01-the-story-so-far.md:40 'a gap of 5.484806880676496 percent'; /root/wt-b5-nextgen/src/content/courses/sim/intermediate/m03-fluid-provenance/l01-designed-against-correlated.md:34 the same."
sim,advanced,deviated_connection_count,count,11.0,0.0,none,"[""zero_tol""]",True,,nextgen-panel,integer,1.0,,0.0,,,True,"{""redesign"": ""Keep the key, label and unit; re-case the capstone input (see recommendation) so the value is no longer printed in the lessons or on the panel's default state.""}",/root/wt-b5-nextgen/src/components/course/panels/sim/BuildExplorer.jsx:80,"/root/wt-b5-nextgen/src/components/course/panels/sim/BuildExplorer.jsx:80 fmt(path.connections.length, 0)","Integer, tol 0 fine; panel default toe is the capstone toe (DESIGN.deviated.to), so 'Connections 11' renders on first load. LESSON LEAK: /root/wt-b5-nextgen/src/content/courses/sim/advanced/m06-the-expert-reading/l01-the-story-so-far.md:11 '11 connections across 8 distinct columns'."
sim,advanced,deviated_distinct_columns,count,8.0,0.0,none,"[""zero_tol""]",True,,nextgen-panel,integer,1.0,,0.0,,,True,"{""redesign"": ""Keep the key, label and unit; re-case the capstone input (see recommendation) so the value is no longer printed in the lessons or on the panel's default state.""}",/root/wt-b5-nextgen/src/components/course/panels/sim/BuildExplorer.jsx:81,"/root/wt-b5-nextgen/src/components/course/panels/sim/BuildExplorer.jsx:81 fmt(path.distinctColumns, 0)","Integer, tol 0 fine. LESSON LEAK: /root/wt-b5-nextgen/src/content/courses/sim/advanced/m06-the-expert-reading/l01-the-story-so-far.md:11 and /root/wt-b5-nextgen/src/content/courses/sim/advanced/m06-the-expert-reading/l02-working-the-capstone.md:17 'Counting distinct COLUMNS gives 8, which is field 2'."
sim,advanced,calibration_regional_mean_m,m TVD,1570.026311,0.005,redesign,[],True,,unobtainable,,1.0,,,,,True,"{""redesign"": ""Keep the key, label and unit; re-case the capstone input (see recommendation) so the value is no longer printed in the lessons or on the panel's default state.""}",engine: kriging bisection; no panel exposes the regional mean or a bisection (StructureExplorer has only a convention select),,Bisection over a kriged 900-column surface is engine-only and no sim panel lets the learner vary the regional mean; tol 0.005 m. LESSON LEAK: /root/wt-b5-nextgen/src/content/courses/sim/advanced/m06-the-expert-reading/l01-the-story-so-far.md:31 'mu = 1570.026311 m TVD'; /root/wt-b5-nextgen/src/content/courses/sim/advanced/m03-calibration/l02-matching-the-volume.md also prints 1570.02.
sim,advanced,history_total_oil_stb,stb,176923.83644033302,50.0,none,[],True,,hand-calc,full,1.0,,0.0,,,True,"{""redesign"": ""Keep the key, label and unit; re-case the capstone input (see recommendation) so the value is no longer printed in the lessons or on the panel's default state.""}",deck SCHEDULE WCONHIST rates x DATES spans (/root/wt-b5-nextgen/src/components/course/panels/sim/DeckExplorer.jsx); method in /root/wt-b5-nextgen/src/content/courses/sim/intermediate/m05-wells-on-a-real-field/l03-history-rates-from-monthly-volumes.md:25,,Spreadsheet sum of 36 periods of rates x calendar days is doable from the deck text; tol 50 stb. LESSON LEAK: /root/wt-b5-nextgen/src/content/courses/sim/advanced/m06-the-expert-reading/l01-the-story-so-far.md:23 '176923.83644033302 stb' and /root/wt-b5-nextgen/src/content/courses/sim/advanced/m02-the-history-schedule/l02-rates-from-volumes.md.
sim,advanced,validator_rules_refused,count,7.0,0.0,redesign,"[""zero_tol""]",True,"{""migration"": ""20261024a_w1_sim.sql"", ""wave"": ""w1"", ""rekey"": {""key"": ""validator_error_messages"", ""label"": ""Validator error messages across the seven cases"", ""unit"": ""count"", ""expected"": 8.0, ""tol"": 0.0}, ""rekey_annot"": {""source"": ""nextgen-panel"", ""source_ref"": ""src/components/course/panels/sim/BuildExplorer.jsx:139-145 (Validation mode lists each case's errors); src/components/course/panels/sim/simLab.js validationCases()"", ""printed"": ""integer"", ""display_scale"": 1, ""display_ref"": ""src/components/course/panels/sim/BuildExplorer.jsx:141 one line per message"", ""prompt_precision"": null, ""answer_space"": 8, ""guess_p"": 0.125, ""evidence"": ""Counted from the listed messages in Validation mode: no title 1, no start date 2, layer count 1, well outside grid 1, completion below layers 1, single-node PVT 1, history off start date 1 = 8 (simLab.test.js pins it). No tile prints 8; the Rules exercised tile prints 7, the case count, which now fails. Validation mode is not the panel's default mode (default is trajectory)."", ""class"": ""none"", ""owner_decision"": false, ""leak"": false}}",nextgen-panel,integer,1.0,,0.0,8,0.125,False,"{""redesign"": ""Replace with a measured count the learner must produce, e.g. 'validator error messages across the seven cases' (8, counted from the listed messages in the same Validation view), or re-case with a mutated spec the learner builds; either way remove the value from l02-working-the-capstone.md:47.""}",/root/wt-b5-nextgen/src/components/course/panels/sim/BuildExplorer.jsx:133 (Validation mode),"/root/wt-b5-nextgen/src/components/course/panels/sim/BuildExplorer.jsx:133 fmt(cases.length, 0) 'Rules exercised 7'","Integer, tol 0. The tile counts the fixture's seven broken specs and every one is refused by construction ('every one stops the deck', BuildExplorer.jsx:149-150), so the tile IS the answer. LESSON LEAK: /root/wt-b5-nextgen/src/content/courses/sim/advanced/m06-the-expert-reading/l02-working-the-capstone.md:47 'the message count is eight where the case count is seven'."
sim,advanced,equil_datum_depth_ft,ft,5129.97013005754,0.05,none,[],True,,nextgen-panel,"{""decimals"": 2}",1.0,,0.00013005753953621024,,,True,"{""redesign"": ""Keep the key, label and unit; re-case the capstone input (see recommendation) so the value is no longer printed in the lessons or on the panel's default state.""}",/root/wt-b5-nextgen/src/components/course/panels/sim/BuildExplorer.jsx:135 / /root/wt-b5-nextgen/src/components/course/panels/sim/StructureExplorer.jsx:111,"/root/wt-b5-nextgen/src/components/course/panels/sim/BuildExplorer.jsx:135 fmt(datum, 2)","Printed 5,129.97, rounding 3e-5 inside tol 0.05. LESSON LEAK: /root/wt-b5-nextgen/src/content/courses/sim/advanced/m06-the-expert-reading/l01-the-story-so-far.md:47 '5129.97013005754 ft'."
stimulation,beginner,hawkins_s_before,,15.898452901112533,5e-07,none,[],False,,hand-calc,full,1.0,,0.0,,,False,,src/content/courses/stimulation/beginner (Hawkins lessons) + src/content/courses/stimulation/beginner/m06-the-associate-reading/l02-working-the-capstone.md,src/components/course/panels/stimulation/AcidExplorer.jsx:53,"s = (k/ks - 1) ln(rs/rw) = 7 ln(1.2/0.123825) = 15.8984529; closed form taught, all inputs in the prompt (rw = 4.875 x 0.0254). tol 5e-7 is fine at full precision."
stimulation,beginner,sandstone_volume_m3,m3,42.0945614782356,5e-07,none,[],False,,hand-calc,full,1.0,,0.0,,,False,,src/content/courses/stimulation/beginner (sandstone planning lessons) + src/content/courses/stimulation/beginner/m06-the-associate-reading/l02-working-the-capstone.md,src/components/course/panels/stimulation/AcidExplorer.jsx:177,"V = PVf pi (ra^2 - rw^2) h phi = 1.5 pi (0.64 - 0.123825^2) 65 x 0.22 = 42.0945615; closed form, full precision."
stimulation,beginner,sandstone_s_after,,2.8382557567571496,5e-07,none,[],False,,hand-calc,full,1.0,,0.0,,,False,,src/content/courses/stimulation/beginner + src/content/courses/stimulation/beginner/m06-the-associate-reading/l02-working-the-capstone.md,src/components/course/panels/stimulation/AcidExplorer.jsx:179,s_after = (k/ks - 1) ln(rs/ra) = 7 ln(1.5) = 2.8382558 since ra 0.8 < rs 1.2; the walkthrough teaches 'ask whether the front reaches the damage'. Full precision hand-calc.
stimulation,beginner,carbonate_rwh_m,m,0.531456321656052,5e-08,none,[],False,,hand-calc,full,1.0,,0.0,,,False,,src/content/courses/stimulation/beginner + src/content/courses/stimulation/beginner/m06-the-associate-reading/l02-working-the-capstone.md,src/components/course/panels/stimulation/AcidExplorer.jsx:286,"rWh = sqrt(rw^2 + V/(pi h phi PVbt)) = 0.5314563 m (acidizing.js carbonateAcid); closed form from prompt inputs, tol 5e-8 fine at full precision."
stimulation,beginner,carbonate_skin,,-1.4567517365442468,5e-07,none,[],False,,hand-calc,full,1.0,,0.0,,,False,,src/content/courses/stimulation/beginner + src/content/courses/stimulation/beginner/m06-the-associate-reading/l02-working-the-capstone.md,src/components/course/panels/stimulation/AcidExplorer.jsx:287,"s = -ln(rWh/rw) = -1.4567517; closed form, full precision."
stimulation,beginner,q_max_matrix_m3s,m3/s,9.644175015806953e-05,5e-11,display,"[""display_miss""]",False,,unobtainable,"{""sigfigs"": 5}",1.0,,2.4984193046936973e-10,,,True,"{""display"": ""src/components/course/panels/stimulation/AcidExplorer.jsx:385-406 (ceiling view) -> add a measured-depth NumField and print, from STATIONS and CURVES already exported by stimulationLab.js:33-37, the TVD, the Shmin (frac pressure) and Pp at that MD in Pa to full precision, plus rw/re/k/h inputs; the ceiling tile at :398 prints toExponential(4), 5 sig figs, which is coarser than tol 5e-11 on 9.644e-5 (half a unit is 5e-10), so also print it as toExponential(7)""}",src/content/courses/stimulation/beginner/m06-the-associate-reading/l02-working-the-capstone.md; generator /root/dr-wip-stimulation/dr10_fields.mjs:56-88,src/components/course/panels/stimulation/AcidExplorer.jsx:398,"q = 2 pi k h (pFrac - pRes)/(mu (ln(re/rw) + s)) needs pFrac and pRes at the TVD of 2380 m MD. The generator gets them by average-angle TVD over the golden survey stations (2033.000192 m) and linear interpolation of the golden Shmin and Pp profiles (36554842.99 Pa, 22468999.12 Pa). No lesson or panel prints the survey, the profile or those two pressures: the only printed pressures are the published case's 38.13195 MPa / 23.73069 MPa at 2124.9 m TVD (AcidExplorer.jsx:405-406, beginner m05 l02 table). A learner using them gets 9.8601e-5 m3/s, 2.2 percent off against tol 5e-11 (0.05 percent)."
stimulation,intermediate,e_prime_pa,Pa,33627574611.181168,500.0,none,[],False,,hand-calc,full,1.0,,0.0,,,False,,src/content/courses/stimulation/intermediate/m01-a-fracture-is-a-pressure-problem/l03-the-plane-strain-modulus.md + src/content/courses/stimulation/intermediate/m06-the-professional-reading/l02-working-the-capstone.md,src/components/course/panels/stimulation/FracExplorer.jsx:73,"E' = E/(1 - nu^2) = 32e9/(1 - 0.0484) = 33627574611.18 Pa; closed form, tol 500 Pa trivially met at full precision."
stimulation,intermediate,pkn_w_avg_m,m,0.0034883188616690705,5e-10,none,[],False,,hand-calc,full,1.0,,0.0,,,False,,"src/content/courses/stimulation/intermediate/m02-two-two-dimensional-models/l01-pkn.md, l04-the-widths-they-give.md",src/components/course/panels/stimulation/FracExplorer.jsx:64,"w_max = 2.31 (q mu xf / E')^0.25, w_avg = (pi/5) w_max = 0.0034883189 m; constant 2.31 and the shape factor are taught (l01-pkn.md) and in the prompt. Full precision hand-calc."
stimulation,intermediate,pkn_p_net_pa,Pa,2222555.25497038,500.0,none,[],False,,hand-calc,full,1.0,,0.0,,,False,,src/content/courses/stimulation/intermediate/m03-width-net-pressure-and-height/l03-net-pressure-from-width.md,src/components/course/panels/stimulation/FracExplorer.jsx:65,"p_net = E' w_max/(2 hf) = 2222555.255 Pa; closed form, tol 500 Pa, full precision."
stimulation,intermediate,kgd_w_avg_m,m,0.007732250756687415,5e-10,none,[],False,,hand-calc,full,1.0,,0.0,,,False,,src/content/courses/stimulation/intermediate/m02-two-two-dimensional-models/l02-kgd.md,src/components/course/panels/stimulation/FracExplorer.jsx:68,"w_max = 3.22 (q mu xf^2/(E' hf))^0.25, w_avg = (pi/4) w_max = 0.0077322508 m; taught constants, full precision."
stimulation,intermediate,eta_frac,,0.3169056621158875,5e-07,none,[],False,,hand-calc,full,1.0,,0.0,,,False,,"src/content/courses/stimulation/intermediate/m04-material-balance/l02-the-nolte-factor.md, l04-pump-time.md, l05-a-fixed-point-not-a-formula.md",src/components/course/panels/stimulation/FracExplorer.jsx:342,"Fixed point: KL(eta) = ((8/3) eta + pi (1 - eta))/2 (l02), qi ti = Vf + KL CL (2 Af) sqrt(ti) as a quadratic in sqrt(ti) (l04), start eta 0.5 and iterate to 1e-12 (l05). The lessons teach the loop explicitly, so a spreadsheet reproduces 0.3169056621 (9 iterations). tol 5e-7 is fine."
stimulation,intermediate,ti_s,s,1495.7163326395373,5e-05,none,[],False,,hand-calc,full,1.0,,0.0,,,False,,"src/content/courses/stimulation/intermediate/m04-material-balance/l04-pump-time.md, l05-a-fixed-point-not-a-formula.md",src/components/course/panels/stimulation/FracExplorer.jsx:344,Same taught fixed point gives ti = 1495.7163326 s; tol 5e-5 s at full precision.
stimulation,advanced,pad_frac,,0.5187116720164883,5e-07,none,[],False,,hand-calc,full,1.0,,0.0,,,False,,src/content/courses/stimulation/advanced/m01-the-pad-and-the-ramp + src/content/courses/stimulation/advanced/m06-the-expert-reading/l02-working-the-capstone.md,src/components/course/panels/stimulation/PackExplorer.jsx:45,eps = (1 - eta)/(1 + eta) with eta from the Professional capstone = 0.5187117; the prompt states the form. Full precision.
stimulation,advanced,prop_mass_kg,kg,30620.462967731102,0.0005,none,[],False,,hand-calc,full,1.0,,0.0,,,False,,src/content/courses/stimulation/advanced/m02-from-slurry-to-pack/l01-the-placed-mass.md:11,src/components/course/panels/stimulation/FracExplorer.jsx:353,M = c_EOJ qi (ti - t_pad)/(1 + eps) = 950 x 0.068 x 719.8708/1.5187 = 30620.46297 kg; formula printed in the lesson. tol 5e-4 kg is fine at full precision.
stimulation,advanced,wp_m,m,0.0020169829084513797,5e-10,none,[],False,,hand-calc,full,1.0,,0.0,,,False,,"src/content/courses/stimulation/advanced/m02-from-slurry-to-pack (areal concentration, bulk density) + src/content/courses/stimulation/advanced/m06-the-expert-reading/l02-working-the-capstone.md",src/components/course/panels/stimulation/PackExplorer.jsx:189,wp = M/(2 xf hf)/(rho (1 - phi)) = 3.3139029/(2650 x 0.62) = 0.0020169829 m; taught in steps four and five of the worked lesson. Full precision.
stimulation,advanced,cfd,,2.612909676857469,5e-07,none,[],False,,hand-calc,full,1.0,,0.0,,,False,,src/content/courses/stimulation/advanced/m03-conductivity + src/content/courses/stimulation/advanced/m06-the-expert-reading/l02-working-the-capstone.md,src/components/course/panels/stimulation/PackExplorer.jsx:199,"Cfd = (95 x 9.869233e-13 x 0.6 x wp)/(0.4 x 9.869233e-16 x 110) = 2.6129097; the conversion 9.869233e-16 m2/mD is stated in the worked lesson, kf is given in the prompt (no stress-table lookup). Full precision."
stimulation,advanced,s_f,,-5.623051793770081,5e-07,none,[],False,,hand-calc,full,1.0,,0.0,,,False,,src/content/courses/stimulation/advanced/m04-the-fracture-as-a-skin/l02-the-f-function.md:11,src/components/course/panels/stimulation/PackExplorer.jsx:247,"f(u) = (1.65 - 0.328u + 0.116u^2)/(1 + 0.18u + 0.064u^2 + 0.005u^3), u = ln Cfd, sF = f - ln(xf/rw) = -5.6230518; the coefficients are printed in the lesson. Full precision."
stimulation,advanced,rw_prime_m,m,34.26641751153083,5e-08,none,[],False,,hand-calc,full,1.0,,0.0,,,False,,src/content/courses/stimulation/advanced/m04-the-fracture-as-a-skin + src/content/courses/stimulation/advanced/m06-the-expert-reading/l02-working-the-capstone.md,src/components/course/panels/stimulation/PackExplorer.jsx:248,rw' = rw exp(-sF) = 34.2664175 m; closed form. tol 5e-8 (relative 1.5e-9) is tight for the end of a long chain but holds at full double precision; a learner who rounds eta or ti to 6 decimals upstream can drift past it.
supply,beginner,okomu_t1_gross_m3,m3,2253.615395,0.01,none,[],False,,hand-calc,full,1.0,2,0.0,,,False,,"/root/wt-b5-nextgen/src/content/courses/supply/beginner/m02-the-strapping-table, m03-free-water-and-the-gross-volume","/root/wt-b5-nextgen/src/components/course/panels/supply/TankExplorer.jsx:148 (fmt.m3, 3 dp, but on the teaching AKODO tables only)",Linear interpolation on the prompt's two strapping entries for dip and water cut: 2282.417 + 37/200*54.344 - 143/200*54.343 = 2253.615395; tol 0.01 >= 0.005 (half a unit at 2 dp).
supply,beginner,okomu_t1_standard_m3,m3,2223.867671786,0.01,none,[],False,,hand-calc,full,1.0,2,0.0,,,False,,/root/wt-b5-nextgen/src/content/courses/supply/beginner/m04-the-volume-correction-factor,,"GOV x VCF 0.9868 = 2223.8677; rounding GOV to 2 dp first moves it by at most 0.005, inside tol 0.01. The panel's VCF box (TankExplorer.jsx:200) is editable but its tables are AKODO's."
supply,beginner,okomu_t2_standard_m3,m3,95.360486872,0.01,none,[],False,,hand-calc,full,1.0,2,0.0,,,False,,/root/wt-b5-nextgen/src/content/courses/supply/beginner/m02-m04,,Same interpolation and VCF on OK-2's entries; reproduces 95.3605; tol 0.01.
supply,beginner,okomu_expected_closing_m3,m3,2324.45,0.01,none,[],False,,hand-calc,full,1.0,2,0.0,,,False,,/root/wt-b5-nextgen/src/content/courses/supply/beginner/m05-closing-the-day,/root/wt-b5-nextgen/src/components/course/panels/supply/TankExplorer.jsx:277 (fmt.m3; day inputs editable at :261-265),2498.45 + 1180 - 1352.6 - 1.4 = 2324.45 exactly; the day-mode panel also takes these inputs and prints 3 dp.
supply,beginner,okomu_unaccounted_m3,m3,-5.221841342000062,0.01,none,[],False,,hand-calc,full,1.0,2,0.0,,,False,,/root/wt-b5-nextgen/src/content/courses/supply/beginner/m05-closing-the-day,/root/wt-b5-nextgen/src/components/course/panels/supply/TankExplorer.jsx:279,"Dipped closing (sum of the two standard volumes) minus expected = -5.2218; with 2 dp standard volumes a learner gets -5.22, 0.0018 away, inside tol 0.01. Sign convention (loss negative) is stated in the prompt."
supply,beginner,okomu_tolerance_m3,m3,4.55868,0.01,none,[],False,,hand-calc,full,1.0,2,0.0,,,False,,/root/wt-b5-nextgen/src/content/courses/supply/beginner/m05-closing-the-day,"/root/wt-b5-nextgen/src/components/course/panels/supply/TankExplorer.jsx:281,284","0.18 percent of throughput (receipts plus deliveries, the panel labels it so at :284) = 0.0018 x 2532.6 = 4.55868; 2 dp answer 4.56 is 0.0013 away, tol 0.01."
supply,intermediate,ogwashi_rack_probability_of_waiting,probability,0.6366683941275083,0.0001,none,[],False,,nextgen-panel,"{""decimals"": 6}",1.0,4,3.9412750829637133e-07,,,False,,"/root/wt-b5-nextgen/src/components/course/panels/supply/DepotExplorer.jsx:48-57 (rack mode, arrivals/load minutes/bays are editable NumBox/Stepper)",/root/wt-b5-nextgen/src/components/course/panels/supply/DepotExplorer.jsx:57 fmt.prob; /root/wt-b5-nextgen/src/components/course/panels/supply/supplyLab.js:234-248 (PRINT widths),"Typing 14 / 26 / 7 into the rack mode prints Erlang C at 6 dp (PRINT.prob 6); tol 0.0001 >= half a unit at the prompt's 4 dp. The lessons (intermediate m01 l03/l04) name the Erlang B recursion but give no formula, so the panel is the route; Erlang C is also a standard spreadsheet formula. Reproduced 0.636668394."
supply,intermediate,ogwashi_rack_mean_wait_min,minutes,17.735762407837736,0.01,none,[],False,,nextgen-panel,"{""decimals"": 4}",1.0,2,3.759216226484341e-05,,,False,,/root/wt-b5-nextgen/src/components/course/panels/supply/DepotExplorer.jsx:58,/root/wt-b5-nextgen/src/components/course/panels/supply/DepotExplorer.jsx:58 fmt.min; /root/wt-b5-nextgen/src/components/course/panels/supply/supplyLab.js:234-248 (PRINT widths),Mean wait prints at 4 dp (PRINT.min 4); tol 0.01 >= 0.005. Reproduced 17.7358 = C/(c mu - lambda) x 60.
supply,intermediate,ogwashi_pumpable_stock_m3,m3,5729.4,0.01,none,[],False,,hand-calc,full,1.0,2,0.0,,,False,,/root/wt-b5-nextgen/src/content/courses/supply/intermediate/m03-the-tank-farm,"/root/wt-b5-nextgen/src/components/course/panels/supply/DepotExplorer.jsx:136 (fmt.m3, but tank capacities/heels are the teaching farm; only stocks are editable at :112)","Sum of max(stock - heel, 0): 3947.5 + 0 + 1781.9 = 5729.4 exactly; the below-heel OG-2 trap is taught (DepotExplorer.jsx:142-143 note, m03)."
supply,intermediate,ogwashi_days_of_cover,days,3.2553409090909087,0.01,none,[],False,,hand-calc,full,1.0,2,0.0,,,False,,/root/wt-b5-nextgen/src/content/courses/supply/intermediate/m03-the-tank-farm,/root/wt-b5-nextgen/src/components/course/panels/supply/DepotExplorer.jsx:137 fmt.days 4 dp,"5729.4 / 1760 = 3.25534; 2 dp 3.26 is 0.0047 away, inside tol 0.01. The pipeline receipt of 1240 is a distractor ('on its liftings')."
supply,intermediate,ogwashi_cost_per_litre_delivered_ngn,naira a litre,12.093276,0.0001,none,[],False,,nextgen-panel,"{""decimals"": 4}",1.0,4,2.3999999999801958e-05,,,False,,/root/wt-b5-nextgen/src/components/course/panels/supply/DepotExplorer.jsx:217 (lane inputs editable NumBox) and :229,/root/wt-b5-nextgen/src/components/course/panels/supply/DepotExplorer.jsx:229 fmt.localL 4 dp; /root/wt-b5-nextgen/src/components/course/panels/supply/supplyLab.js:234-248 (PRINT widths),Lane mode prints cost a litre delivered at 4 dp; tol 0.0001 >= 0.00005. Also a closed form (fuelPricing.js:454-530): reproduced 12.093276 from the prompt inputs with full-precision cost per trip.
supply,intermediate,ogwashi_trucks_required,trucks,67.0,0.5,none,[],False,,nextgen-panel,integer,1.0,0,0.0,,,False,,/root/wt-b5-nextgen/src/components/course/panels/supply/DepotExplorer.jsx:247,/root/wt-b5-nextgen/src/components/course/panels/supply/DepotExplorer.jsx:247 txt(fl.trucksRequired),Integer ceiling of 2350000/42000/0.84491 trips = ceil(66.22) = 67; the Trucks required tile prints the integer; tol 0.5 on an integer is exact-match and honest. Not near a ceiling boundary (66.22).
supply,advanced,oron_cif_usd,USD,22094815.93,0.01,none,[],False,,hand-calc,full,1.0,2,0.0,,,False,,/root/wt-b5-nextgen/src/content/courses/supply/advanced/m02-the-landed-cost-walk/l03-insurance-quoted-on-cif.md:11,/root/wt-b5-nextgen/src/components/course/panels/supply/PriceExplorer.jsx:104 fmt.usd 2 dp,CIF = C&F / (1 - 0.00175) = 22056150 / 0.99825 = 22094815.9279; the lesson gives the closed form; the price panel also takes the rates (:96) and prints 2 dp; tol 0.01 >= 0.005.
supply,advanced,oron_landed_total_usd,USD,24063059.78,0.01,none,[],False,,hand-calc,full,1.0,2,0.0,,,False,,/root/wt-b5-nextgen/src/content/courses/supply/advanced/m02-the-landed-cost-walk,/root/wt-b5-nextgen/src/components/course/panels/supply/PriceExplorer.jsx:105 fmt.usd 2 dp,CIF x (1 + 0.0625 + 0.0125) + 2.85/t + 48000 + 0.0019/L + (1.35 + 2.1)/m3 on bill-of-lading volume = 24063059.7817; tol 0.01.
supply,advanced,oron_landed_per_litre_ngn,naira a litre,1056.483,0.0001,none,[],False,,hand-calc,full,1.0,4,0.0,,,False,,/root/wt-b5-nextgen/src/content/courses/supply/advanced/m03-ocean-loss-and-the-litre-sold,/root/wt-b5-nextgen/src/components/course/panels/supply/PriceExplorer.jsx:152 fmt.localL 4 dp,Total x 1487.6 / outturn litres (BL litres x 0.9965) = 1056.48300; tol 0.0001 >= half a unit at 4 dp.
supply,advanced,oron_pump_price_ngn,naira a litre,1243.7216,0.0001,none,[],False,,hand-calc,full,1.0,4,0.0,,,False,,/root/wt-b5-nextgen/src/content/courses/supply/advanced/m04-from-depot-gate-to-nozzle,/root/wt-b5-nextgen/src/components/course/panels/supply/PriceExplorer.jsx:205 fmt.localL 4 dp,"(1056.4830 + 122.4) x 1.055 = 1243.721565, expected 1243.7216 (engine round to 4 dp, fuelPricing.js:395); a 4 dp answer matches; tol 0.0001."
supply,advanced,oron_government_share_ngn,naira a litre,73.2386,0.0001,none,[],False,,hand-calc,full,1.0,4,0.0,,,False,,/root/wt-b5-nextgen/src/content/courses/supply/advanced/m04-from-depot-gate-to-nozzle,/root/wt-b5-nextgen/src/components/course/panels/supply/PriceExplorer.jsx:231 fmt.localL 4 dp (waterfall grouped by recipient),"Levies 8.4 + VAT 0.055 x 1178.883 = 73.238565, expected 73.2386; either rounding is within tol 0.0001."
supply,advanced,oron_breakeven_fx,naira to the dollar,1682.8320980072021,0.01,none,[],False,,hand-calc,full,1.0,2,0.0,,,False,,/root/wt-b5-nextgen/src/content/courses/supply/advanced/m05-what-breaks-the-price/l02-bisection-inside-a-bracket.md,/root/wt-b5-nextgen/src/components/course/panels/supply/PriceExplorer.jsx:268 fmt.fx 4 dp (bracket and cap editable at :246-248),"Pump price is linear in FX so the closed form (1390/1.055 - 122.4) / (USD per litre sold) = 1682.83222; engine bisection gives 1682.83210; both round to 1682.83, within tol 0.01. The lesson teaches bisection and the panel runs it at 4 dp."
surveillance,beginner,a4_low_day_gor_scfstb,scf/stb,1698.4126984126983,0.00085,none,[],False,,hand-calc,full,1.0,,0.0,,,False,,/root/wt-b5-nextgen/src/content/courses/surveillance/beginner/m03-the-ratios-a-row-carries/l02-the-gas-oil-ratio-is-per-barrel-of-oil.md,,1000 x 107 / 63 = 1698.4127 on the 2026-04-22 row. Reproduced exactly from the prompt ledger with spreadsheet arithmetic (no iteration or fit).
surveillance,beginner,a6_producing_day_oil_stbd,stb/d,626.3157894736842,0.00032,none,[],False,,hand-calc,full,1.0,,0.0,,,False,,/root/wt-b5-nextgen/src/content/courses/surveillance/beginner/m02-the-producing-day-rate,,297.5 x 24 / 11.4 = 626.3158. Reproduced exactly from the prompt ledger with spreadsheet arithmetic (no iteration or fit).
surveillance,beginner,field_kpi_oil_stbd,stb,1623.285556723959,0.00082,none,[],False,,hand-calc,full,1.0,,0.0,,,False,,/root/wt-b5-nextgen/src/content/courses/surveillance/beginner/m05-the-field-kpis/l02-mean-rates-and-the-ratios-of-means.md,,Mean of the seven daily field oil totals (AKASO-12 files no row in the window) = 1623.2856. Reproduced exactly from the prompt ledger with spreadsheet arithmetic (no iteration or fit).
surveillance,beginner,field_kpi_watercut_frac,fraction,0.2935587576910614,1.5e-07,none,[],False,,hand-calc,full,1.0,,0.0,,,False,,/root/wt-b5-nextgen/src/content/courses/surveillance/beginner/m05-the-field-kpis/l02-mean-rates-and-the-ratios-of-means.md,,Mean water / (mean oil + mean water) = 0.29355876; tol 1.5e-7 needs seven decimals. Reproduced exactly from the prompt ledger with spreadsheet arithmetic (no iteration or fit).
surveillance,beginner,field_kpi_gor_scfstb,scf/stb,666.0858982538897,0.00034,none,[],False,,hand-calc,full,1.0,,0.0,,,False,,/root/wt-b5-nextgen/src/content/courses/surveillance/beginner/m05-the-field-kpis/l02-mean-rates-and-the-ratios-of-means.md,,1000 x mean gas / mean oil = 666.0859. Reproduced exactly from the prompt ledger with spreadsheet arithmetic (no iteration or fit).
surveillance,beginner,field_kpi_uptime_pct,per cent,86.83035714285714,4.4e-05,none,[],False,,hand-calc,full,1.0,,0.0,,,False,,/root/wt-b5-nextgen/src/content/courses/surveillance/beginner/m05-the-field-kpis/l03-uptime-and-who-is-in-it.md,,"Sum of hours over 24 x 28 rows (injector skipped, AKASO-12 absent) x 100 = 86.830357. Reproduced exactly from the prompt ledger with spreadsheet arithmetic (no iteration or fit)."
surveillance,intermediate,a4_recent_oil_mean_stbd,stb,525.2857142857143,0.00027,none,[],False,,hand-calc,full,1.0,,0.0,,,False,,/root/wt-b5-nextgen/src/content/courses/surveillance/intermediate/m01-two-windows-on-one-well/l02-where-the-windows-start-and-end.md,,Mean of the last seven AKASO-4 oil volumes = 525.2857. Reproduced exactly from the prompt ledger with spreadsheet arithmetic (no iteration or fit).
surveillance,intermediate,a4_baseline_oil_mean_stbd,stb,1178.8333333333333,0.00059,none,[],False,,hand-calc,full,1.0,,0.0,,,False,,/root/wt-b5-nextgen/src/content/courses/surveillance/intermediate/m01-two-windows-on-one-well/l02-where-the-windows-start-and-end.md,,Five whole cycles: sum of the six cycle values / 6 = 1178.8333 (the prompt states this check). Reproduced exactly from the prompt ledger with spreadsheet arithmetic (no iteration or fit).
surveillance,intermediate,a6_recent_hours_mean_h,h,11.357142857142858,5.7e-06,none,[],False,,hand-calc,full,1.0,,0.0,,,False,,/root/wt-b5-nextgen/src/content/courses/surveillance/intermediate/m01-two-windows-on-one-well,,Mean of the seven AKASO-6 hours = 11.357143. Reproduced exactly from the prompt ledger with spreadsheet arithmetic (no iteration or fit).
surveillance,intermediate,alloc_oil_factor_last_day,dimensionless,0.5761161637277346,2.9e-07,none,[],False,,hand-calc,full,1.0,,0.0,,,False,,/root/wt-b5-nextgen/src/content/courses/surveillance/intermediate/m04-one-meter-many-wells/l03-the-factor-is-the-output.md,,"Metered oil (1.012 x true oil of four producers) over the theoreticals of the tests in force (AKASO-4 2026-04-02, AKASO-6, AKASO-8; AKASO-12 test aged out, invalid excluded) = 0.57611616. Reproduced exactly from the prompt ledger with spreadsheet arithmetic (no iteration or fit)."
surveillance,intermediate,alloc_a8_oil_stb,stb,18243.07556609792,0.0092,none,[],False,,hand-calc,full,1.0,,0.0,,,False,,/root/wt-b5-nextgen/src/content/courses/surveillance/intermediate/m04-one-meter-many-wells/l02-theoretical-rate-and-uptime.md,,905 x sum of the 21 daily oil factors = 18243.0756. Reproduced exactly from the prompt ledger with spreadsheet arithmetic (no iteration or fit).
surveillance,intermediate,imbalance_oil_pct_last_day,per cent,15.165481821983997,7.6e-06,none,[],False,,hand-calc,full,1.0,,0.0,,,False,,/root/wt-b5-nextgen/src/content/courses/surveillance/intermediate/m05-what-the-meter-and-the-model-say/l01-the-imbalance-an-engineer-chases.md,,(metered - booked) / booked x 100 on 2026-04-25 = 15.165482. Reproduced exactly from the prompt ledger with spreadsheet arithmetic (no iteration or fit).
surveillance,advanced,seam_a4_gor_mean_of_ratios_scfstb,scf/stb,1299.5858432518382,0.00065,none,[],False,,hand-calc,full,1.0,,0.0,,,False,,/root/wt-b5-nextgen/src/content/courses/surveillance/advanced/m01-one-ratio-read-two-ways/l01-a-mean-of-ratios-and-a-ratio-of-sums.md,,Mean of the seven daily 1000 g/o ratios = 1299.5858. Reproduced exactly from the prompt ledger with spreadsheet arithmetic (no iteration or fit).
surveillance,advanced,seam_a4_gor_volumetric_scfstb,scf/stb,816.4264345934184,0.00041,none,[],False,,hand-calc,full,1.0,,0.0,,,False,,/root/wt-b5-nextgen/src/content/courses/surveillance/advanced/m01-one-ratio-read-two-ways/l01-a-mean-of-ratios-and-a-ratio-of-sums.md,,1000 x sum gas / sum oil = 816.4264. Reproduced exactly from the prompt ledger with spreadsheet arithmetic (no iteration or fit).
surveillance,advanced,seam_a4_watercut_mean_of_ratios_frac,fraction,0.5495040840900905,2.8e-07,none,[],False,,hand-calc,full,1.0,,0.0,,,False,,/root/wt-b5-nextgen/src/content/courses/surveillance/advanced/m01-one-ratio-read-two-ways/l01-a-mean-of-ratios-and-a-ratio-of-sums.md,,Mean of the seven daily w/(o + w) = 0.54950408. Reproduced exactly from the prompt ledger with spreadsheet arithmetic (no iteration or fit).
surveillance,advanced,alloc_oil_factor_last_day_with_invalid_tests,dimensionless,0.49505753140085595,2.5e-07,none,[],False,,hand-calc,full,1.0,,0.0,,,False,,"/root/wt-b5-nextgen/src/content/courses/surveillance/intermediate/m04-one-meter-many-wells (the allocation, re-run with the invalid AKASO-12 test in force at default 24 h)",,Same factor with AKASO-12's 402 stb/d test in the sum = 0.49505753. Reproduced exactly from the prompt ledger with spreadsheet arithmetic (no iteration or fit).
surveillance,advanced,decline_a8_effective_pct,per cent,53.53635466831279,2.7e-05,none,[],False,,hand-calc,full,1.0,,0.0,,,False,,/root/wt-b5-nextgen/src/content/courses/surveillance/advanced/m06-the-expert-reading/l02-working-the-capstone.md,,(1 - exp(-0.0021 x 365)) x 100 = 53.536355. Reproduced exactly from the prompt ledger with spreadsheet arithmetic (no iteration or fit).
surveillance,advanced,lift_a4_liquid_rate_bpd,bbl/d,950.0794836795422,0.00048,none,[],False,,hand-calc,full,1.0,,0.0,,,False,,/root/wt-b5-nextgen/src/content/courses/surveillance/advanced/m05-one-rate-two-phases/l01-the-handoff-between-two-halves.md,,AKASO-4 allocated oil on 2026-04-25 (671.17533) / (1 - field KPI watercut 0.29355876) = 950.07948. Reproduced exactly from the prompt ledger with spreadsheet arithmetic (no iteration or fit).
torquedrag,beginner,buoyancy_factor_1500,-,0.8089171974522293,5e-07,none,[],False,,hand-calc,full,1.0,,0.0,,,False,,/root/wt-b5-nextgen/src/content/courses/torquedrag/beginner/m06-the-associate-reading/l02-working-the-capstone.md,,"1 - 1500/7850 = 0.808917197..., one division and one subtraction; the capstone lesson warns tol 5e-7 and says to carry the full division. StringExplorer prints the factor to 10 decimals at 1440 (StringExplorer.jsx:60), which is a method check, not a leak."
torquedrag,beginner,vertical_hookload_N,N,725456.7587525246,0.5,none,[],False,,hand-calc,"{""decimals"": 4}",1.0,,4.747533239424229e-05,,,False,,/root/wt-b5-nextgen/src/components/course/panels/torquedrag/StringExplorer.jsx:46-62,/root/wt-b5-nextgen/src/components/course/panels/torquedrag/StringExplorer.jsx:52 (weight kg/m fmt 4 decimals); :61 air weight kN to 3 decimals; note at :73-74 prints the 1440 closed form to 6 decimals,"Buoyed weight = sum(weight x length) x 9.80665 x 0.808917197. From the component table's 4-decimal weights it is 725456.378, 0.38 N from 725456.759 (tol 0.5); from the air-weight tile (kN to 3 decimals) x BF the error is at most 0.40 N."
torquedrag,beginner,slant_pickup_hookload_N,N,1093364.404907054,0.5,none,[],False,"{""wave"": ""w4a"", ""route"": ""typed-case panel mode (W4a)"", ""migration"": ""20261027a_w4_torquedrag.sql""}",nextgen-panel,"{""decimals"": 2}",1.0,,0.00490705412812531,,,False,,"src/components/course/panels/torquedrag/StringExplorer.jsx mud density box 1500, Hookload against depth view, well slant","src/components/course/panels/torquedrag/StringExplorer.jsx Tile 'Pick up' N(v) = fmt(v, 2) newtons","Typing 1500 into the string explorer's mud box and selecting the slant well in the hookload view prints this hookload in N to 2 dp, within tol 0.5 of the key (panelCapstoneGuard.test.js 'THE ROUTE'). The explorers open with the mud box blank (the lessons' 1440 kg/m3), and no view at any well or operation it offers lands on a graded answer (panelCapstoneGuard)."
torquedrag,beginner,slant_slackoff_hookload_N,N,598767.1689649521,0.5,none,[],False,"{""wave"": ""w4a"", ""route"": ""typed-case panel mode (W4a)"", ""migration"": ""20261027a_w4_torquedrag.sql""}",nextgen-panel,"{""decimals"": 2}",1.0,,0.0010350479278713465,,,False,,"src/components/course/panels/torquedrag/StringExplorer.jsx mud density box 1500, Hookload against depth view, well slant","src/components/course/panels/torquedrag/StringExplorer.jsx Tile 'Slack off' N(v) = fmt(v, 2) newtons","Typing 1500 into the string explorer's mud box and selecting the slant well in the hookload view prints this hookload in N to 2 dp, within tol 0.5 of the key (panelCapstoneGuard.test.js 'THE ROUTE'). The explorers open with the mud box blank (the lessons' 1440 kg/m3), and no view at any well or operation it offers lands on a graded answer (panelCapstoneGuard)."
torquedrag,beginner,slant_drag_swing_N,N,494597.2359421019,0.5,none,[],False,"{""wave"": ""w4a"", ""route"": ""typed-case panel mode (W4a)"", ""migration"": ""20261027a_w4_torquedrag.sql""}",nextgen-panel,"{""decimals"": 2}",1.0,,0.004057898069731891,,,False,,"src/components/course/panels/torquedrag/StringExplorer.jsx mud density box 1500, Hookload against depth view, well slant","src/components/course/panels/torquedrag/StringExplorer.jsx Tile 'Total swing' N(v) = fmt(v, 2) newtons","Typing 1500 into the string explorer's mud box and selecting the slant well in the hookload view prints this hookload in N to 2 dp, within tol 0.5 of the key (panelCapstoneGuard.test.js 'THE ROUTE'). The explorers open with the mud box blank (the lessons' 1440 kg/m3), and no view at any well or operation it offers lands on a graded answer (panelCapstoneGuard)."
torquedrag,beginner,horizontal_slackoff_hookload_N,N,-16520.58505864785,0.5,none,[],False,"{""wave"": ""w4a"", ""route"": ""typed-case panel mode (W4a)"", ""migration"": ""20261027a_w4_torquedrag.sql""}",nextgen-panel,"{""decimals"": 2}",1.0,,0.004941352151945466,,,False,,"src/components/course/panels/torquedrag/StringExplorer.jsx mud density box 1500, Hookload against depth view, well horizontal","src/components/course/panels/torquedrag/StringExplorer.jsx Tile 'Slack off' N(v) = fmt(v, 2) newtons","Typing 1500 into the string explorer's mud box and selecting the horizontal well in the hookload view prints this hookload in N to 2 dp, within tol 0.5 of the key (panelCapstoneGuard.test.js 'THE ROUTE'). The explorers open with the mud box blank (the lessons' 1440 kg/m3), and no view at any well or operation it offers lands on a graded answer (panelCapstoneGuard)."
torquedrag,intermediate,buildhold_rot_torque_Nm,N.m,26687.478922047892,0.05,none,[],False,"{""wave"": ""w4a"", ""route"": ""typed-case panel mode (W4a)"", ""migration"": ""20261027a_w4_torquedrag.sql""}",nextgen-panel,"{""decimals"": 3}",1.0,,7.795210694894195e-05,,,False,,"src/components/course/panels/torquedrag/StringExplorer.jsx mud density box 1500, Every operation view, well buildhold, row rotate on bottom",src/components/course/panels/torquedrag/StringExplorer.jsx Every operation table column 'Surface torque (N.m)' at 3 dp,"Typing 1500 into the string explorer's mud box and selecting the buildhold well in the Every operation view prints this value on the rotate on bottom row at 3 dp, within its tol of the key (panelCapstoneGuard.test.js 'THE ROUTE'). The explorers open with the mud box blank (the lessons' 1440 kg/m3), and no view at any well or operation it offers lands on a graded answer (panelCapstoneGuard)."
torquedrag,intermediate,horizontal_rot_torque_Nm,N.m,24154.471040113644,0.05,none,[],False,"{""wave"": ""w4a"", ""route"": ""typed-case panel mode (W4a)"", ""migration"": ""20261027a_w4_torquedrag.sql""}",nextgen-panel,"{""decimals"": 3}",1.0,,4.011364217149094e-05,,,False,,"src/components/course/panels/torquedrag/StringExplorer.jsx mud density box 1500, Every operation view, well horizontal, row rotate on bottom",src/components/course/panels/torquedrag/StringExplorer.jsx Every operation table column 'Surface torque (N.m)' at 3 dp,"Typing 1500 into the string explorer's mud box and selecting the horizontal well in the Every operation view prints this value on the rotate on bottom row at 3 dp, within its tol of the key (panelCapstoneGuard.test.js 'THE ROUTE'). The explorers open with the mud box blank (the lessons' 1440 kg/m3), and no view at any well or operation it offers lands on a graded answer (panelCapstoneGuard)."
torquedrag,intermediate,buildhold_max_side_force_Npm,N/m,1156.5832934561317,0.005,none,[],False,"{""wave"": ""w4a"", ""route"": ""typed-case panel mode (W4a)"", ""migration"": ""20261027a_w4_torquedrag.sql""}",nextgen-panel,"{""decimals"": 4}",1.0,,6.543868266817299e-06,,,False,,"src/components/course/panels/torquedrag/StringExplorer.jsx mud density box 1500, Every operation view, well buildhold, row rotate on bottom",src/components/course/panels/torquedrag/StringExplorer.jsx Every operation table column 'Max side force (N/m)' at 4 dp,"Typing 1500 into the string explorer's mud box and selecting the buildhold well in the Every operation view prints this value on the rotate on bottom row at 4 dp, within its tol of the key (panelCapstoneGuard.test.js 'THE ROUTE'). The explorers open with the mud box blank (the lessons' 1440 kg/m3), and no view at any well or operation it offers lands on a graded answer (panelCapstoneGuard)."
torquedrag,intermediate,swell3d_backream_torque_Nm,N.m,15232.475119527086,0.05,none,[],False,"{""wave"": ""w4a"", ""route"": ""typed-case panel mode (W4a)"", ""migration"": ""20261027a_w4_torquedrag.sql""}",nextgen-panel,"{""decimals"": 3}",1.0,,0.00011952708518947475,,,False,,"src/components/course/panels/torquedrag/StringExplorer.jsx mud density box 1500, Every operation view, well swell3d, row backream",src/components/course/panels/torquedrag/StringExplorer.jsx Every operation table column 'Surface torque (N.m)' at 3 dp,"Typing 1500 into the string explorer's mud box and selecting the swell3d well in the Every operation view prints this value on the backream row at 3 dp, within its tol of the key (panelCapstoneGuard.test.js 'THE ROUTE'). The explorers open with the mud box blank (the lessons' 1440 kg/m3), and no view at any well or operation it offers lands on a graded answer (panelCapstoneGuard)."
torquedrag,intermediate,horizontal_slide_min_tension_N,N,-419384.71820713475,0.5,none,[],False,"{""wave"": ""w4a"", ""route"": ""typed-case panel mode (W4a)"", ""migration"": ""20261027a_w4_torquedrag.sql""}",nextgen-panel,"{""decimals"": 2}",1.0,,0.0017928652232512832,,,False,,"src/components/course/panels/torquedrag/StringExplorer.jsx mud density box 1500, Every operation view, well horizontal, row slide drill",src/components/course/panels/torquedrag/StringExplorer.jsx Every operation table column 'Min tension (N)' at 2 dp,"Typing 1500 into the string explorer's mud box and selecting the horizontal well in the Every operation view prints this value on the slide drill row at 2 dp, within its tol of the key (panelCapstoneGuard.test.js 'THE ROUTE'). The explorers open with the mud box blank (the lessons' 1440 kg/m3), and no view at any well or operation it offers lands on a graded answer (panelCapstoneGuard)."
torquedrag,intermediate,buildhold_mu_for_1100kN_pickup,-,0.4102238555495764,0.0005,none,[],False,"{""wave"": ""w4a"", ""route"": ""typed-case panel mode (W4a)"", ""migration"": ""20261027a_w4_torquedrag.sql""}",nextgen-panel,"{""decimals"": 8}",1.0,,4.450423585211638e-09,,,False,,"src/components/course/panels/torquedrag/FrictionExplorer.jsx mud density box 1500, Back it out of a trip view, well buildhold, observed pick-up 1100000 N","src/components/course/panels/torquedrag/FrictionExplorer.jsx Tile 'Open-hole friction factor' fmt(solved.mu, 8)","Typing 1500 into the friction explorer's mud box and 1100000 N as the observed pick-up on the build and hold well returns the bisected open-hole factor at 8 dp, within tol 0.0005 of the key (panelCapstoneGuard.test.js 'THE ROUTE'). The explorers open with the mud box blank (the lessons' 1440 kg/m3), and no view at any well or operation it offers lands on a graded answer (panelCapstoneGuard)."
torquedrag,advanced,dp_sinusoidal_limit_90deg_N,N,170426.18707539304,0.5,none,[],False,,hand-calc,full,1.0,,0.0,,,False,,/root/wt-b5-nextgen/src/content/courses/torquedrag/advanced/m01-compression/l03-the-sinusoidal-limit.md,"/root/wt-b5-nextgen/src/components/course/panels/torquedrag/BucklingExplorer.jsx:56-61 (EI fmt 3 decimals, buoyed weight N/m 4, clearance 6; at 1440 and the well hole)","Closed form 2 sqrt(EI w sin(inc) / r) taught in m01/l03 (its exercise supplies EI and w for the collars): EI from the pipe dimensions or the panel, w = 33.126528414 x 9.80665 x 0.808917197, r = (0.2159 - 0.127) / 2; full precision by hand."
torquedrag,advanced,dp_helical_limit_90deg_N,N,311611.86321571725,0.5,none,[],False,,hand-calc,full,1.0,,0.0,,,False,,/root/wt-b5-nextgen/src/content/courses/torquedrag/advanced/m01-compression/l04-the-helical-limit.md,,Sinusoidal limit x (2 sqrt 2 - 1) as taught in m01/l04; full precision.
torquedrag,advanced,hz_max_torsion_utilization,-,0.24042492498112686,5e-05,none,[],False,"{""wave"": ""w4a"", ""route"": ""typed-case panel mode (W4a)"", ""migration"": ""20261027a_w4_torquedrag.sql""}",nextgen-panel,"{""decimals"": 6}",1.0,,7.501887314131928e-08,,,False,,"src/components/course/panels/torquedrag/BucklingExplorer.jsx mud density box 1500, What the pipe has left view, well horizontal","src/components/course/panels/torquedrag/BucklingExplorer.jsx Tile 'As a fraction' fmt(u.maxTorsionUtilization, 6)","Typing 1500 into the buckling explorer's mud box prints the horizontal well's worst torsion utilization as a fraction to 6 dp, within tol 5e-5 of the key (panelCapstoneGuard.test.js 'THE ROUTE'). The explorers open with the mud box blank (the lessons' 1440 kg/m3), and no view at any well or operation it offers lands on a graded answer (panelCapstoneGuard)."
torquedrag,advanced,casing_sliding_distance_m,m,199830.26842990686,0.5,none,[],False,,hand-calc,full,1.0,,0.0,,,False,,/root/wt-b5-nextgen/src/content/courses/torquedrag/advanced/m03-casing-wear/l02-sliding-distance.md,,"2 pi r x rpm x 60 x hours summed over the two entries: 2 pi x 0.0841375 x (150 x 60 x 30 + 90 x 60 x 20) = 199830.268 m, the expression taught in m03/l02."
torquedrag,advanced,casing_max_wear_depth_mm,mm,3.537607641481055,0.0005,none,[],False,"{""wave"": ""w4a"", ""route"": ""typed-case panel mode (W4a)"", ""migration"": ""20261027a_w4_torquedrag.sql""}",nextgen-panel,"{""decimals"": 6}",1.0,,3.5851894519822736e-07,,,False,,"src/components/course/panels/torquedrag/BucklingExplorer.jsx mud density box 1500, Casing wear view, schedule rows 150 rpm x 30 h and 90 rpm x 20 h, wear factor 2","src/components/course/panels/torquedrag/BucklingExplorer.jsx Tile 'Worst wear depth' fmt(v, 6)","Typing 1500 into the mud box and the two schedule entries into the casing wear view's rows prints this value to 6 dp, within its tol of the key (panelCapstoneGuard.test.js 'THE ROUTE'). The explorers open with the mud box blank (the lessons' 1440 kg/m3), and no view at any well or operation it offers lands on a graded answer (panelCapstoneGuard)."
torquedrag,advanced,casing_worst_wall_loss_pct,percent,29.507604109511,0.005,none,[],False,"{""wave"": ""w4a"", ""route"": ""typed-case panel mode (W4a)"", ""migration"": ""20261027a_w4_torquedrag.sql""}",nextgen-panel,"{""decimals"": 6}",1.0,,1.09510999379836e-07,,,False,,"src/components/course/panels/torquedrag/BucklingExplorer.jsx mud density box 1500, Casing wear view, schedule rows 150 rpm x 30 h and 90 rpm x 20 h, wear factor 2","src/components/course/panels/torquedrag/BucklingExplorer.jsx Tile 'Worst wall loss' fmt(v, 6)","Typing 1500 into the mud box and the two schedule entries into the casing wear view's rows prints this value to 6 dp, within its tol of the key (panelCapstoneGuard.test.js 'THE ROUTE'). The explorers open with the mud box blank (the lessons' 1440 kg/m3), and no view at any well or operation it offers lands on a graded answer (panelCapstoneGuard)."
uncertainty,beginner,um_y5_royalty_musd,million USD,10.460333519999999,0.001,display,[],False,,hand-calc,full,1.0,4,0.0,,,True,"{""display"": ""/opt/petrolord-studio/workspaces/dev1/projects/petrolord-suite/src/components/npv/ResultsPanel.jsx:22/225-231 and :29 -> print money in million USD to 4 decimals (v/1e6).toFixed(4) in the Cashflow table and KPI cards, and add a sensitivity table (case NPV at each sweep multiplier) to 4 decimals""}",/root/wt-b5-nextgen/src/content/courses/uncertainty/beginner/m06-the-associate-reading/l02-working-the-capstone.md (steps one and two); beginner m02 l02 decline,/opt/petrolord-studio/workspaces/dev1/projects/petrolord-suite/src/components/npv/ResultsPanel.jsx:226 formatCurrency(row.royalty*1e6) compact,"0.175 x 3900 x 365 x 0.9^4 x 64 / 1e6 = 10.46033352, reproduced exactly. The named NPV Scenario Builder prints every money figure through formatCurrency = Intl compact currency (/opt/petrolord-studio/workspaces/dev1/projects/petrolord-suite/src/components/npv/ResultsPanel.jsx:22), so royalty reads '$10M' and NPV '$45M', about two significant figures against tol 0.001 million USD; the Excel export (ResultsPanel.jsx:57-72) carries full-precision cash flow rows and NPV but is never mentioned."
uncertainty,beginner,um_y4_tax_musd,million USD,14.305144251000002,0.001,display,[],False,,hand-calc,full,1.0,4,0.0,,,True,"{""display"": ""/opt/petrolord-studio/workspaces/dev1/projects/petrolord-suite/src/components/npv/ResultsPanel.jsx:22/225-231 and :29 -> print money in million USD to 4 decimals (v/1e6).toFixed(4) in the Cashflow table and KPI cards, and add a sensitivity table (case NPV at each sweep multiplier) to 4 decimals""}",/root/wt-b5-nextgen/src/content/courses/uncertainty/beginner/m06-the-associate-reading/l02-working-the-capstone.md step two,/opt/petrolord-studio/workspaces/dev1/projects/petrolord-suite/src/components/npv/ResultsPanel.jsx:229 compact,"0.38 x (rev - royalty - opex) in 2031 = 14.30514425, reproduced exactly. The named NPV Scenario Builder prints every money figure through formatCurrency = Intl compact currency (/opt/petrolord-studio/workspaces/dev1/projects/petrolord-suite/src/components/npv/ResultsPanel.jsx:22), so royalty reads '$10M' and NPV '$45M', about two significant figures against tol 0.001 million USD; the Excel export (ResultsPanel.jsx:57-72) carries full-precision cash flow rows and NPV but is never mentioned."
uncertainty,beginner,um_y11_ncf_musd,million USD,10.484178912667886,0.001,display,[],False,,hand-calc,full,1.0,4,0.0,,,True,"{""display"": ""/opt/petrolord-studio/workspaces/dev1/projects/petrolord-suite/src/components/npv/ResultsPanel.jsx:22/225-231 and :29 -> print money in million USD to 4 decimals (v/1e6).toFixed(4) in the Cashflow table and KPI cards, and add a sensitivity table (case NPV at each sweep multiplier) to 4 decimals""}",/root/wt-b5-nextgen/src/content/courses/uncertainty/beginner/m06-the-associate-reading/l02-working-the-capstone.md,/opt/petrolord-studio/workspaces/dev1/projects/petrolord-suite/src/components/npv/ResultsPanel.jsx:230 compact,"Year 11 NCF 10.48417891, reproduced exactly. The named NPV Scenario Builder prints every money figure through formatCurrency = Intl compact currency (/opt/petrolord-studio/workspaces/dev1/projects/petrolord-suite/src/components/npv/ResultsPanel.jsx:22), so royalty reads '$10M' and NPV '$45M', about two significant figures against tol 0.001 million USD; the Excel export (ResultsPanel.jsx:57-72) carries full-precision cash flow rows and NPV but is never mentioned."
uncertainty,beginner,um_payback_year_cum_ncf_musd,million USD,19.68181128809999,0.001,display,[],False,,hand-calc,full,1.0,4,0.0,,,True,"{""display"": ""/opt/petrolord-studio/workspaces/dev1/projects/petrolord-suite/src/components/npv/ResultsPanel.jsx:22/225-231 and :29 -> print money in million USD to 4 decimals (v/1e6).toFixed(4) in the Cashflow table and KPI cards, and add a sensitivity table (case NPV at each sweep multiplier) to 4 decimals""}",/root/wt-b5-nextgen/src/content/courses/uncertainty/beginner/m06-the-associate-reading/l02-working-the-capstone.md step three (cumulative column),/opt/petrolord-studio/workspaces/dev1/projects/petrolord-suite/src/components/npv/ResultsPanel.jsx:231 compact,"Cumulative turns positive in year 5 (2032) at 19.68181129, reproduced exactly. The named NPV Scenario Builder prints every money figure through formatCurrency = Intl compact currency (/opt/petrolord-studio/workspaces/dev1/projects/petrolord-suite/src/components/npv/ResultsPanel.jsx:22), so royalty reads '$10M' and NPV '$45M', about two significant figures against tol 0.001 million USD; the Excel export (ResultsPanel.jsx:57-72) carries full-precision cash flow rows and NPV but is never mentioned."
uncertainty,beginner,um_npv_musd,million USD,45.46305836029683,0.001,display,[],False,,hand-calc,full,1.0,4,0.0,,,True,"{""display"": ""/opt/petrolord-studio/workspaces/dev1/projects/petrolord-suite/src/components/npv/ResultsPanel.jsx:22/225-231 and :29 -> print money in million USD to 4 decimals (v/1e6).toFixed(4) in the Cashflow table and KPI cards, and add a sensitivity table (case NPV at each sweep multiplier) to 4 decimals""}",/root/wt-b5-nextgen/src/content/courses/uncertainty/beginner/m06-the-associate-reading/l02-working-the-capstone.md step three (mid-year factor),/opt/petrolord-studio/workspaces/dev1/projects/petrolord-suite/src/components/npv/ResultsPanel.jsx:29 formatCurrency(metrics.npv) compact,"Sum of NCF / 1.13^(t-0.5) = 45.46305836, reproduced exactly. The named NPV Scenario Builder prints every money figure through formatCurrency = Intl compact currency (/opt/petrolord-studio/workspaces/dev1/projects/petrolord-suite/src/components/npv/ResultsPanel.jsx:22), so royalty reads '$10M' and NPV '$45M', about two significant figures against tol 0.001 million USD; the Excel export (ResultsPanel.jsx:57-72) carries full-precision cash flow rows and NPV but is never mentioned."
uncertainty,beginner,um_npv_price_up_30_musd,million USD,123.87393222150361,0.001,display,[],False,,hand-calc,full,1.0,4,0.0,,,True,"{""display"": ""/opt/petrolord-studio/workspaces/dev1/projects/petrolord-suite/src/components/npv/ResultsPanel.jsx:22/225-231 and :29 -> print money in million USD to 4 decimals (v/1e6).toFixed(4) in the Cashflow table and KPI cards, and add a sensitivity table (case NPV at each sweep multiplier) to 4 decimals""}",/root/wt-b5-nextgen/src/content/courses/uncertainty/beginner/m06-the-associate-reading/l02-working-the-capstone.md step four (sensitivity rows),/opt/petrolord-studio/workspaces/dev1/projects/petrolord-suite/src/components/npv/charts/TornadoChart.jsx:7 mm() toFixed(1); SpiderChart.jsx:22,"Rerun at 83.2 USD/bbl gives 123.87393222, reproduced exactly. The app's sweep is only in the tornado/spider charts at 1 decimal (0.05 half-unit vs tol 0.001) and is not in the Excel export."
uncertainty,intermediate,um_capex_fit_max_musd,million USD,213.31559480312313,0.001,none,[],False,,hand-calc,full,1.0,4,0.0,,,False,,"/root/wt-b5-nextgen/src/content/courses/uncertainty/intermediate/m01-percentiles-are-not-endpoints/l03-the-shape-from-the-median.md (bisection on m), l05-range-and-origin-in-closed-form.md",,"Bisection on the shape ratio then range/min/max closed forms, taught step by step; the Analyzer does not display fitted triangles at all."
uncertainty,intermediate,um_opex_fit_mode_musd,million USD,14.693828529294601,0.001,none,[],False,,hand-calc,full,1.0,4,0.0,,,False,,/root/wt-b5-nextgen/src/content/courses/uncertainty/intermediate/m01-percentiles-are-not-endpoints/l05-range-and-origin-in-closed-form.md,,mode = min + m x range after the taught bisection.
uncertainty,intermediate,um_base_breakeven_usd_bbl,USD per bbl,68.03901813890326,0.001,none,[],False,,suite-app,full,1.0,4,0.0,,,False,,"/opt/petrolord-studio/workspaces/dev1/projects/petrolord-suite/src/components/breakevenanalyzer/ResultsPanel.jsx:28 (CSV row ""Deterministic base case""); hand-calc bisection taught in intermediate m03 l02",/opt/petrolord-studio/workspaces/dev1/projects/petrolord-suite/src/components/breakevenanalyzer/ResultsPanel.jsx:28 CSV full precision,"Only the Analyzer's CSV export prints the base case, at full precision; a spreadsheet bisection on the taught NPV also reaches it."
uncertainty,intermediate,um_breakeven_10th_percentile_usd_bbl,USD per bbl,58.94391930684155,0.001,display,"[""display_miss""]",False,,suite-app,"{""decimals"": 2}",1.0,4,0.003919306841552839,,,True,"{""display"": ""/opt/petrolord-studio/workspaces/dev1/projects/petrolord-suite/src/components/breakevenanalyzer/ResultsPanel.jsx:67 -> kpis[key].toFixed(4); /opt/petrolord-studio/workspaces/dev1/projects/petrolord-suite/src/components/breakevenanalyzer/BreakevenPlots.jsx:17 money -> toFixed(4) for tooltips""}",/opt/petrolord-studio/workspaces/dev1/projects/petrolord-suite/src/components/breakevenanalyzer/ResultsPanel.jsx:63-68 (percentile cards); CSV :24,/opt/petrolord-studio/workspaces/dev1/projects/petrolord-suite/src/components/breakevenanalyzer/ResultsPanel.jsx:67 toFixed(2),"Seeded Monte Carlo sample, engine only. The named Probabilistic Breakeven Analyzer shows the percentile cards with toFixed(2) (/opt/petrolord-studio/workspaces/dev1/projects/petrolord-suite/src/components/breakevenanalyzer/ResultsPanel.jsx:67), half a unit 0.005 against tol 0.001 and against the prompt's 'four decimals'; its 'Export data' CSV (/opt/petrolord-studio/workspaces/dev1/projects/petrolord-suite/src/components/breakevenanalyzer/ResultsPanel.jsx:21-40) carries the full-precision percentiles and base case."
uncertainty,intermediate,um_breakeven_90th_percentile_usd_bbl,USD per bbl,81.53480911819321,0.001,display,"[""display_miss""]",False,,suite-app,"{""decimals"": 2}",1.0,4,0.004809118193207951,,,True,"{""display"": ""/opt/petrolord-studio/workspaces/dev1/projects/petrolord-suite/src/components/breakevenanalyzer/ResultsPanel.jsx:67 -> kpis[key].toFixed(4); /opt/petrolord-studio/workspaces/dev1/projects/petrolord-suite/src/components/breakevenanalyzer/BreakevenPlots.jsx:17 money -> toFixed(4) for tooltips""}",/opt/petrolord-studio/workspaces/dev1/projects/petrolord-suite/src/components/breakevenanalyzer/ResultsPanel.jsx:63-68; CSV :26,/opt/petrolord-studio/workspaces/dev1/projects/petrolord-suite/src/components/breakevenanalyzer/ResultsPanel.jsx:67 toFixed(2),"Seeded Monte Carlo sample, engine only. The named Probabilistic Breakeven Analyzer shows the percentile cards with toFixed(2) (/opt/petrolord-studio/workspaces/dev1/projects/petrolord-suite/src/components/breakevenanalyzer/ResultsPanel.jsx:67), half a unit 0.005 against tol 0.001 and against the prompt's 'four decimals'; its 'Export data' CSV (/opt/petrolord-studio/workspaces/dev1/projects/petrolord-suite/src/components/breakevenanalyzer/ResultsPanel.jsx:21-40) carries the full-precision percentiles and base case."
uncertainty,intermediate,um_tornado_capex_high_side_usd_bbl,USD per bbl,9.618411257207583,0.001,display,[],False,,hand-calc,full,1.0,4,0.0,,,True,"{""display"": ""/opt/petrolord-studio/workspaces/dev1/projects/petrolord-suite/src/components/breakevenanalyzer/ResultsPanel.jsx:67 -> kpis[key].toFixed(4); /opt/petrolord-studio/workspaces/dev1/projects/petrolord-suite/src/components/breakevenanalyzer/BreakevenPlots.jsx:17 money -> toFixed(4) for tooltips""}",/root/wt-b5-nextgen/src/content/courses/uncertainty/intermediate/m05-the-two-sided-tornado/l02-swinging-one-variable.md (bisection at capex 90th percentile minus the base),/opt/petrolord-studio/workspaces/dev1/projects/petrolord-suite/src/components/breakevenanalyzer/BreakevenPlots.jsx:184 tooltip money() toFixed(2),"Two taught bisections (capex at its 90th percentile, 185, and the base) give 9.6184 exactly; the Analyzer shows the bar only in a chart tooltip at 2 decimals and the CSV omits the tornado."
uncertainty,advanced,um_mc_low_case_p90_npv_musd,million USD,-9.458763830643502,0.001,display,"[""display_miss""]",False,,suite-app,"{""sigfigs"": 2}",1.0,,0.04123616935649821,,,True,"{""display"": ""/opt/petrolord-studio/workspaces/dev1/projects/petrolord-suite/src/components/npv/ResultsPanel.jsx:321/324 -> formatValue (v/1e6).toFixed(4) in million USD, and add the risk percentiles, EMV and sorted sample to the Excel export (ResultsPanel.jsx:57-86)""}",/opt/petrolord-studio/workspaces/dev1/projects/petrolord-suite/src/components/npv/riskCases.jsx:30-43 (RiskCaseCards) via /opt/petrolord-studio/workspaces/dev1/projects/petrolord-suite/src/components/npv/ResultsPanel.jsx:324,/opt/petrolord-studio/workspaces/dev1/projects/petrolord-suite/src/components/npv/ResultsPanel.jsx:22 formatCurrency compact,"The Scenario Builder Monte Carlo cards and EMV print through compact currency (/opt/petrolord-studio/workspaces/dev1/projects/petrolord-suite/src/components/npv/ResultsPanel.jsx:321/324 formatCurrency), about three significant figures ('-$9.5M', '$104M') against tol 0.001 million USD; the Excel export omits the risk block. A seeded 1200-draw Monte Carlo is engine only."
uncertainty,advanced,um_mc_high_case_p10_npv_musd,million USD,103.72137834406172,0.001,display,"[""display_miss""]",False,,suite-app,"{""sigfigs"": 3}",1.0,,0.2786216559382808,,,True,"{""display"": ""/opt/petrolord-studio/workspaces/dev1/projects/petrolord-suite/src/components/npv/ResultsPanel.jsx:321/324 -> formatValue (v/1e6).toFixed(4) in million USD, and add the risk percentiles, EMV and sorted sample to the Excel export (ResultsPanel.jsx:57-86)""}",/opt/petrolord-studio/workspaces/dev1/projects/petrolord-suite/src/components/npv/riskCases.jsx:43,/opt/petrolord-studio/workspaces/dev1/projects/petrolord-suite/src/components/npv/ResultsPanel.jsx:22 formatCurrency compact,"The Scenario Builder Monte Carlo cards and EMV print through compact currency (/opt/petrolord-studio/workspaces/dev1/projects/petrolord-suite/src/components/npv/ResultsPanel.jsx:321/324 formatCurrency), about three significant figures ('-$9.5M', '$104M') against tol 0.001 million USD; the Excel export omits the risk block. A seeded 1200-draw Monte Carlo is engine only."
uncertainty,advanced,um_mc_emv_musd,million USD,44.907432365660654,0.001,display,"[""display_miss""]",False,,suite-app,"{""sigfigs"": 2}",1.0,,0.09256763433934623,,,True,"{""display"": ""/opt/petrolord-studio/workspaces/dev1/projects/petrolord-suite/src/components/npv/ResultsPanel.jsx:321/324 -> formatValue (v/1e6).toFixed(4) in million USD, and add the risk percentiles, EMV and sorted sample to the Excel export (ResultsPanel.jsx:57-86)""}",/opt/petrolord-studio/workspaces/dev1/projects/petrolord-suite/src/components/npv/ResultsPanel.jsx:321,/opt/petrolord-studio/workspaces/dev1/projects/petrolord-suite/src/components/npv/ResultsPanel.jsx:22 formatCurrency compact,"The Scenario Builder Monte Carlo cards and EMV print through compact currency (/opt/petrolord-studio/workspaces/dev1/projects/petrolord-suite/src/components/npv/ResultsPanel.jsx:321/324 formatCurrency), about three significant figures ('-$9.5M', '$104M') against tol 0.001 million USD; the Excel export omits the risk block. A seeded 1200-draw Monte Carlo is engine only."
uncertainty,advanced,um_mc_10th_percentile_floor_rule_musd,million USD,-9.443407561604305,0.001,display,[],False,,unobtainable,,1.0,,,,,True,"{""display"": ""/opt/petrolord-studio/workspaces/dev1/projects/petrolord-suite/src/components/npv/ResultsPanel.jsx:321/324 -> formatValue (v/1e6).toFixed(4) in million USD, and add the risk percentiles, EMV and sorted sample to the Excel export (ResultsPanel.jsx:57-86)""}",/opt/petrolord-studio/workspaces/dev1/projects/petrolord-suite/src/components/npv/ResultsPanel.jsx (the MC sample is never rendered or exported),,"sorted[floor(0.1 x 1200)] needs the 1200 NPVs, which the Scenario Builder neither shows nor exports; the Low case card (a different percentile rule) is 0.0154 away, outside tol. The Scenario Builder Monte Carlo cards and EMV print through compact currency (/opt/petrolord-studio/workspaces/dev1/projects/petrolord-suite/src/components/npv/ResultsPanel.jsx:321/324 formatCurrency), about three significant figures ('-$9.5M', '$104M') against tol 0.001 million USD; the Excel export omits the risk block. A seeded 1200-draw Monte Carlo is engine only."
uncertainty,advanced,um_breakeven_median_next_seed_usd_bbl,USD per bbl,69.53330617933949,0.001,display,"[""display_miss""]",False,,suite-app,"{""decimals"": 2}",1.0,,0.00330617933948929,,,True,"{""display"": ""/opt/petrolord-studio/workspaces/dev1/projects/petrolord-suite/src/components/breakevenanalyzer/ResultsPanel.jsx:67 -> kpis[key].toFixed(4); /opt/petrolord-studio/workspaces/dev1/projects/petrolord-suite/src/components/breakevenanalyzer/BreakevenPlots.jsx:17 money -> toFixed(4) for tooltips""}","/opt/petrolord-studio/workspaces/dev1/projects/petrolord-suite/src/components/breakevenanalyzer/ResultsPanel.jsx:63-68 (median card, seed input InputPanel.jsx:193); CSV :25",/opt/petrolord-studio/workspaces/dev1/projects/petrolord-suite/src/components/breakevenanalyzer/ResultsPanel.jsx:67 toFixed(2),"Rerun at seed 9032; seeded Monte Carlo, engine only. The named Probabilistic Breakeven Analyzer shows the percentile cards with toFixed(2) (/opt/petrolord-studio/workspaces/dev1/projects/petrolord-suite/src/components/breakevenanalyzer/ResultsPanel.jsx:67), half a unit 0.005 against tol 0.001 and against the prompt's 'four decimals'; its 'Export data' CSV (/opt/petrolord-studio/workspaces/dev1/projects/petrolord-suite/src/components/breakevenanalyzer/ResultsPanel.jsx:21-40) carries the full-precision percentiles and base case."
uncertainty,advanced,um_breakeven_at_hurdle_usd_bbl,USD per bbl,97.3773177308266,0.001,none,[],False,,suite-app,full,1.0,,0.0,,,False,,"/opt/petrolord-studio/workspaces/dev1/projects/petrolord-suite/src/components/breakevenanalyzer/ResultsPanel.jsx:28 (CSV base case with Target NPV 100, InputPanel.jsx:189); hand-calc bisection intermediate m03 l05",/opt/petrolord-studio/workspaces/dev1/projects/petrolord-suite/src/components/breakevenanalyzer/ResultsPanel.jsx:28 CSV full precision,Set Target NPV ($MM) to 100 and export: the base case prints at full precision; also a taught spreadsheet bisection.
waterflood,beginner,field_cum_vrr,-,1.034899536109,0.0005,none,[],True,,nextgen-panel,"{""decimals"": 6}",1.0,,4.6389099983557003e-07,,,True,,"/root/wt-b5-nextgen/src/content/courses/waterflood/beginner/m06-the-associate-reading/l02-working-the-capstone.md:52-56 (wf-ledger-explorer at window 3, band 1.00-1.20)","/root/wt-b5-nextgen/src/components/course/panels/waterflood/LedgerExplorer.jsx:110 (fmt(cumLast, 6), toLocaleString maximumFractionDigits)","Tile uses fmt(v, 6) with maximumFractionDigits 6, so it prints about 1.0349 (probe) up to 1.034900 trimmed; rounding error is at most 5e-7 at 6 dp and still under 5e-5 if only 4 show, against tol 5e-4."
waterflood,beginner,produced_voidage_rb,rb,221736.43680913927,50.0,none,[],True,,nextgen-panel,"{""decimals"": 0}",1.0,,0.43680913926800713,,,True,,/root/wt-b5-nextgen/src/content/courses/waterflood/beginner/m06-the-associate-reading/l02-working-the-capstone.md:52-56,"/root/wt-b5-nextgen/src/components/course/panels/waterflood/LedgerExplorer.jsx:116 (fmt(..., 0))","Tile prints whole rb (221,736); half a unit is 0.5 rb against tol 50."
waterflood,beginner,injected_voidage_rb,rb,229474.93559224083,50.0,none,[],True,,nextgen-panel,"{""decimals"": 0}",1.0,,0.06440775917144492,,,True,,/root/wt-b5-nextgen/src/content/courses/waterflood/beginner/m06-the-associate-reading/l02-working-the-capstone.md:52-56,"/root/wt-b5-nextgen/src/components/course/panels/waterflood/LedgerExplorer.jsx:117 (fmt(..., 0))","Tile prints whole rb (229,475); half a unit 0.5 rb vs tol 50."
waterflood,beginner,fillup_month_index,index,11.0,0.0,none,"[""zero_tol""]",True,,nextgen-panel,integer,1.0,,0.0,36,0.028,True,,/root/wt-b5-nextgen/src/content/courses/waterflood/beginner/m06-the-associate-reading/l02-working-the-capstone.md:25-27,"/root/wt-b5-nextgen/src/components/course/panels/waterflood/LedgerExplorer.jsx:113 (Fill-up month tile shows the label, 2023-12)","Genuine integer; the tile prints the period label 2023-12, which the learner converts to zero-based index 11 (the prompt says zero-based). tol 0 is honest for an integer."
waterflood,beginner,months_under_target_band,count,4.0,0.0,none,"[""zero_tol""]",True,,nextgen-panel,integer,1.0,,0.0,9,0.111,True,,/root/wt-b5-nextgen/src/content/courses/waterflood/beginner/m06-the-associate-reading/l02-working-the-capstone.md:29-31,"/root/wt-b5-nextgen/src/components/course/panels/waterflood/LedgerExplorer.jsx:114 (Months under band tile, raw integer)","Genuine integer count shown as an integer ('4 of 36'); tol 0 honest. Guess space: the lesson says the count is small and consecutive at the start (ramp 0.85, 0.89, 0.93, 0.97 below 1.00), so roughly 0..8 plausible."
waterflood,beginner,jan_produced_voidage_rb,rb,5747.317402456214,1.0,none,[],True,,hand-calc,full,1.0,,0.0,,,True,,/root/wt-b5-nextgen/src/content/courses/waterflood/beginner/m06-the-associate-reading/l02-working-the-capstone.md:33-39 (Np stated in the lesson),,"Np x Bo = 4727.034315745669 x 1.21584 = 5747.317402456214, reproduced exactly; the free gas cancels (Rs Np/1000 = Gp). Not a panel tile."
waterflood,intermediate,out_of_zone_bbl,bbl,26997.051246145966,20.0,none,[],True,,nextgen-panel,"{""decimals"": 0}",1.0,,0.05124614596570609,,,True,,"/root/wt-b5-nextgen/src/content/courses/waterflood/intermediate/m06-the-professional-reading/l02-working-the-capstone.md:55-59 (wf-pattern-explorer, target 1.0, window 3)","/root/wt-b5-nextgen/src/components/course/panels/waterflood/PatternExplorer.jsx:126 (fmt(audit.unallocated.winj_stb, 0))","Tile prints whole bbl (26,997); half a unit 0.5 vs tol 20."
waterflood,intermediate,north_cum_vrr,-,1.2024353717815623,0.0005,none,[],True,,nextgen-panel,"{""decimals"": 6}",1.0,,3.717815624248999e-07,,,True,,/root/wt-b5-nextgen/src/content/courses/waterflood/intermediate/m06-the-professional-reading/l02-working-the-capstone.md:55-59,"/root/wt-b5-nextgen/src/components/course/panels/waterflood/PatternExplorer.jsx:123 (fmt(pat.cumulativeVRR, 6))",Pattern tile prints 6 decimals (1.202435); error 5e-7 vs tol 5e-4.
waterflood,intermediate,south_cum_vrr,-,0.6097477559533482,0.0005,none,[],True,,nextgen-panel,"{""decimals"": 6}",1.0,,2.4404665177613083e-07,,,True,,/root/wt-b5-nextgen/src/content/courses/waterflood/intermediate/m06-the-professional-reading/l02-working-the-capstone.md:55-59,/root/wt-b5-nextgen/src/components/course/panels/waterflood/PatternExplorer.jsx:123,Pattern tile prints 6 decimals (0.609748) after one click to South.
waterflood,intermediate,south_recommended_wi,bbl,2683.051749612857,2.0,none,[],True,,nextgen-panel,"{""decimals"": 1}",1.0,,0.04825038714307084,,,True,,/root/wt-b5-nextgen/src/content/courses/waterflood/intermediate/m06-the-professional-reading/l02-working-the-capstone.md:55-59,"/root/wt-b5-nextgen/src/components/course/panels/waterflood/PatternExplorer.jsx:129 (fmt(advice.recommendedWi, 1))","Tile prints 1 decimal (2,683.1); error 0.05 vs tol 2."
waterflood,intermediate,hall_ratio_e4,-,1.4285714285714286,0.002,tolerance,[],True,"{""migration"": ""20261024a_w1_waterflood.sql"", ""wave"": ""w1"", ""tol"": [0.002, 0.0005]}",hand-calc,full,1.0,,0.0,,,False,"{""new_tol"": 0.0005}","/root/wt-b5-nextgen/src/content/courses/waterflood/intermediate/m04-injectivity/l02-slope-is-one-over-injectivity.md:17,33-35",,"Not in any panel (capstone lesson l02:59 says work it from the definitions). The raw surveillance rows are not handed to the learner, but the lesson states II = 0.5 falling to 0.35 in exactly the last third, so the ratio is 0.5/0.35 = 1.4285714285714286 by hand."
waterflood,intermediate,chan_slope_e6,-,2.348281726147951,0.005,none,[],True,,prompt-given,full,1.0,,0.0,,,True,,/root/wt-b5-nextgen/src/content/courses/waterflood/intermediate/m05-water-arrival/l02-reading-the-ekene-producers.md:11,,"Not in any panel (l02:59). A genuine hand-calc needs the raw Ekene-6 surveillance rows (not provided) plus the engine's 3-point smoothing, centred difference and last-40-percent window; the only route the course offers is the lesson table, which prints 2.348281726147951 in full."
waterflood,advanced,dykstra_parsons_v,-,0.5,0.001,none,[],True,,nextgen-panel,"{""decimals"": 6}",1.0,,0.0,9,0.111,True,,/root/wt-b5-nextgen/src/content/courses/waterflood/advanced/m06-the-expert-reading/l02-working-the-capstone.md:58-60 (wf-design-explorer Layers mode),"/root/wt-b5-nextgen/src/components/course/panels/waterflood/DesignExplorer.jsx:141 (fmt(sweep.V.V, 6))","Tile prints 0.5; also a spreadsheet hand-calc (plotting position (i+0.5)/n, taught in advanced/m01). Continuous in principle, but the capstone lesson says 'the answer is a clean round number', which narrows guesses to clean tenths."
waterflood,advanced,dp_coverage_first_bt,fraction,0.5146907350993352,0.0005,none,[],True,,nextgen-panel,"{""decimals"": 6}",1.0,,2.6490066484807784e-07,,,True,,/root/wt-b5-nextgen/src/content/courses/waterflood/advanced/m06-the-expert-reading/l02-working-the-capstone.md:58-60,"/root/wt-b5-nextgen/src/components/course/panels/waterflood/DesignExplorer.jsx:145 (fmt(..., 6))",Tile prints 6 decimals (0.514691); error 5e-7 vs tol 5e-4. Also hand-calc per advanced/m02.
waterflood,advanced,stiles_wc_first_bt,fraction,0.5843728303284756,0.0005,none,[],True,,nextgen-panel,"{""decimals"": 6}",1.0,,1.6967152438596145e-07,,,True,,/root/wt-b5-nextgen/src/content/courses/waterflood/advanced/m06-the-expert-reading/l02-working-the-capstone.md:58-60,"/root/wt-b5-nextgen/src/components/course/panels/waterflood/DesignExplorer.jsx:148 (fmt(..., 6))",Tile prints 6 decimals (0.584373); closed form A C1/(A C1 + Ct - C1) also taught.
waterflood,advanced,eabt_at_design_m,fraction,0.6573574366303985,0.0005,none,[],True,,nextgen-panel,"{""decimals"": 6}",1.0,,4.3663039850372343e-07,,,True,,/root/wt-b5-nextgen/src/content/courses/waterflood/advanced/m06-the-expert-reading/l02-working-the-capstone.md:58-60 (Forecast mode),"/root/wt-b5-nextgen/src/components/course/panels/waterflood/DesignExplorer.jsx:155 (fmt(f.summary.EAbt, 6))",Tile prints 6 decimals (0.657357); the Craig four-term formula (advanced/m03/l01:21) reproduces 0.6573574366303985 exactly by hand.
waterflood,advanced,design_breakthrough_days,days,639.1875,2.0,none,[],True,,nextgen-panel,"{""decimals"": 2}",1.0,,0.0025000000000545697,,,True,,"/root/wt-b5-nextgen/src/content/courses/waterflood/advanced/m06-the-expert-reading/l02-working-the-capstone.md:58-60 (Forecast mode, EV on, 2000 rb/d)","/root/wt-b5-nextgen/src/components/course/panels/waterflood/DesignExplorer.jsx:157 (fmt(breakthrough_days, 2))","Tile prints 639.19; 639.1875 = 21 x 30.4375 exactly, so the quantised hand route is exact; tol 2 honest (unquantised 626.98 fails, as the lesson intends)."
waterflood,advanced,implied_swept_fraction,fraction,0.014697005138728762,0.0002,none,[],True,,hand-calc,full,1.0,,0.0,,,True,,/root/wt-b5-nextgen/src/content/courses/waterflood/advanced/m06-the-expert-reading/l02-working-the-capstone.md:46-52,,"35106.29313483455 x 1.02 / (0.33077027444818546 x 0.6573574366303985) / 11205422.76570545 = 0.014697005138728762, reproduced exactly; every input is in the prompt or lesson. Not in the panel."
wellcontrol,beginner,slant_string_volume_m3,m3,26.0836036552257,0.0005,none,[],True,,nextgen-panel,"{""decimals"": 8}",1.0,,4.774300066401338e-09,,,False,,src/components/course/panels/wellcontrol/VolumeExplorer.jsx:32,src/components/course/panels/wellcontrol/VolumeExplorer.jsx:32,"fmt(v.stringVolumeM3, 8) = 26.08360366; tol 5e-4."
wellcontrol,beginner,slant_annulus_volume_m3,m3,72.46894410089696,0.0005,none,[],False,,nextgen-panel,"{""decimals"": 8}",1.0,,8.969607279141201e-10,,,False,,src/components/course/panels/wellcontrol/VolumeExplorer.jsx:33,src/components/course/panels/wellcontrol/VolumeExplorer.jsx:33,"fmt(v.annulusVolumeM3, 8) = 72.4689441; tol 5e-4."
wellcontrol,beginner,slant_strokes_to_bit,strokes,2173.6336379354752,0.05,none,[],False,,nextgen-panel,"{""decimals"": 6}",1.0,,6.452455636463128e-08,,,False,,src/components/course/panels/wellcontrol/VolumeExplorer.jsx:35,src/components/course/panels/wellcontrol/VolumeExplorer.jsx:35,"string volume / 0.012 printed to 6 decimals = 2,173.633638; tol 0.05."
wellcontrol,beginner,slant_bottoms_up_strokes,strokes,6039.078675074747,0.05,none,[],False,,nextgen-panel,"{""decimals"": 6}",1.0,,7.474682206520811e-08,,,False,,src/components/course/panels/wellcontrol/VolumeExplorer.jsx:36,src/components/course/panels/wellcontrol/VolumeExplorer.jsx:36,"annulus volume / 0.012 = 6,039.078675; tol 0.05."
wellcontrol,beginner,slant_tvd_at_bit_m,m,2507.9196993011733,0.0005,none,[],False,,nextgen-panel,"{""decimals"": 6}",1.0,,3.0117325877654366e-07,,,False,,src/components/course/panels/wellcontrol/VolumeExplorer.jsx:39,src/components/course/panels/wellcontrol/VolumeExplorer.jsx:39,"'TVD at the bit' fmt(v.tvdBhM, 6) = 2,507.919699; tol 5e-4."
wellcontrol,beginner,slant_tvd_at_shoe_m,m,1282.248590310811,0.0005,none,[],False,,nextgen-panel,"{""decimals"": 6}",1.0,,3.108111741312314e-07,,,False,,src/components/course/panels/wellcontrol/VolumeExplorer.jsx:40,src/components/course/panels/wellcontrol/VolumeExplorer.jsx:40,"'TVD at the shoe' fmt(v.tvdShoeM, 6) = 1,282.248590; tol 5e-4."
wellcontrol,intermediate,kill_mud_density_kgm3,kg/m3,1496.9237802377363,0.005,none,[],False,,hand-calc,full,1.0,,0.0,,,False,,src/content/courses/wellcontrol/intermediate/m05-against-the-oracle/l02-the-hand-built-example.md,,1440 + 1400000/(9.80665 x 2507.919699) = 1496.923780; tol 0.005 is met with the taught g and the 6-decimal TVD.
wellcontrol,intermediate,formation_pressure_Pa,Pa,36815778.63557866,50.0,none,[],False,,hand-calc,full,1.0,,0.0,,,False,,src/content/courses/wellcontrol/intermediate/m05-against-the-oracle/l02-the-hand-built-example.md,,1400000 + 1440 x 9.80665 x 2507.919699 = 36815778.6; tol 50 Pa.
wellcontrol,intermediate,icp_Pa,Pa,5900000.0,50.0,none,[],False,,hand-calc,full,1.0,,0.0,,,False,,src/content/courses/wellcontrol/intermediate/m05-against-the-oracle/l02-the-hand-built-example.md,,"1400000 + 4500000 = 5900000 exactly; integer, tol 50."
wellcontrol,intermediate,fcp_Pa,Pa,4677886.813242926,50.0,none,[],False,,hand-calc,full,1.0,,0.0,,,False,,src/content/courses/wellcontrol/intermediate/m05-against-the-oracle/l02-the-hand-built-example.md,,4500000 x 1496.923780/1440 = 4677886.8; tol 50 Pa.
wellcontrol,intermediate,influx_density_kgm3,kg/m3,1001.2472105482163,0.005,none,[],False,,nextgen-panel,"{""decimals"": 6}",1.0,,4.517836487138993e-07,,,False,,src/components/course/panels/wellcontrol/KillSheetExplorer.jsx:138,src/components/course/panels/wellcontrol/KillSheetExplorer.jsx:138,"Influx mode with slant, SIDPP 1.4, SICP 2.1 MPa, pit 2.2 m3 prints fmt(s.influx.densityKgM3, 6) = 1001.247211; tol 0.005. Also hand-calc: 1440 - 700000/(9.80665 x height)."
wellcontrol,intermediate,influx_height_m,m,162.6887318429214,0.005,none,[],False,,nextgen-panel,"{""decimals"": 6}",1.0,,1.5707857414781756e-07,,,False,,src/components/course/panels/wellcontrol/KillSheetExplorer.jsx:137,src/components/course/panels/wellcontrol/KillSheetExplorer.jsx:137,"fmt(s.influx.heightM, 6) = 162.688732; also 2.2 / annulus capacity at the bit (printed to 9 decimals at :142). tol 0.005."
wellcontrol,advanced,slant_maasp_Pa,Pa,4778333.992505175,50.0,none,[],False,,nextgen-panel,"{""decimals"": 5}",1e-06,,3.9925051741302013,,,False,,src/components/course/panels/wellcontrol/ToleranceExplorer.jsx:45,src/components/course/panels/wellcontrol/ToleranceExplorer.jsx:45,"MAASP tile prints MPa to 5 decimals (10 Pa resolution): 4.77833 MPa, 4 Pa from 4778333.99 with tol 50. Also hand-calc (1820-1440) x g x shoe TVD."
wellcontrol,advanced,slant_kick_tolerance_m3,m3,4.219078164062683,0.0005,none,[],False,,nextgen-panel,"{""decimals"": 8}",1.0,,4.06268352293182e-09,,,False,,src/components/course/panels/wellcontrol/ToleranceExplorer.jsx:50,src/components/course/panels/wellcontrol/ToleranceExplorer.jsx:50,"fmt(t.kickToleranceM3, 8) with fracture 1820, intensity 45, influx 240; tol 5e-4."
wellcontrol,advanced,slant_headroom_Pa,Pa,3671590.9101433456,50.0,none,[],False,,nextgen-panel,"{""decimals"": 5}",1e-06,,0.9101433451287448,,,False,,src/components/course/panels/wellcontrol/ToleranceExplorer.jsx:47,src/components/course/panels/wellcontrol/ToleranceExplorer.jsx:47,"Headroom tile in MPa to 5 decimals: 3.67159 MPa, 0.9 Pa off; tol 50."
wellcontrol,advanced,slant_kt_at_shoe_m3,m3,4.9888090018644276,0.0005,none,[],False,,nextgen-panel,"{""decimals"": 8}",1.0,,1.864427723319295e-09,,,False,,src/components/course/panels/wellcontrol/ToleranceExplorer.jsx:49,src/components/course/panels/wellcontrol/ToleranceExplorer.jsx:49,"'Circulated to the shoe' fmt(t.cases.atShoeM3, 8) = 4.98880900; tol 5e-4."
wellcontrol,advanced,horizontal_maasp_Pa,Pa,4368769.802836261,50.0,none,[],False,,nextgen-panel,"{""decimals"": 5}",1e-06,,0.19716373924165964,,,False,,src/components/course/panels/wellcontrol/ToleranceExplorer.jsx:45,src/components/course/panels/wellcontrol/ToleranceExplorer.jsx:45,"Horizontal well selected: 4.36877 MPa, 2 Pa off; tol 50."
wellcontrol,advanced,horizontal_kill_mud_density_kgm3,kg/m3,1557.511784879494,0.005,none,[],False,,hand-calc,full,1.0,,0.0,,,False,,src/content/courses/wellcontrol/intermediate/m05-against-the-oracle/l02-the-hand-built-example.md,src/components/course/panels/wellcontrol/VolumeExplorer.jsx:39,1440 + 1400000/(9.80665 x horizontal TVD at the bit) with the TVD from VolumeExplorer.jsx:39 (6 decimals); tol 0.005.
wellcorrelation,beginner,w2_shift_m,m,-65.0,0.01,none,[],True,,nextgen-panel,integer,1.0,,0.0,,,True,"{""redesign"": ""Ekene-3 flattening shift with the section flattened on BASE_SAND at 1560 m (SectionExplorer shift column)""}",src/components/course/panels/wellcorrelation/SectionExplorer.jsx:163,src/components/course/panels/wellcorrelation/SectionExplorer.jsx:163,"src/content/courses/wellcorrelation/beginner/m06-the-correlation-workflow/l03-the-capstone-walkthrough.md:7 prints ""1500 minus 1565, which is -65 m""; the panel shift column prints fmt(r.shift) on its default state. Integer quantity, tol 0.01 honest on precision."
wellcorrelation,beginner,w3_sand_thickness_m,m,29.0,0.01,none,[],True,,nextgen-panel,integer,1.0,,0.0,,,True,"{""redesign"": ""Ekene-1 SAND zone thickness (flatten-invariant, thickness column)""}",src/components/course/panels/wellcorrelation/SectionExplorer.jsx:172,src/components/course/panels/wellcorrelation/SectionExplorer.jsx:172,"src/content/courses/wellcorrelation/beginner/m06-the-correlation-workflow/l03-the-capstone-walkthrough.md:9 prints ""1570 minus 1541, which is 29 m""; thickness column on the default state."
wellcorrelation,beginner,w4_base_sand_displayed_m,m,1525.0,0.01,none,[],True,,nextgen-panel,integer,1.0,,0.0,,,True,"{""redesign"": ""Ekene-2 TOP_A displayed depth, flattened on BASE_SAND at 1560 m""}",src/components/course/panels/wellcorrelation/SectionExplorer.jsx:168,src/components/course/panels/wellcorrelation/SectionExplorer.jsx:168,"src/content/courses/wellcorrelation/beginner/m06-the-correlation-workflow/l03-the-capstone-walkthrough.md:11 prints ""it displays at 1525 m""; displayed-depth cell on the default state."
wellcorrelation,beginner,sand_relief_m,m,49.0,0.01,none,[],True,,nextgen-panel,integer,1.0,,0.0,,,True,"{""redesign"": ""TOP_A structural relief (select TOP_A as datum top, structural view)""}",src/components/course/panels/wellcorrelation/SectionExplorer.jsx:181,src/components/course/panels/wellcorrelation/SectionExplorer.jsx:181,"src/content/courses/wellcorrelation/beginner/m06-the-correlation-workflow/l03-the-capstone-walkthrough.md:13 prints ""1590 minus 1541, which is 49 m""; the tile `${topName} structural relief` shows 49 with TOP_SAND selected (probe hit, default state)."
wellcorrelation,beginner,wells_with_top_b,count,3.0,0.0,redesign,"[""zero_tol""]",True,"{""migration"": ""20261024a_w1_wellcorrelation.sql"", ""wave"": ""w1"", ""rekey"": {""key"": ""w3_top_b_displayed_base_1560_m"", ""label"": ""Ekene-3: TOP_B displayed depth, flattened on BASE_SAND at 1560 m"", ""unit"": ""m"", ""expected"": 1618.0, ""tol"": 0.5}, ""rekey_annot"": {""source"": ""nextgen-panel"", ""source_ref"": ""src/components/course/panels/wellcorrelation/SectionExplorer.jsx:168 (tops table, View = Flattened on a top, Datum top = BASE_SAND, Datum depth = 1560)"", ""printed"": ""integer"", ""display_scale"": 1, ""display_ref"": ""src/components/course/panels/wellcorrelation/SectionExplorer.jsx:168 fmt(hit.displayed) (toFixed(0))"", ""prompt_precision"": null, ""answer_space"": null, ""guess_p"": null, ""evidence"": ""computeSection({mode:\""flatten\"", topName:\""BASE_SAND\"", datumM:1560}) in src/lib/correlationTeaching.js: Ekene-3 shift 1560 - 1570 = -10, TOP_B 1628 - 10 = 1618 exactly (pinned in sectionLab.test.js). Neighbours in the same view: Ekene-1 TOP_B 1620, Ekene-2 TOP_B 1621, the true MD 1628 (structural view), all outside tol 0.5; no other beginner graded value is within 20 m. The panel opens in the structural view (1628) and the capstone flattening TOP_SAND 1500 shows 1587, so no default state prints it. No lesson prints 1618."", ""class"": ""none"", ""owner_decision"": false, ""leak"": false}}",nextgen-panel,integer,1.0,,0.0,4,0.25,False,"{""redesign"": ""Ekene-3 TOP_B displayed depth, flattened on BASE_SAND at 1560 m (a depth, not a count)""}",src/components/course/panels/wellcorrelation/SectionExplorer.jsx:183,src/components/course/panels/wellcorrelation/SectionExplorer.jsx:183,"src/content/courses/wellcorrelation/beginner/m06-the-correlation-workflow/l03-the-capstone-walkthrough.md:15 prints ""Three""; the tile ""TOP_B line reaches 3 of 4"" is on the default state (probe hit). A count over 4 wells: plausible 1..4, tol 0."
wellcorrelation,beginner,w1_top_b_displayed_m,m,1592.0,0.01,none,[],True,,nextgen-panel,integer,1.0,,0.0,,,True,"{""redesign"": ""Ekene-4 BASE_SAND displayed depth, flattened on BASE_SAND at a datum other than its own pick (or drop in favour of the five above)""}",src/components/course/panels/wellcorrelation/SectionExplorer.jsx:168,src/components/course/panels/wellcorrelation/SectionExplorer.jsx:168,"src/content/courses/wellcorrelation/beginner/m06-the-correlation-workflow/l03-the-capstone-walkthrough.md:17 prints ""it displays at 1592 m""; displayed-depth cell on the default state."
wellcorrelation,intermediate,w4_shift_m,m,-80.0,0.01,none,[],True,,nextgen-panel,integer,1.0,,0.0,,,True,"{""redesign"": ""Ekene-4 shift flattened on TOP_SAND at 1480 m (FlattenExplorer shift column)""}",src/components/course/panels/wellcorrelation/FlattenExplorer.jsx:128,src/components/course/panels/wellcorrelation/FlattenExplorer.jsx:128,"src/content/courses/wellcorrelation/intermediate/m06-the-flattening-workflow/l03-the-capstone-walkthrough.md:16 prints ""The value is -80 m""; shift column on the default state (TOP_A at 1450 m)."
wellcorrelation,intermediate,w2_topsand_displayed_m,m,1503.0,0.01,none,[],True,,nextgen-panel,integer,1.0,,0.0,,,True,"{""redesign"": ""Ekene-2 TOP_B displayed depth at the new flattening""}",src/components/course/panels/wellcorrelation/FlattenExplorer.jsx:130,src/components/course/panels/wellcorrelation/FlattenExplorer.jsx:130,"src/content/courses/wellcorrelation/intermediate/m06-the-flattening-workflow/l03-the-capstone-walkthrough.md:18 prints ""The value is 1503 m displayed""; TOP_SAND displayed column on the default state."
wellcorrelation,intermediate,a_to_sand_w4_m,m,60.0,0.01,none,[],True,,nextgen-panel,integer,1.0,,0.0,,,True,"{""redesign"": ""Ekene-1 TOP_A to TOP_SAND interval (flatten-invariant)""}",src/components/course/panels/wellcorrelation/FlattenExplorer.jsx:132,src/components/course/panels/wellcorrelation/FlattenExplorer.jsx:132,"src/content/courses/wellcorrelation/intermediate/m06-the-flattening-workflow/l03-the-capstone-walkthrough.md:20 prints ""The value is 60 m""; interval column on the default state."
wellcorrelation,intermediate,growth_range_m,m,14.0,0.01,none,[],True,,nextgen-panel,integer,1.0,,0.0,,,True,"{""redesign"": ""TOP_SAND to BASE_SAND growth range (would need a tile for that interval) or the displayed depth of the deepest pick at the new datum""}",src/components/course/panels/wellcorrelation/FlattenExplorer.jsx:147,src/components/course/panels/wellcorrelation/FlattenExplorer.jsx:147,"src/content/courses/wellcorrelation/intermediate/m06-the-flattening-workflow/l03-the-capstone-walkthrough.md:22 prints ""The value is 14 m""; tile ""A to SAND growth range 14 m"" on the default state (probe hit)."
wellcorrelation,intermediate,wells_with_all_tops,count,3.0,0.0,redesign,"[""zero_tol""]",True,"{""migration"": ""20261024a_w1_wellcorrelation.sql"", ""wave"": ""w1"", ""rekey"": {""key"": ""shallowest_displayed_sand_1480_m"", ""label"": ""Shallowest displayed depth, flattened on TOP_SAND at 1480 m"", ""unit"": ""m"", ""expected"": 1420.0, ""tol"": 0.5}, ""rekey_annot"": {""source"": ""nextgen-panel"", ""source_ref"": ""src/components/course/panels/wellcorrelation/FlattenExplorer.jsx:149 (Shallowest displayed tile, flattening top TOP_SAND, datum 1480)"", ""printed"": ""integer"", ""display_scale"": 1, ""display_ref"": ""src/components/course/panels/wellcorrelation/FlattenExplorer.jsx:149 fmt(dMin) (toFixed(0))"", ""prompt_precision"": null, ""answer_space"": null, ""guess_p"": null, ""evidence"": ""Shifts at TOP_SAND 1480: -68, -85, -61, -110; displayed TOP_A 1432, 1427, 1434, 1420; min over every displayed pick 1420 exactly (pinned in flattenLab.test.js). Neighbours: 1427 (7 m), the datum 1480, and the default-state shallowest 1450 (TOP_A at 1450 m) all fail tol 0.5; no other intermediate graded value is near. The panel opens on TOP_A 1450, so no default state prints it. No lesson prints 1420."", ""class"": ""none"", ""owner_decision"": false, ""leak"": false}}",nextgen-panel,integer,1.0,,0.0,4,0.25,False,"{""redesign"": ""Shallowest displayed depth at the new flattening (FlattenExplorer tile :149), a depth rather than a count""}",src/components/course/panels/wellcorrelation/FlattenExplorer.jsx:145,src/components/course/panels/wellcorrelation/FlattenExplorer.jsx:145,"src/content/courses/wellcorrelation/intermediate/m06-the-flattening-workflow/l03-the-capstone-walkthrough.md:24 prints ""The value is 3""; tile ""Wells with all four tops 3"" on the default state (probe hit). Count over 4 wells, tol 0."
wellcorrelation,intermediate,displayed_span_m,m,150.0,0.01,none,[],True,,nextgen-panel,integer,1.0,,0.0,,,True,"{""redesign"": ""Displayed span at the new flattening (same tile, different datum top)""}",src/components/course/panels/wellcorrelation/FlattenExplorer.jsx:148,src/components/course/panels/wellcorrelation/FlattenExplorer.jsx:148,"src/content/courses/wellcorrelation/intermediate/m06-the-flattening-workflow/l03-the-capstone-walkthrough.md:26 prints ""The value is 150 m""; tile ""Displayed span 150"" on the default state (probe hit)."
wellcorrelation,advanced,a_to_b_mean,m,141.0,0.01,none,[],True,,nextgen-panel,integer,1.0,,0.0,,,True,"{""redesign"": ""Mean TOP_A to TOP_B over the two remaining carriers when Ekene-3 is withheld (needs a target selector in PredictionExplorer)""}",src/components/course/panels/wellcorrelation/PredictionExplorer.jsx:115,src/components/course/panels/wellcorrelation/PredictionExplorer.jsx:115,"src/content/courses/wellcorrelation/advanced/m06-the-prediction-workflow/l03-the-capstone-walkthrough.md:18 prints ""The value is 141 m""; fixed tile ""Mean TOP_A to TOP_B"" (probe hit)."
wellcorrelation,advanced,sand_to_b_mean,m,92.0,0.01,none,[],True,,nextgen-panel,integer,1.0,,0.0,,,True,"{""redesign"": ""Mean TOP_SAND to TOP_B for the withheld-well case""}",src/components/course/panels/wellcorrelation/PredictionExplorer.jsx:116,src/components/course/panels/wellcorrelation/PredictionExplorer.jsx:116,"src/content/courses/wellcorrelation/advanced/m06-the-prediction-workflow/l03-the-capstone-walkthrough.md:20 prints ""The value is 92 m""; fixed tile (probe hit)."
wellcorrelation,advanced,w4_topb_layercake,m,1671.0,0.01,none,[],True,,nextgen-panel,integer,1.0,,0.0,,,True,"{""redesign"": ""Layer-cake estimate of the withheld well's TOP_B""}",src/components/course/panels/wellcorrelation/PredictionExplorer.jsx:117,src/components/course/panels/wellcorrelation/PredictionExplorer.jsx:117,"src/content/courses/wellcorrelation/advanced/m06-the-prediction-workflow/l03-the-capstone-walkthrough.md:22 prints ""The value is 1671 m""; fixed tile (probe hit)."
wellcorrelation,advanced,w4_topb_from_sand,m,1682.0,0.01,none,[],True,,nextgen-panel,integer,1.0,,0.0,,,True,"{""redesign"": ""From-TOP_SAND estimate of the withheld well's TOP_B""}",src/components/course/panels/wellcorrelation/PredictionExplorer.jsx:118,src/components/course/panels/wellcorrelation/PredictionExplorer.jsx:118,"src/content/courses/wellcorrelation/advanced/m06-the-prediction-workflow/l03-the-capstone-walkthrough.md:24 prints ""The value is 1682 m""; fixed tile (probe hit)."
wellcorrelation,advanced,prediction_spread,m,11.0,0.01,none,[],True,,nextgen-panel,integer,1.0,,0.0,,,True,"{""redesign"": ""Spread for the withheld-well case""}",src/components/course/panels/wellcorrelation/PredictionExplorer.jsx:119,src/components/course/panels/wellcorrelation/PredictionExplorer.jsx:119,"src/content/courses/wellcorrelation/advanced/m06-the-prediction-workflow/l03-the-capstone-walkthrough.md:26 prints ""The value is 11 m""; fixed tile and chart label (probe hit)."
wellcorrelation,advanced,topb_relief,m,34.0,0.01,none,[],True,,nextgen-panel,integer,1.0,,0.0,,,True,"{""redesign"": ""Absolute error of the layer-cake estimate against the withheld well's actual TOP_B (a measured check the panel can print once the target is selectable)""}",src/components/course/panels/wellcorrelation/PredictionExplorer.jsx:120,src/components/course/panels/wellcorrelation/PredictionExplorer.jsx:120,"src/content/courses/wellcorrelation/advanced/m06-the-prediction-workflow/l03-the-capstone-walkthrough.md:28 prints ""The value is 34 m""; fixed tile, also SectionExplorer.jsx:181 with TOP_B selected (probe hits)."
wellcost,beginner,drill_reservoir_hr,h,128.8659793814433,5e-05,redesign,[],False,,unobtainable,,1.0,,,,,True,"{""redesign"": ""Supply the MERLIN A-12 case to the learner; keep key, label, unit and tol.""}","/root/wt-b5-nextgen/migrations/20260904_dr12_wellcost_course.sql (capstone prompt); data only in /root/dr-wip-wellcost/dr12_fields.mjs:66-186 (CAP, activities, items, risk)",,"The prompt says the MERLIN A-12 programme, line items and declared ranges are 'supplied with this capstone', but none of them is: the seventeen activities (intervals, ROPs, trip and running speeds, flat times), the priced line items with basis and category, and the five risk distributions exist only in the wave generator /root/dr-wip-wellcost/dr12_fields.mjs:66-186 (CAP, activities, items, risk). The capstone card renders only title and prompt (WellCostLearningPage.jsx:330-331), no lesson prints them (scan of src/content/courses/wellcost found no graded value), and the panels (/root/wt-b5-nextgen/src/components/course/panels/wellcost/) run teaching cases only. Closed form interval/ROP, taught (TimeExplorer.jsx:67 teaching rates); tol 5e-5 h is fine at full precision. (Suite ProgramTab.jsx prints hours to 1 decimal and days to 1 decimal, ProgramTab.jsx:92/183/191, so the studio could not reach this tol either: tolerance mismatch if the studio became the route.)"
wellcost,beginner,trip_td_hr,h,12.725806451612904,5e-06,redesign,[],False,,unobtainable,,1.0,,,,,True,"{""redesign"": ""Supply the MERLIN A-12 case to the learner; keep key, label, unit and tol.""}","/root/wt-b5-nextgen/migrations/20260904_dr12_wellcost_course.sql (capstone prompt); data only in /root/dr-wip-wellcost/dr12_fields.mjs:66-186 (CAP, activities, items, risk)",,"The prompt says the MERLIN A-12 programme, line items and declared ranges are 'supplied with this capstone', but none of them is: the seventeen activities (intervals, ROPs, trip and running speeds, flat times), the priced line items with basis and category, and the five risk distributions exist only in the wave generator /root/dr-wip-wellcost/dr12_fields.mjs:66-186 (CAP, activities, items, risk). The capstone card renders only title and prompt (WellCostLearningPage.jsx:330-331), no lesson prints them (scan of src/content/courses/wellcost found no graded value), and the panels (/root/wt-b5-nextgen/src/components/course/panels/wellcost/) run teaching cases only. 2 x depth / speed; tol 5e-6 h. (Suite ProgramTab.jsx prints hours to 1 decimal and days to 1 decimal, ProgramTab.jsx:92/183/191, so the studio could not reach this tol either: tolerance mismatch if the studio became the route.)"
wellcost,beginner,casing_liner_run_hr,h,41.285714285714285,2e-05,redesign,[],False,,unobtainable,,1.0,,,,,True,"{""redesign"": ""Supply the MERLIN A-12 case to the learner; keep key, label, unit and tol.""}","/root/wt-b5-nextgen/migrations/20260904_dr12_wellcost_course.sql (capstone prompt); data only in /root/dr-wip-wellcost/dr12_fields.mjs:66-186 (CAP, activities, items, risk)",,"The prompt says the MERLIN A-12 programme, line items and declared ranges are 'supplied with this capstone', but none of them is: the seventeen activities (intervals, ROPs, trip and running speeds, flat times), the priced line items with basis and category, and the five risk distributions exist only in the wave generator /root/dr-wip-wellcost/dr12_fields.mjs:66-186 (CAP, activities, items, risk). The capstone card renders only title and prompt (WellCostLearningPage.jsx:330-331), no lesson prints them (scan of src/content/courses/wellcost found no graded value), and the panels (/root/wt-b5-nextgen/src/components/course/panels/wellcost/) run teaching cases only. depth / speed + flat time; tol 2e-5 h. (Suite ProgramTab.jsx prints hours to 1 decimal and days to 1 decimal, ProgramTab.jsx:92/183/191, so the studio could not reach this tol either: tolerance mismatch if the studio became the route.)"
wellcost,beginner,productive_hr,h,896.5426011394405,0.0005,redesign,[],False,,unobtainable,,1.0,,,,,True,"{""redesign"": ""Supply the MERLIN A-12 case to the learner; keep key, label, unit and tol.""}","/root/wt-b5-nextgen/migrations/20260904_dr12_wellcost_course.sql (capstone prompt); data only in /root/dr-wip-wellcost/dr12_fields.mjs:66-186 (CAP, activities, items, risk)",,"The prompt says the MERLIN A-12 programme, line items and declared ranges are 'supplied with this capstone', but none of them is: the seventeen activities (intervals, ROPs, trip and running speeds, flat times), the priced line items with basis and category, and the five risk distributions exist only in the wave generator /root/dr-wip-wellcost/dr12_fields.mjs:66-186 (CAP, activities, items, risk). The capstone card renders only title and prompt (WellCostLearningPage.jsx:330-331), no lesson prints them (scan of src/content/courses/wellcost found no graded value), and the panels (/root/wt-b5-nextgen/src/components/course/panels/wellcost/) run teaching cases only. Sum of seventeen activity hours; tol 5e-4 h. (Suite ProgramTab.jsx prints hours to 1 decimal and days to 1 decimal, ProgramTab.jsx:92/183/191, so the studio could not reach this tol either: tolerance mismatch if the studio became the route.)"
wellcost,beginner,npt_hr,h,255.51464132474018,0.0002,redesign,[],False,,unobtainable,,1.0,,,,,True,"{""redesign"": ""Supply the MERLIN A-12 case to the learner; keep key, label, unit and tol.""}","/root/wt-b5-nextgen/migrations/20260904_dr12_wellcost_course.sql (capstone prompt); data only in /root/dr-wip-wellcost/dr12_fields.mjs:66-186 (CAP, activities, items, risk)",,"The prompt says the MERLIN A-12 programme, line items and declared ranges are 'supplied with this capstone', but none of them is: the seventeen activities (intervals, ROPs, trip and running speeds, flat times), the priced line items with basis and category, and the five risk distributions exist only in the wave generator /root/dr-wip-wellcost/dr12_fields.mjs:66-186 (CAP, activities, items, risk). The capstone card renders only title and prompt (WellCostLearningPage.jsx:330-331), no lesson prints them (scan of src/content/courses/wellcost found no graded value), and the panels (/root/wt-b5-nextgen/src/components/course/panels/wellcost/) run teaching cases only. 0.285 x productive; tol 2e-4 h. The allowance is stated but the productive hours it multiplies are not. (Suite ProgramTab.jsx prints hours to 1 decimal and days to 1 decimal, ProgramTab.jsx:92/183/191, so the studio could not reach this tol either: tolerance mismatch if the studio became the route.)"
wellcost,beginner,total_days,d,48.0023851026742,2e-05,redesign,[],False,,unobtainable,,1.0,,,,,True,"{""redesign"": ""Supply the MERLIN A-12 case to the learner; keep key, label, unit and tol.""}","/root/wt-b5-nextgen/migrations/20260904_dr12_wellcost_course.sql (capstone prompt); data only in /root/dr-wip-wellcost/dr12_fields.mjs:66-186 (CAP, activities, items, risk)",,"The prompt says the MERLIN A-12 programme, line items and declared ranges are 'supplied with this capstone', but none of them is: the seventeen activities (intervals, ROPs, trip and running speeds, flat times), the priced line items with basis and category, and the five risk distributions exist only in the wave generator /root/dr-wip-wellcost/dr12_fields.mjs:66-186 (CAP, activities, items, risk). The capstone card renders only title and prompt (WellCostLearningPage.jsx:330-331), no lesson prints them (scan of src/content/courses/wellcost found no graded value), and the panels (/root/wt-b5-nextgen/src/components/course/panels/wellcost/) run teaching cases only. (productive + NPT)/24; tol 2e-5 d. (Suite ProgramTab.jsx prints hours to 1 decimal and days to 1 decimal, ProgramTab.jsx:92/183/191, so the studio could not reach this tol either: tolerance mismatch if the studio became the route.)"
wellcost,intermediate,tangible_usd,USD,3140000.0,2.0,redesign,[],False,,unobtainable,,1.0,,,,,True,"{""redesign"": ""Supply the MERLIN A-12 case to the learner; keep key, label, unit and tol.""}","/root/wt-b5-nextgen/migrations/20260904_dr12_wellcost_course.sql (capstone prompt); data only in /root/dr-wip-wellcost/dr12_fields.mjs:66-186 (CAP, activities, items, risk)",,"The prompt says the MERLIN A-12 programme, line items and declared ranges are 'supplied with this capstone', but none of them is: the seventeen activities (intervals, ROPs, trip and running speeds, flat times), the priced line items with basis and category, and the five risk distributions exist only in the wave generator /root/dr-wip-wellcost/dr12_fields.mjs:66-186 (CAP, activities, items, risk). The capstone card renders only title and prompt (WellCostLearningPage.jsx:330-331), no lesson prints them (scan of src/content/courses/wellcost found no graded value), and the panels (/root/wt-b5-nextgen/src/components/course/panels/wellcost/) run teaching cases only. Sum of tangible lump and per-metre lines; tol 2 USD. Integral value (3140000) but not a guessable space. (Suite CostTab.jsx:22 rounds USD to whole dollars, which is inside this tol.)"
wellcost,intermediate,intangible_usd,USD,12245809.811338801,6.0,redesign,[],False,,unobtainable,,1.0,,,,,True,"{""redesign"": ""Supply the MERLIN A-12 case to the learner; keep key, label, unit and tol.""}","/root/wt-b5-nextgen/migrations/20260904_dr12_wellcost_course.sql (capstone prompt); data only in /root/dr-wip-wellcost/dr12_fields.mjs:66-186 (CAP, activities, items, risk)",,"The prompt says the MERLIN A-12 programme, line items and declared ranges are 'supplied with this capstone', but none of them is: the seventeen activities (intervals, ROPs, trip and running speeds, flat times), the priced line items with basis and category, and the five risk distributions exist only in the wave generator /root/dr-wip-wellcost/dr12_fields.mjs:66-186 (CAP, activities, items, risk). The capstone card renders only title and prompt (WellCostLearningPage.jsx:330-331), no lesson prints them (scan of src/content/courses/wellcost found no graded value), and the panels (/root/wt-b5-nextgen/src/components/course/panels/wellcost/) run teaching cases only. Per-day lines x total days plus lumps; tol 6 USD. (Suite CostTab.jsx:22 rounds USD to whole dollars, which is inside this tol.)"
wellcost,intermediate,contingency_usd,USD,3615665.305664618,2.0,redesign,[],False,,unobtainable,,1.0,,,,,True,"{""redesign"": ""Supply the MERLIN A-12 case to the learner; keep key, label, unit and tol.""}","/root/wt-b5-nextgen/migrations/20260904_dr12_wellcost_course.sql (capstone prompt); data only in /root/dr-wip-wellcost/dr12_fields.mjs:66-186 (CAP, activities, items, risk)",,"The prompt says the MERLIN A-12 programme, line items and declared ranges are 'supplied with this capstone', but none of them is: the seventeen activities (intervals, ROPs, trip and running speeds, flat times), the priced line items with basis and category, and the five risk distributions exist only in the wave generator /root/dr-wip-wellcost/dr12_fields.mjs:66-186 (CAP, activities, items, risk). The capstone card renders only title and prompt (WellCostLearningPage.jsx:330-331), no lesson prints them (scan of src/content/courses/wellcost found no graded value), and the panels (/root/wt-b5-nextgen/src/components/course/panels/wellcost/) run teaching cases only. 0.235 x base; tol 2 USD. (Suite CostTab.jsx:22 rounds USD to whole dollars, which is inside this tol.)"
wellcost,intermediate,total_usd,USD,19001475.11700342,10.0,redesign,[],False,,unobtainable,,1.0,,,,,True,"{""redesign"": ""Supply the MERLIN A-12 case to the learner; keep key, label, unit and tol.""}","/root/wt-b5-nextgen/migrations/20260904_dr12_wellcost_course.sql (capstone prompt); data only in /root/dr-wip-wellcost/dr12_fields.mjs:66-186 (CAP, activities, items, risk)",,"The prompt says the MERLIN A-12 programme, line items and declared ranges are 'supplied with this capstone', but none of them is: the seventeen activities (intervals, ROPs, trip and running speeds, flat times), the priced line items with basis and category, and the five risk distributions exist only in the wave generator /root/dr-wip-wellcost/dr12_fields.mjs:66-186 (CAP, activities, items, risk). The capstone card renders only title and prompt (WellCostLearningPage.jsx:330-331), no lesson prints them (scan of src/content/courses/wellcost found no graded value), and the panels (/root/wt-b5-nextgen/src/components/course/panels/wellcost/) run teaching cases only. base + contingency; tol 10 USD. (Suite CostTab.jsx:22 rounds USD to whole dollars, which is inside this tol.)"
wellcost,intermediate,cpm_intermediate_usd_m,USD/m,1097.8465106873223,0.0005,redesign,[],False,,unobtainable,,1.0,,,,,True,"{""redesign"": ""Supply the MERLIN A-12 case to the learner; keep key, label, unit and tol.""}","/root/wt-b5-nextgen/migrations/20260904_dr12_wellcost_course.sql (capstone prompt); data only in /root/dr-wip-wellcost/dr12_fields.mjs:66-186 (CAP, activities, items, risk)",,"The prompt says the MERLIN A-12 programme, line items and declared ranges are 'supplied with this capstone', but none of them is: the seventeen activities (intervals, ROPs, trip and running speeds, flat times), the priced line items with basis and category, and the five risk distributions exist only in the wave generator /root/dr-wip-wellcost/dr12_fields.mjs:66-186 (CAP, activities, items, risk). The capstone card renders only title and prompt (WellCostLearningPage.jsx:330-331), no lesson prints them (scan of src/content/courses/wellcost found no graded value), and the panels (/root/wt-b5-nextgen/src/components/course/panels/wellcost/) run teaching cases only. Section cost / section metres; tol 5e-4 USD/m. Suite CostTab.jsx:126 prints cost per metre toFixed(2), so the studio route would also need a tol of at least 0.005 or a longer print."
wellcost,intermediate,cpm_reservoir_usd_m,USD/m,2520.081523112737,0.002,redesign,[],False,,unobtainable,,1.0,,,,,True,"{""redesign"": ""Supply the MERLIN A-12 case to the learner; keep key, label, unit and tol.""}","/root/wt-b5-nextgen/migrations/20260904_dr12_wellcost_course.sql (capstone prompt); data only in /root/dr-wip-wellcost/dr12_fields.mjs:66-186 (CAP, activities, items, risk)",,"The prompt says the MERLIN A-12 programme, line items and declared ranges are 'supplied with this capstone', but none of them is: the seventeen activities (intervals, ROPs, trip and running speeds, flat times), the priced line items with basis and category, and the five risk distributions exist only in the wave generator /root/dr-wip-wellcost/dr12_fields.mjs:66-186 (CAP, activities, items, risk). The capstone card renders only title and prompt (WellCostLearningPage.jsx:330-331), no lesson prints them (scan of src/content/courses/wellcost found no graded value), and the panels (/root/wt-b5-nextgen/src/components/course/panels/wellcost/) run teaching cases only. Section cost / section metres; tol 2e-3 USD/m. Same Suite toFixed(2) caveat (CostTab.jsx:126)."
wellcost,advanced,curve_at_int_casing_usd,USD,5421894.326682938,2.0,redesign,[],False,,unobtainable,,1.0,,,,,True,"{""redesign"": ""Supply the MERLIN A-12 case to the learner; keep key, label, unit and tol.""}","/root/wt-b5-nextgen/migrations/20260904_dr12_wellcost_course.sql (capstone prompt); data only in /root/dr-wip-wellcost/dr12_fields.mjs:66-186 (CAP, activities, items, risk)",,"The prompt says the MERLIN A-12 programme, line items and declared ranges are 'supplied with this capstone', but none of them is: the seventeen activities (intervals, ROPs, trip and running speeds, flat times), the priced line items with basis and category, and the five risk distributions exist only in the wave generator /root/dr-wip-wellcost/dr12_fields.mjs:66-186 (CAP, activities, items, risk). The capstone card renders only title and prompt (WellCostLearningPage.jsx:330-331), no lesson prints them (scan of src/content/courses/wellcost found no graded value), and the panels (/root/wt-b5-nextgen/src/components/course/panels/wellcost/) run teaching cases only. Cumulative base cost at the intermediate casing point; tol 2 USD."
wellcost,advanced,curve_at_evaluation_usd,USD,11152431.73458189,5.0,redesign,[],False,,unobtainable,,1.0,,,,,True,"{""redesign"": ""Supply the MERLIN A-12 case to the learner; keep key, label, unit and tol.""}","/root/wt-b5-nextgen/migrations/20260904_dr12_wellcost_course.sql (capstone prompt); data only in /root/dr-wip-wellcost/dr12_fields.mjs:66-186 (CAP, activities, items, risk)",,"The prompt says the MERLIN A-12 programme, line items and declared ranges are 'supplied with this capstone', but none of them is: the seventeen activities (intervals, ROPs, trip and running speeds, flat times), the priced line items with basis and category, and the five risk distributions exist only in the wave generator /root/dr-wip-wellcost/dr12_fields.mjs:66-186 (CAP, activities, items, risk). The capstone card renders only title and prompt (WellCostLearningPage.jsx:330-331), no lesson prints them (scan of src/content/courses/wellcost found no graded value), and the panels (/root/wt-b5-nextgen/src/components/course/panels/wellcost/) run teaching cases only. Cumulative base cost at evaluation; tol 5 USD."
wellcost,advanced,curve_final_usd,USD,15385809.811338803,8.0,redesign,[],False,,unobtainable,,1.0,,,,,True,"{""redesign"": ""Supply the MERLIN A-12 case to the learner; keep key, label, unit and tol.""}","/root/wt-b5-nextgen/migrations/20260904_dr12_wellcost_course.sql (capstone prompt); data only in /root/dr-wip-wellcost/dr12_fields.mjs:66-186 (CAP, activities, items, risk)",,"The prompt says the MERLIN A-12 programme, line items and declared ranges are 'supplied with this capstone', but none of them is: the seventeen activities (intervals, ROPs, trip and running speeds, flat times), the priced line items with basis and category, and the five risk distributions exist only in the wave generator /root/dr-wip-wellcost/dr12_fields.mjs:66-186 (CAP, activities, items, risk). The capstone card renders only title and prompt (WellCostLearningPage.jsx:330-331), no lesson prints them (scan of src/content/courses/wellcost found no graded value), and the panels (/root/wt-b5-nextgen/src/components/course/panels/wellcost/) run teaching cases only. Equals tangible + intangible from the Professional tier (the prompt's own free check), so it would be hand-derivable from those two if they were obtainable; tol 8 USD."
wellcost,advanced,mc_cost_p10_usd,USD,15111064.647716,8.0,redesign,[],False,,unobtainable,,1.0,,,,,True,"{""redesign"": ""Supply the MERLIN A-12 case and risk ranges, and make the seeded run readable at full precision (Suite RiskTab.jsx:24 and :171) or set tol to half a unit of its print.""}","/root/wt-b5-nextgen/migrations/20260904_dr12_wellcost_course.sql (capstone prompt); data only in /root/dr-wip-wellcost/dr12_fields.mjs:66-186 (CAP, activities, items, risk)",,"The prompt says the MERLIN A-12 programme, line items and declared ranges are 'supplied with this capstone', but none of them is: the seventeen activities (intervals, ROPs, trip and running speeds, flat times), the priced line items with basis and category, and the five risk distributions exist only in the wave generator /root/dr-wip-wellcost/dr12_fields.mjs:66-186 (CAP, activities, items, risk). The capstone card renders only title and prompt (WellCostLearningPage.jsx:330-331), no lesson prints them (scan of src/content/courses/wellcost found no graded value), and the panels (/root/wt-b5-nextgen/src/components/course/panels/wellcost/) run teaching cases only. Fixed-seed 20000-iteration run through the canonical sampler (src/lib/monteCarlo.js); not hand-calculable. AFE P10 is the low cost (the sampler's crossed label)."
wellcost,advanced,mc_cost_p90_usd,USD,17776363.724421192,10.0,redesign,[],False,,unobtainable,,1.0,,,,,True,"{""redesign"": ""Supply the MERLIN A-12 case and risk ranges, and make the seeded run readable at full precision (Suite RiskTab.jsx:24 and :171) or set tol to half a unit of its print.""}","/root/wt-b5-nextgen/migrations/20260904_dr12_wellcost_course.sql (capstone prompt); data only in /root/dr-wip-wellcost/dr12_fields.mjs:66-186 (CAP, activities, items, risk)",,"The prompt says the MERLIN A-12 programme, line items and declared ranges are 'supplied with this capstone', but none of them is: the seventeen activities (intervals, ROPs, trip and running speeds, flat times), the priced line items with basis and category, and the five risk distributions exist only in the wave generator /root/dr-wip-wellcost/dr12_fields.mjs:66-186 (CAP, activities, items, risk). The capstone card renders only title and prompt (WellCostLearningPage.jsx:330-331), no lesson prints them (scan of src/content/courses/wellcost found no graded value), and the panels (/root/wt-b5-nextgen/src/components/course/panels/wellcost/) run teaching cases only. Same seeded run; tol 10 USD."
wellcost,advanced,mc_days_p50,d,49.37724886122158,3e-05,redesign,[],False,,unobtainable,,1.0,,,,,True,"{""redesign"": ""Supply the MERLIN A-12 case and risk ranges, and make the seeded run readable at full precision (Suite RiskTab.jsx:24 and :171) or set tol to half a unit of its print.""}","/root/wt-b5-nextgen/migrations/20260904_dr12_wellcost_course.sql (capstone prompt); data only in /root/dr-wip-wellcost/dr12_fields.mjs:66-186 (CAP, activities, items, risk)",,"The prompt says the MERLIN A-12 programme, line items and declared ranges are 'supplied with this capstone', but none of them is: the seventeen activities (intervals, ROPs, trip and running speeds, flat times), the priced line items with basis and category, and the five risk distributions exist only in the wave generator /root/dr-wip-wellcost/dr12_fields.mjs:66-186 (CAP, activities, items, risk). The capstone card renders only title and prompt (WellCostLearningPage.jsx:330-331), no lesson prints them (scan of src/content/courses/wellcost found no graded value), and the panels (/root/wt-b5-nextgen/src/components/course/panels/wellcost/) run teaching cases only. Same seeded run; tol 3e-5 d."
welldata,beginner,basic_n_samples,count,301.0,0.0,none,"[""zero_tol""]",True,,nextgen-panel,integer,1.0,0,0.0,,,False,,src/components/course/panels/welldata/LasInspector.jsx:54,src/components/course/panels/welldata/LasInspector.jsx:54,Samples / NULL tile prints qc.depth.nSamples as a raw integer ('301 / -999.25' style); an integer count graded at tol 0 is honest.
welldata,beginner,basic_gr_nulls,count,8.0,0.0,none,"[""zero_tol""]",True,,nextgen-panel,integer,1.0,0,0.0,,,False,,src/components/course/panels/welldata/LasInspector.jsx:73,src/components/course/panels/welldata/LasInspector.jsx:73,"Per-curve table nulls column prints c.nullCount as an integer (8 for GR on basic_20); tol 0 on a true count is honest, and the value is not a small guessable class."
welldata,beginner,basic_gr_mean,GAPI,64.92719962459896,0.05,none,[],True,,nextgen-panel,"{""decimals"": 4}",1.0,,3.7540104358413373e-07,,,False,,src/components/course/panels/welldata/LasInspector.jsx:76,src/components/course/panels/welldata/LasInspector.jsx:9,"Mean (finite) column uses num(v, 4) = toFixed(4), printing 64.9272 against expected 64.92719962...; tol 0.05 is far wider than half a unit of the 4th decimal."
welldata,beginner,feet_step_m,m,0.6096,0.001,none,[],True,,nextgen-panel,"{""decimals"": 4}",1.0,,0.0,,,False,,src/components/course/panels/welldata/LasInspector.jsx:53,src/components/course/panels/welldata/LasInspector.jsx:53,"Step tile prints `${num(stepNative,4)} F / ${num(stepM,4)} m` = '2.0000 F / 0.6096 m'; stepM is the average native step x 0.3048 (src/lib/welldataTeaching.js:57-72). tol 0.001 covers the 4-decimal print and the float32 first difference 0.609619."
welldata,beginner,nullheavy_nphi_nulls,count,201.0,0.0,none,"[""zero_tol""]",True,,nextgen-panel,integer,1.0,0,0.0,,,False,,src/components/course/panels/welldata/LasInspector.jsx:73,src/components/course/panels/welldata/LasInspector.jsx:73,nullheavy_20 NPHI row (rendered red as dead) prints nulls 201 as an integer; tol 0 on a count is honest.
welldata,beginner,wrapped_n_samples,count,161.0,0.0,none,"[""zero_tol""]",True,,nextgen-panel,integer,1.0,0,0.0,,,False,,src/components/course/panels/welldata/LasInspector.jsx:54,src/components/course/panels/welldata/LasInspector.jsx:54,"wrapped_12 Samples / NULL tile prints 161 as an integer; tol 0 on a count is honest, and 483 (physical lines) is the taught trap."
welldata,intermediate,start_md_m,m,1493.52001953125,0.01,none,[],True,,nextgen-panel,"{""decimals"": 8}",1.0,,1.2501004675868899e-09,,,False,,src/components/course/panels/welldata/ImportExplorer.jsx:106,src/components/course/panels/welldata/ImportExplorer.jsx:13,"'Start converted' tile prints fmt(prep.startMdM, 8) = 1493.52001953 m; tol 0.01 also passes the hand answer 4900 x 0.3048 = 1493.52."
welldata,intermediate,stop_md_m,m,1584.9599609375,0.01,none,[],True,,nextgen-panel,"{""decimals"": 8}",1.0,,2.4999735614983365e-09,,,False,,src/components/course/panels/welldata/ImportExplorer.jsx:107,src/components/course/panels/welldata/ImportExplorer.jsx:13,"'Stop converted' tile prints fmt(prep.stopMdM, 8) = 1584.95996094 m; tol 0.01 also passes 5200 x 0.3048 = 1584.96."
welldata,intermediate,step_m,m,0.609619140625,0.001,none,[],True,,nextgen-panel,"{""decimals"": 12}",1.0,,0.0,,,False,,src/components/course/panels/welldata/ImportExplorer.jsx:112,src/components/course/panels/welldata/ImportExplorer.jsx:112,"'Reported step' tile prints fmt(r.step, 12) = 0.609619140625 m exactly; tol 0.001 also passes 0.6096, the average step and the other float32 differences."
welldata,intermediate,converted_curves,count,2.0,0.0,none,"[""zero_tol""]",True,,nextgen-panel,integer,1.0,,0.0,6,0.1667,False,,src/components/course/panels/welldata/ImportExplorer.jsx:109,src/components/course/panels/welldata/ImportExplorer.jsx:109,"'Curves unit-converted' tile prints String(r.converted) = 2 (DEPT F->M and DT US/F->US/M, both flagged YES in the table at :92-93). A true count shown as an integer, tol 0 honest; 0..5 of five columns gives 1/6 by guessing."
welldata,intermediate,recognized_kinds,count,4.0,0.0,none,"[""zero_tol""]",True,,nextgen-panel,integer,1.0,,0.0,5,0.2,False,,src/components/course/panels/welldata/ImportExplorer.jsx:110,src/components/course/panels/welldata/ImportExplorer.jsx:110,"'Curve kinds recognised' tile prints String(r.kinds) = 4 with unit 'count (index excluded)'. Integer count, tol 0 honest; 0..4 non-index curves gives 1/5 by guessing, below the 0.25 bar."
welldata,intermediate,irregular_samples,count,121.0,0.0,none,"[""zero_tol""]",True,,nextgen-panel,integer,1.0,,0.0,,,False,,src/components/course/panels/welldata/ImportExplorer.jsx:108,src/components/course/panels/welldata/ImportExplorer.jsx:108,"With irregular_20 selected the 'Samples' tile prints String(r.samples) = 121 rows (probe state irregular_20.las: 'Samples121rows'); LasInspector.jsx:54 prints the same. A measured count at tol 0, honest."
welldata,advanced,campaign_curves,count,24.0,0.0,none,"[""zero_tol""]",True,,nextgen-panel,integer,1.0,,0.0,,,False,,src/components/course/panels/welldata/CampaignExplorer.jsx:247,src/components/course/panels/welldata/CampaignExplorer.jsx:247,"'Curves imported' tile prints String(A.campaignCurves) = 24 (depth excluded), also in the campaign row at :197. Integer count, tol 0 honest; the taught trap is 30."
welldata,advanced,converted_files,count,1.0,0.0,none,"[""zero_tol""]",True,,nextgen-panel,integer,1.0,,0.0,7,0.1429,False,,src/components/course/panels/welldata/CampaignExplorer.jsx:248,src/components/course/panels/welldata/CampaignExplorer.jsx:248,"'Files needing conversion' tile prints 1; integer count of 0..6 files, tol 0 honest, guess 1/7."
welldata,advanced,dead_curves,count,1.0,0.0,none,"[""zero_tol""]",True,,nextgen-panel,integer,1.0,,0.0,7,0.1429,False,,src/components/course/panels/welldata/CampaignExplorer.jsx:249,src/components/course/panels/welldata/CampaignExplorer.jsx:249,"'Dead curves' tile prints 1; integer count, tol 0 honest. Plausible guesses cluster at 0..6, so about 1/7."
welldata,advanced,uniform_files,count,5.0,0.0,none,"[""zero_tol""]",True,,nextgen-panel,integer,1.0,,0.0,7,0.1429,False,,src/components/course/panels/welldata/CampaignExplorer.jsx:250,src/components/course/panels/welldata/CampaignExplorer.jsx:250,"'Files with a uniform step' tile prints '5' with unit 'of 6'; integer count, tol 0 honest, guess 1/7."
welldata,advanced,wrapped_samples,count,161.0,0.0,none,"[""zero_tol""]",True,,nextgen-panel,integer,1.0,,0.0,,,False,,src/components/course/panels/welldata/CampaignExplorer.jsx:251,src/components/course/panels/welldata/CampaignExplorer.jsx:251,"'wrapped_12 depth samples' tile prints String(A.wrappedSamples) = 161; integer count at tol 0, honest. Same value as the beginner field wrapped_n_samples."
welldata,advanced,nullheavy_nulls,count,272.0,0.0,none,"[""zero_tol""]",True,,nextgen-panel,integer,1.0,,0.0,,,False,,src/components/course/panels/welldata/CampaignExplorer.jsx:252,src/components/course/panels/welldata/CampaignExplorer.jsx:252,"'nullheavy_20 flagged nulls' tile prints 272; the lower table (open by default on nullheavy_20, :158) totals 71+0+201+0 = 272 at :238. Integer count, tol 0 honest."
welldesign,beginner,ade_mincurve_tvd,ft,1653.986686265376,0.002,none,[],False,,nextgen-panel,"{""decimals"": 4}",1.0,,1.3734623962591286e-05,,,False,,"/root/wt-b5-nextgen/src/components/course/panels/welldesign/SurveyExplorer.jsx:118-120 (wd-survey-explorer, view ""The four methods"", Minimum curvature row)","/root/wt-b5-nextgen/src/components/course/panels/welldesign/SurveyExplorer.jsx:15-17,120","Methods table prints fmt(x.tvd, 4) = 1,653.9867 against expected 1653.986686; tol 0.002 is 40x half a unit in the 4th decimal. The panel also prints the published 1653.99, which fails (lesson warns)."
welldesign,beginner,ade_tangential_tvd_error,ft,-25.38120586938976,0.005,none,[],False,,nextgen-panel,"{""decimals"": 4}",1.0,,5.869389759993737e-06,,,False,,"/root/wt-b5-nextgen/src/components/course/panels/welldesign/SurveyExplorer.jsx:122-124 (Tangential row, TVD error column); /root/wt-b5-nextgen/src/components/course/panels/welldesign/welldesignLab.js:97 tvdError = tanTvd - pub.tvd",/root/wt-b5-nextgen/src/components/course/panels/welldesign/SurveyExplorer.jsx:123,"TVD error column is computed against the PUBLISHED 1653.99 (welldesignLab.js:97), exactly the prompt's definition; prints -25.3812 vs expected -25.381206, tol 0.005."
welldesign,beginner,golden_ft_tvd,ft,3686.9804661202493,0.005,none,[],True,,nextgen-panel,"{""decimals"": 4}",1.0,,3.387975084478967e-05,,,False,,"/root/wt-b5-nextgen/src/components/course/panels/welldesign/SurveyExplorer.jsx:49 (Survey listing, well select default ""feet"", line 27)",/root/wt-b5-nextgen/src/components/course/panels/welldesign/SurveyExplorer.jsx:49,"Tile 'TVD at TD' fmt(s.tvd, 4) = 3,686.9805; tol 0.005."
welldesign,beginner,golden_ft_vertical_section,ft,1255.8726308373678,0.005,none,[],True,,nextgen-panel,"{""decimals"": 4}",1.0,,3.0837367830827134e-05,,,False,,/root/wt-b5-nextgen/src/components/course/panels/welldesign/SurveyExplorer.jsx:52,/root/wt-b5-nextgen/src/components/course/panels/welldesign/SurveyExplorer.jsx:52,"Tile 'Vertical section' fmt(s.vs, 4) with unit 'on 75.0 deg' (the fixture's own azimuth, welldesignLab.js:50); prints 1,255.8726; tol 0.005."
welldesign,beginner,golden_m_north,m,-1320.505235386686,0.005,none,[],False,,nextgen-panel,"{""decimals"": 4}",1.0,,3.5386686022320646e-05,,,False,,"/root/wt-b5-nextgen/src/components/course/panels/welldesign/SurveyExplorer.jsx:50 (well select ""The metric well"")",/root/wt-b5-nextgen/src/components/course/panels/welldesign/SurveyExplorer.jsx:50,"Tile 'North' fmt(s.n, 4) = -1,320.5052 on the metric well (vs azimuth from fixture, 200 deg); tol 0.005."
welldesign,beginner,buildhold_end_tvd,ft,1481.1257260785915,0.005,none,[],False,,nextgen-panel,"{""decimals"": 4}",1.0,,2.6078591417899588e-05,,,False,,"/root/wt-b5-nextgen/src/components/course/panels/welldesign/SurveyExplorer.jsx:162 (view ""Trajectory design"", buildHoldCase(0), line 147)",/root/wt-b5-nextgen/src/components/course/panels/welldesign/SurveyExplorer.jsx:162,"Tile 'End TVD' fmt(bh.end.tvd, 4) = 1,481.1257 for the first published build-and-hold case; tol 0.005."
welldesign,intermediate,well1_cov_nn,m2,8547.77693579118,0.005,none,[],False,"{""wave"": ""w4a"", ""route"": ""typed-case panel print (W4a)""}",nextgen-panel,"{""decimals"": 4}",1.0,,3.579117947083432e-05,,,False,,"src/components/course/panels/welldesign/UncertaintyExplorer.jsx station selector, total depth (index 267)","src/components/course/panels/welldesign/UncertaintyExplorer.jsx Tile 'North-north variance' fmt(u.cov[0][0], 4)","Selecting the total depth station in the uncertainty explorer prints the north-north entry of the total covariance to 4 dp, within tol 0.005 of the key (panelCapstoneGuard.test.js 'THE ROUTE'). The view opens on station 180, which prints no Professional answer."
welldesign,intermediate,well1_sigma_lateral,m,95.65082424690361,0.005,none,[],True,,nextgen-panel,"{""decimals"": 4}",1.0,,2.4246903606695014e-05,,,False,,"/root/wt-b5-nextgen/src/components/course/panels/welldesign/UncertaintyExplorer.jsx:50 (station select default 267, line 24)","/root/wt-b5-nextgen/src/components/course/panels/welldesign/UncertaintyExplorer.jsx:12-14,50","Tile 'Lateral sigma' fmt(u.sigmaL, 4) = 95.6508; tol 0.005. The adjacent 'Ellipse semi-major' 95.6509 at 1 sigma would also pass."
welldesign,intermediate,well1_sigma_highside,m,21.636241962526093,0.005,none,[],True,,nextgen-panel,"{""decimals"": 4}",1.0,,4.196252609389717e-05,,,False,,/root/wt-b5-nextgen/src/components/course/panels/welldesign/UncertaintyExplorer.jsx:49,/root/wt-b5-nextgen/src/components/course/panels/welldesign/UncertaintyExplorer.jsx:49,"Tile 'Highside sigma' fmt(u.sigmaH, 4) = 21.6362; tol 0.005."
welldesign,intermediate,well1_ellipse95_semimajor,m,267.39198828526287,0.005,none,[],True,,nextgen-panel,"{""decimals"": 4}",1.0,,1.171473712702209e-05,,,False,,/root/wt-b5-nextgen/src/components/course/panels/welldesign/UncertaintyExplorer.jsx:56,/root/wt-b5-nextgen/src/components/course/panels/welldesign/UncertaintyExplorer.jsx:56,"Tile 'Semi-major at 95 percent' fmt(u.ellipse95.semiMajor, 4), unit 'm, k 2.7955'; prints 267.392 (trailing zero trimmed) vs 267.391988; tol 0.005."
welldesign,intermediate,well1_ellipse_azimuth_deg,deg,165.05207648844214,0.005,none,[],True,,nextgen-panel,"{""decimals"": 4}",1.0,,2.3511557856181753e-05,,,False,,/root/wt-b5-nextgen/src/components/course/panels/welldesign/UncertaintyExplorer.jsx:55,/root/wt-b5-nextgen/src/components/course/panels/welldesign/UncertaintyExplorer.jsx:55,"Tile 'Ellipse azimuth' fmt(u.ellipse1.azimuthDeg, 4) = 165.0521; tol 0.005."
welldesign,intermediate,well1_amil_share_pct,percent,58.294649231431436,0.005,none,[],True,,nextgen-panel,"{""decimals"": 3}",1.0,,0.0003507685685661954,,,False,,/root/wt-b5-nextgen/src/components/course/panels/welldesign/UncertaintyExplorer.jsx:92 (AMIL row of the per-source table),/root/wt-b5-nextgen/src/components/course/panels/welldesign/UncertaintyExplorer.jsx:92,"Table 'Share' fmt(100 * c.shareOfTrace, 3) percent = 58.295 vs 58.294649 (diff 0.00035); tol 0.005 is 10x half a unit in the 3rd decimal."
welldesign,advanced,well01_min_sf,-,1.400242036710446,0.0005,none,[],False,,nextgen-panel,"{""decimals"": 6}",1.0,,3.6710446016385845e-08,,,False,,"/root/wt-b5-nextgen/src/components/course/panels/welldesign/ClearanceExplorer.jsx:51 (Ladder, offset select ""01 - well"")","/root/wt-b5-nextgen/src/components/course/panels/welldesign/ClearanceExplorer.jsx:14-16,51","Tile 'Minimum separation factor' fmt(c.minSf, 6) = 1.400242; tol 0.0005. Published minimum shown beside it (line 52) also passes."
welldesign,advanced,well09_min_sf,-,0.009794688844024428,5e-05,none,[],False,,nextgen-panel,"{""decimals"": 6}",1.0,,3.1115597557210273e-07,,,False,,"/root/wt-b5-nextgen/src/components/course/panels/welldesign/ClearanceExplorer.jsx:51 (offset ""09 - well"")",/root/wt-b5-nextgen/src/components/course/panels/welldesign/ClearanceExplorer.jsx:51,Prints 0.009795 vs 0.0097947 (diff 3e-7); tol 5e-5.
welldesign,advanced,well10_min_sf,-,-0.6068571428571429,0.0005,none,[],True,,nextgen-panel,"{""decimals"": 6}",1.0,,1.4285714289297147e-07,,,False,,"/root/wt-b5-nextgen/src/components/course/panels/welldesign/ClearanceExplorer.jsx:51 (offset select default ""10 - well"", line 28)",/root/wt-b5-nextgen/src/components/course/panels/welldesign/ClearanceExplorer.jsx:51,Prints -0.606857; tol 0.0005; kickoff depth is applied from the fixture (welldesignLab.js:285).
welldesign,advanced,well10_min_sf_at_k5,-,-0.4248,0.0005,none,[],False,,nextgen-panel,"{""decimals"": 6}",1.0,,0.0,,,False,,"/root/wt-b5-nextgen/src/components/course/panels/welldesign/ClearanceExplorer.jsx:99 (view ""What it moves with"", row ""confidence factor k 5.0"", welldesignLab.js:306)",/root/wt-b5-nextgen/src/components/course/panels/welldesign/ClearanceExplorer.jsx:99,"Sensitivity table prints fmt(r.minSf, 6) = -0.4248 (value -0.4248 exactly, trailing zeros trimmed); tol 0.0005."
welldesign,advanced,wmm_max_declination_error_deg,deg,0.00461482429820137,5e-06,none,[],False,,nextgen-panel,"{""decimals"": 8}",1.0,,4.298201369476451e-09,,,False,,"/root/wt-b5-nextgen/src/components/course/panels/welldesign/ClearanceExplorer.jsx:177 (view ""The reference frame"")",/root/wt-b5-nextgen/src/components/course/panels/welldesign/ClearanceExplorer.jsx:177,"Note line prints fmt(check.maxDeclinationError, 8) = 0.00461482 vs 0.004614824; tol 5e-6. The per-point table (line 170) also prints dError to 6 dp."
welldesign,advanced,wmm_declination_at_80n_0e,deg,1.2814821161348655,5e-05,none,[],False,,nextgen-panel,"{""decimals"": 5}",1.0,,2.1161348655596157e-06,,,False,,"/root/wt-b5-nextgen/src/components/course/panels/welldesign/ClearanceExplorer.jsx:140-146 (Latitude/Longitude NumFields, default 60/2) and :169 (NOAA table row 80N 0E, 2025.0, h 0)","/root/wt-b5-nextgen/src/components/course/panels/welldesign/ClearanceExplorer.jsx:146,169","Entering 80 / 0 gives Tile 'Declination' fmt(f.declinationDeg, 5) = 1.28148 at the default decimalYear 2025, heightKm 0 (welldesignLab.js:319); the NOAA table's first row prints the same 5 dp. Diff 2e-6, tol 5e-5."
welltest,beginner,horner_k_md,mD,82.49005478363101,0.05,none,[],True,,nextgen-panel,"{""decimals"": 3}",1.0,,5.478363101474315e-05,,,True,,/root/wt-b5-nextgen/src/components/course/panels/welltest/BuildupExplorer.jsx:25 (fit cut defaults to 5 h = the capstone window),"/root/wt-b5-nextgen/src/components/course/panels/welltest/BuildupExplorer.jsx:86 fmt(fit.k, 3); /root/wt-b5-nextgen/src/components/course/panels/welltest/BuildupExplorer.jsx:15 fmt = toLocaleString en-US, maximumFractionDigits d","Tile 82.49 (up to 3 decimals, trailing zeros dropped); tol 0.05. The least-squares fit needs the fixture pressures, which only the panel carries."
welltest,beginner,horner_skin,-,6.075741352818642,0.005,none,[],True,,nextgen-panel,"{""decimals"": 3}",1.0,,0.0002586471813579294,,,True,,/root/wt-b5-nextgen/src/components/course/panels/welltest/BuildupExplorer.jsx:25 (fit cut defaults to 5 h = the capstone window),"/root/wt-b5-nextgen/src/components/course/panels/welltest/BuildupExplorer.jsx:87 fmt(fit.skin, 3)",Tile 6.076; tol 0.005 is ten times the half unit.
welltest,beginner,horner_slope_psi_cycle,psi/cycle,22.175400474615625,0.005,none,[],True,,nextgen-panel,"{""decimals"": 3}",1.0,,0.00040047461562409126,,,True,,/root/wt-b5-nextgen/src/components/course/panels/welltest/BuildupExplorer.jsx:25 (fit cut defaults to 5 h = the capstone window),"/root/wt-b5-nextgen/src/components/course/panels/welltest/BuildupExplorer.jsx:88 fmt(fit.m, 3)",Tile 22.175; tol 0.005.
welltest,beginner,horner_pstar_psia,psia,4800.151625643111,0.05,none,[],True,,nextgen-panel,"{""decimals"": 3}",1.0,,0.00037435688864206895,,,True,,/root/wt-b5-nextgen/src/components/course/panels/welltest/BuildupExplorer.jsx:25 (fit cut defaults to 5 h = the capstone window),"/root/wt-b5-nextgen/src/components/course/panels/welltest/BuildupExplorer.jsx:89 fmt(fit.pStar, 3)","Tile 4,800.152; tol 0.05."
welltest,beginner,skin_dp_psi,psi,116.99974214185609,0.05,none,[],True,,nextgen-panel,"{""decimals"": 2}",1.0,,0.00025785814391099393,,,True,,/root/wt-b5-nextgen/src/components/course/panels/welltest/BuildupExplorer.jsx:25 (fit cut defaults to 5 h = the capstone window),"/root/wt-b5-nextgen/src/components/course/panels/welltest/BuildupExplorer.jsx:91 fmt(fit.dpSkin, 2)","Tile 117.00; also 0.87 m s by hand from the reported slope and skin (0.87 x 22.175 x 6.0757 = 117.2 with rounded inputs, so the tile is the safer route); tol 0.05."
welltest,beginner,ri_at_tp_ft,ft,1269.4036637344336,0.5,none,[],True,,nextgen-panel,"{""decimals"": 1}",1.0,,0.003663734433530408,,,True,,/root/wt-b5-nextgen/src/components/course/panels/welltest/BuildupExplorer.jsx:25 (fit cut defaults to 5 h = the capstone window),"/root/wt-b5-nextgen/src/components/course/panels/welltest/BuildupExplorer.jsx:92 fmt(fit.riAtTp, 1)","Tile 1,269.4 ft; tol 0.5."
welltest,intermediate,radial_plateau_psi,psi,9.590852793412228,0.005,none,[],True,,nextgen-panel,"{""decimals"": 4}",1.0,,4.7206587771242425e-05,,,True,,"/root/wt-b5-nextgen/src/components/course/panels/welltest/DiagnosticExplorer.jsx:81-82 (defaults buildup, L 0.1)","/root/wt-b5-nextgen/src/components/course/panels/welltest/DiagnosticExplorer.jsx:127 fmt(late, 4); /root/wt-b5-nextgen/src/components/course/panels/welltest/DiagnosticExplorer.jsx:16 fmt = toLocaleString en-US, maximumFractionDigits d",Late derivative plateau 9.5909 psi; tol 0.005.
welltest,intermediate,fault_late_k_md,mD,45.25748634072017,0.05,none,[],True,,nextgen-panel,"{""decimals"": 3}",1.0,,0.00048634072017250674,,,False,,/root/wt-b5-nextgen/src/components/course/panels/welltest/DiagnosticExplorer.jsx:81 (dataset select: Sealing fault),"/root/wt-b5-nextgen/src/components/course/panels/welltest/DiagnosticExplorer.jsx:35 fmt(f.late.k, 3)",Late line permeability 45.257 mD over 200 to 1000 h; tol 0.05.
welltest,intermediate,fault_slope_ratio,-,1.795381509640958,0.002,none,[],False,,nextgen-panel,"{""decimals"": 5}",1.0,,1.5096409580195314e-06,,,False,,/root/wt-b5-nextgen/src/components/course/panels/welltest/DiagnosticExplorer.jsx:81 (Sealing fault),"/root/wt-b5-nextgen/src/components/course/panels/welltest/DiagnosticExplorer.jsx:36 fmt(f.slopeRatio, 5)",1.79538; tol 0.002.
welltest,intermediate,fracture_sqrt_slope,psi/sqrt(h),51.502350529498294,0.005,none,[],False,,nextgen-panel,"{""decimals"": 4}",1.0,,4.947050170756029e-05,,,False,,/root/wt-b5-nextgen/src/components/course/panels/welltest/DiagnosticExplorer.jsx:81 (Fractured well),"/root/wt-b5-nextgen/src/components/course/panels/welltest/DiagnosticExplorer.jsx:44 fmt(l.slope, 4)",51.5024 psi per sqrt hour over 0.1 to 10 h; tol 0.005.
welltest,intermediate,rect_drainage_area_ft2,ft2,2800109.0707769613,50.0,none,[],False,,nextgen-panel,"{""decimals"": 4}",2.295684113865932e-05,,1.7812230386771262,,,False,,/root/wt-b5-nextgen/src/components/course/panels/welltest/DiagnosticExplorer.jsx:81 (Closed rectangle),"/root/wt-b5-nextgen/src/components/course/panels/welltest/DiagnosticExplorer.jsx:55 fmt(r.areaAcres, 4) acres",The panel prints 64.2817 acres; x 43560 = 2800110.9 ft2 against 2800109.07 (half a unit at 4 decimals is 2.2 ft2); tol 50 ft2 covers it.
welltest,intermediate,dp_dip_ratio,-,0.27750746082216926,0.0005,none,[],False,,nextgen-panel,"{""decimals"": 5}",1.0,,2.53917783071822e-06,,,False,,/root/wt-b5-nextgen/src/components/course/panels/welltest/DiagnosticExplorer.jsx:81 (Dual porosity),"/root/wt-b5-nextgen/src/components/course/panels/welltest/DiagnosticExplorer.jsx:64 fmt(d.dipRatio, 5)",0.27751; tol 5e-4.
welltest,advanced,fault_fit_distance_ft,ft,793.8937564207687,1.0,none,[],True,,nextgen-panel,"{""sigfigs"": 10}",1.0,,2.076865257549798e-08,,,False,,/root/wt-b5-nextgen/src/components/course/panels/welltest/RegressionExplorer.jsx:37-38 (model and fixture selects: sealing fault on the sealing fault drawdown),"/root/wt-b5-nextgen/src/components/course/panels/welltest/RegressionExplorer.jsx:13 fmt = toLocaleString en-US, maximumSignificantDigits 10",Fitted distance 793.893756 ft at the catalog defaults; tol 1 ft.
welltest,advanced,multirate_k_md,mD,83.40692632353809,0.05,none,[],False,,nextgen-panel,"{""sigfigs"": 10}",1.0,,3.538090709298558e-09,,,False,,/root/wt-b5-nextgen/src/components/course/panels/welltest/RegressionExplorer.jsx:196 (mode select: production data),"/root/wt-b5-nextgen/src/components/course/panels/welltest/RegressionExplorer.jsx:138 fmt(mr.multiRate.k, 4) with maximumSignificantDigits 10 (/root/wt-b5-nextgen/src/components/course/panels/welltest/RegressionExplorer.jsx:13 fmt = toLocaleString en-US, maximumSignificantDigits 10)",83.40692632 mD; tol 0.05.
welltest,advanced,equivalent_producing_time_h,hours,64.28571428571429,0.005,none,[],False,,hand-calc,full,1.0,,0.0,,,False,,/root/wt-b5-nextgen/src/content/courses/welltest/advanced/m03-rate-history/l02-the-equivalent-producing-time.md,"/root/wt-b5-nextgen/src/components/course/panels/welltest/RegressionExplorer.jsx:140 fmt(mr.equivalentTp, 5)",(450 x 24 + 250 x 36 + 700 x 36) / 700 = 64.285714 from the prompt's rates; the panel prints 64.28571429; tol 0.005.
welltest,advanced,aof_disagreement_pct,percent,4.049138750335787,0.005,none,[],False,,nextgen-panel,"{""sigfigs"": 10}",1.0,,3.3578739788708845e-10,,,False,,/root/wt-b5-nextgen/src/components/course/panels/welltest/RegressionExplorer.jsx:196 (production data mode),"/root/wt-b5-nextgen/src/components/course/panels/welltest/RegressionExplorer.jsx:149 fmt(dl.aofGapPct, 4)",4.04913875 percent; tol 0.005. A spreadsheet can also fit both deliverability forms to the three stated points (linear least squares in log space and in p-squared space).
welltest,advanced,rta_oil_n_stb,stb,1996864.3157109257,5.0,none,[],False,,nextgen-panel,"{""decimals"": 1}",1.0,,0.015710925683379173,,,False,,/root/wt-b5-nextgen/src/components/course/panels/welltest/RegressionExplorer.jsx:196 (production data mode),"/root/wt-b5-nextgen/src/components/course/panels/welltest/RegressionExplorer.jsx:141 fmt(oil.N, 1)","1,996,864.3 stb; tol 5."
welltest,advanced,rta_gas_g_mscf,Mscf,19960373.229717568,50.0,none,[],False,,nextgen-panel,"{""decimals"": 1}",1.0,,0.029717568308115005,,,False,,/root/wt-b5-nextgen/src/components/course/panels/welltest/RegressionExplorer.jsx:196 (production data mode),"/root/wt-b5-nextgen/src/components/course/panels/welltest/RegressionExplorer.jsx:143 fmt(gas.G, 1)","19,960,373.2 Mscf after the dynamic material balance iteration; tol 50."
